Chain
	Aln	2	+SRR33939694.35/1 142 1544 1548 +edge_2_0_+disjointig_2_0_44285 18554 19968 44285 -1 -1 1116 0.0207005
Chain
	Aln	3	-SRR33939694.35/1 3 1405 1548 -edge_2_0_+disjointig_2_0_44285 24316 25730 44285 -1 -1 1116 0.0207005
Chain
	Aln	3	+SRR33939694.51/1 128 1204 1208 -edge_2_0_+disjointig_2_0_44285 23613 24721 44285 -1 -1 898 0.0189961
Chain
	Aln	2	-SRR33939694.51/1 3 1079 1208 +edge_2_0_+disjointig_2_0_44285 19563 20671 44285 -1 -1 898 0.0189961
Chain
	Aln	2	+SRR33939694.79/1 198 1473 1501 +edge_2_0_+disjointig_2_0_44285 18320 19598 44285 -1 -1 777 0.0451264
Chain
	Aln	3	-SRR33939694.79/1 27 1302 1501 -edge_2_0_+disjointig_2_0_44285 24686 25964 44285 -1 -1 777 0.0451264
Chain
	Aln	3	+SRR33939694.191/1 109 1260 1263 -edge_2_0_+disjointig_2_0_44285 39360 40509 44285 -1 -1 1041 0.0126303
Chain
	Aln	2	-SRR33939694.191/1 2 1153 1263 +edge_2_0_+disjointig_2_0_44285 3775 4924 44285 -1 -1 1041 0.0126303
Chain
	Aln	2	+SRR33939694.229/1 126 1302 1323 +edge_2_0_+disjointig_2_0_44285 29834 31037 44285 -1 -1 856 0.0250563
Chain
	Aln	3	-SRR33939694.229/1 20 1196 1323 -edge_2_0_+disjointig_2_0_44285 13247 14450 44285 -1 -1 856 0.0250563
Chain
	Aln	2	+SRR33939694.128/1 155 1768 1772 +edge_2_0_+disjointig_2_0_44285 38195 39808 44285 -1 -1 1307 0.0194247
Chain
	Aln	3	-SRR33939694.128/1 3 1616 1772 -edge_2_0_+disjointig_2_0_44285 4476 6089 44285 -1 -1 1307 0.0194247
Chain
	Aln	2	+SRR33939694.278/1 123 1339 1348 +edge_2_0_+disjointig_2_0_44285 10808 12028 44285 -1 -1 1016 0.0246604
Chain
	Aln	3	-SRR33939694.278/1 8 1224 1348 -edge_2_0_+disjointig_2_0_44285 32256 33476 44285 -1 -1 1016 0.0246604
Chain
	Aln	2	+SRR33939694.285/1 160 1168 1174 +edge_2_0_+disjointig_2_0_44285 39867 40869 44285 -1 -1 776 0.0254605
Chain
	Aln	3	-SRR33939694.285/1 5 1013 1174 -edge_2_0_+disjointig_2_0_44285 3415 4417 44285 -1 -1 776 0.0254605
Chain
	Aln	2	+SRR33939694.166/1 144 2697 2704 +edge_2_0_+disjointig_2_0_44285 12808 15432 44285 -1 -1 1785 0.0383077
Chain
	Aln	3	-SRR33939694.166/1 6 2559 2704 -edge_2_0_+disjointig_2_0_44285 28852 31476 44285 -1 -1 1785 0.0383077
Chain
	Aln	3	+SRR33939694.305/1 143 1714 1721 -edge_2_0_+disjointig_2_0_44285 27548 29127 44285 -1 -1 1307 0.0187318
Chain
	Aln	2	-SRR33939694.305/1 6 1577 1721 +edge_2_0_+disjointig_2_0_44285 15157 16736 44285 -1 -1 1307 0.0187318
Chain
	Aln	3	+SRR33939694.475/1 130 1233 1240 -edge_2_0_+disjointig_2_0_44285 25109 26200 44285 -1 -1 795 0.0278649
Chain
	Aln	2	-SRR33939694.475/1 6 1109 1240 +edge_2_0_+disjointig_2_0_44285 18084 19175 44285 -1 -1 795 0.0278649
Chain
	Aln	3	+SRR33939694.353/1 117 1576 1607 -edge_2_0_+disjointig_2_0_44285 25432 26889 44285 -1 -1 1348 0.0102684
Chain
	Aln	2	-SRR33939694.353/1 30 1489 1607 +edge_2_0_+disjointig_2_0_44285 17395 18852 44285 -1 -1 1348 0.0102684
Chain
	Aln	3	+SRR33939694.687/1 128 1569 1589 -edge_2_0_+disjointig_2_0_44285 28837 30267 44285 -1 -1 1177 0.0269019
Chain
	Aln	2	-SRR33939694.687/1 19 1460 1589 +edge_2_0_+disjointig_2_0_44285 14017 15447 44285 -1 -1 1177 0.0269019
Chain
	Aln	2	+SRR33939694.761/1 117 1529 1535 +edge_2_0_+disjointig_2_0_44285 4229 5645 44285 -1 -1 1284 0.0112075
Chain
	Aln	3	-SRR33939694.761/1 5 1417 1535 -edge_2_0_+disjointig_2_0_44285 38639 40055 44285 -1 -1 1284 0.0112075
Chain
	Aln	3	+SRR33939694.781/1 145 1300 1306 -edge_2_0_+disjointig_2_0_44285 35876 37037 44285 -1 -1 1008 0.0167271
Chain
	Aln	2	-SRR33939694.781/1 5 1160 1306 +edge_2_0_+disjointig_2_0_44285 7247 8408 44285 -1 -1 1008 0.0167271
Chain
	Aln	3	+SRR33939694.705/1 105 1310 1319 -edge_2_0_+disjointig_2_0_44285 31176 32384 44285 -1 -1 1067 0.0124215
Chain
	Aln	2	-SRR33939694.705/1 8 1213 1319 +edge_2_0_+disjointig_2_0_44285 11900 13108 44285 -1 -1 1067 0.0124215
Chain
	Aln	2	+SRR33939694.671/1 122 1946 1964 +edge_2_0_+disjointig_2_0_44285 21458 23299 44285 -1 -1 1392 0.0255526
Chain
	Aln	3	-SRR33939694.671/1 17 1841 1964 -edge_2_0_+disjointig_2_0_44285 20985 22826 44285 -1 -1 1392 0.0255526
Chain
	Aln	3	+SRR33939694.828/1 148 1201 1207 -edge_2_0_+disjointig_2_0_44285 38133 39199 44285 -1 -1 897 0.0249241
Chain
	Aln	2	-SRR33939694.828/1 5 1058 1207 +edge_2_0_+disjointig_2_0_44285 5085 6151 44285 -1 -1 897 0.0249241
Chain
	Aln	2	+SRR33939694.859/1 122 1175 1181 +edge_2_0_+disjointig_2_0_44285 41634 42698 44285 -1 -1 793 0.0276605
Chain
	Aln	3	-SRR33939694.859/1 5 1058 1181 -edge_2_0_+disjointig_2_0_44285 1586 2650 44285 -1 -1 793 0.0276605
Chain
	Aln	3	+SRR33939694.844/1 115 1628 1672 -edge_2_0_+disjointig_2_0_44285 35869 37413 44285 -1 -1 1148 0.0258743
Chain
	Aln	2	-SRR33939694.844/1 43 1556 1672 +edge_2_0_+disjointig_2_0_44285 6871 8415 44285 -1 -1 1148 0.0258743
Chain
	Aln	2	+SRR33939694.869/1 117 1388 1391 +edge_2_0_+disjointig_2_0_44285 1941 3237 44285 -1 -1 843 0.0402437
Chain
	Aln	3	-SRR33939694.869/1 2 1273 1391 -edge_2_0_+disjointig_2_0_44285 41047 42343 44285 -1 -1 843 0.0402437
Chain
	Aln	3	+SRR33939694.1119/1 126 1258 1264 -edge_2_0_+disjointig_2_0_44285 1892 3023 44285 -1 -1 1014 0.0102751
Chain
	Aln	2	-SRR33939694.1119/1 5 1137 1264 +edge_2_0_+disjointig_2_0_44285 41261 42392 44285 -1 -1 1014 0.0102751
Chain
	Aln	3	+SRR33939694.1055/1 126 1584 1592 -edge_2_0_+disjointig_2_0_44285 41472 42940 44285 -1 -1 1269 0.0133289
Chain
	Aln	2	-SRR33939694.1055/1 7 1465 1592 +edge_2_0_+disjointig_2_0_44285 1344 2812 44285 -1 -1 1269 0.0133289
Chain
	Aln	2	+SRR33939694.974/1 149 2369 2408 +edge_2_0_+disjointig_2_0_44285 41708 43939 44285 -1 -1 2000 0.012375
Chain
	Aln	3	-SRR33939694.974/1 38 2258 2408 -edge_2_0_+disjointig_2_0_44285 345 2576 44285 -1 -1 2000 0.012375
Chain
	Aln	3	+SRR33939694.1125/1 113 1514 1520 -edge_2_0_+disjointig_2_0_44285 39544 40950 44285 -1 -1 1024 0.0334117
Chain
	Aln	2	-SRR33939694.1125/1 5 1406 1520 +edge_2_0_+disjointig_2_0_44285 3334 4740 44285 -1 -1 1024 0.0334117
Chain
	Aln	2	+SRR33939694.1168/1 114 1163 1167 +edge_2_0_+disjointig_2_0_44285 17513 18564 44285 -1 -1 919 0.0139085
Chain
	Aln	3	-SRR33939694.1168/1 3 1052 1167 -edge_2_0_+disjointig_2_0_44285 25720 26771 44285 -1 -1 919 0.0139085
Chain
	Aln	2	+SRR33939694.1205/1 115 1281 1313 +edge_2_0_+disjointig_2_0_44285 10370 11541 44285 -1 -1 1022 0.0183521
Chain
	Aln	3	-SRR33939694.1205/1 31 1197 1313 -edge_2_0_+disjointig_2_0_44285 32743 33914 44285 -1 -1 1022 0.0183521
Chain
	Aln	2	+SRR33939694.1223/1 105 1386 1396 +edge_2_0_+disjointig_2_0_44285 1272 2573 44285 -1 -1 829 0.0361815
Chain
	Aln	3	-SRR33939694.1223/1 9 1290 1396 -edge_2_0_+disjointig_2_0_44285 41711 43012 44285 -1 -1 829 0.0361815
Chain
	Aln	2	+SRR33939694.1314/1 119 1636 1649 +edge_2_0_+disjointig_2_0_44285 40597 42120 44285 -1 -1 1330 0.0138584
Chain
	Aln	3	-SRR33939694.1314/1 12 1529 1649 -edge_2_0_+disjointig_2_0_44285 2164 3687 44285 -1 -1 1330 0.0138584
Chain
	Aln	2	+SRR33939694.1427/1 117 1296 1300 +edge_2_0_+disjointig_2_0_44285 7171 8364 44285 -1 -1 1042 0.0123512
Chain
	Aln	3	-SRR33939694.1427/1 3 1182 1300 -edge_2_0_+disjointig_2_0_44285 35920 37113 44285 -1 -1 1042 0.0123512
Chain
	Aln	1	+SRR33939694.1198/1 276 2901 2907 -edge_1_0_+disjointig_1_0_47382 8077 10752 47382 -1 -1 1825 0.0317034
Chain
	Aln	0	-SRR33939694.1198/1 5 2630 2907 +edge_1_0_+disjointig_1_0_47382 36629 39304 47382 -1 -1 1825 0.0317034
Chain
	Aln	3	+SRR33939694.1452/1 143 1538 1543 -edge_2_0_+disjointig_2_0_44285 27223 28646 44285 -1 -1 1187 0.0247619
Chain
	Aln	2	-SRR33939694.1452/1 4 1399 1543 +edge_2_0_+disjointig_2_0_44285 15638 17061 44285 -1 -1 1187 0.0247619
Chain
	Aln	3	+SRR33939694.1588/1 121 1211 1217 -edge_2_0_+disjointig_2_0_44285 32743 33833 44285 -1 -1 1055 0.00637513
Chain
	Aln	2	-SRR33939694.1588/1 5 1095 1217 +edge_2_0_+disjointig_2_0_44285 10451 11541 44285 -1 -1 1055 0.00637513
Chain
	Aln	3	+SRR33939694.1523/1 156 1278 1280 -edge_2_0_+disjointig_2_0_44285 21663 22812 44285 -1 -1 678 0.0410873
Chain
	Aln	2	-SRR33939694.1523/1 1 1123 1280 +edge_2_0_+disjointig_2_0_44285 21472 22621 44285 -1 -1 678 0.0410873
Chain
	Aln	2	+SRR33939694.1594/1 116 1598 1602 +edge_2_0_+disjointig_2_0_44285 25287 26762 44285 -1 -1 1310 0.0147217
Chain
	Aln	3	-SRR33939694.1594/1 3 1485 1602 -edge_2_0_+disjointig_2_0_44285 17522 18997 44285 -1 -1 1310 0.0147217
Chain
	Aln	3	+SRR33939694.1842/1 142 1162 1164 -edge_2_0_+disjointig_2_0_44285 17995 19025 44285 -1 -1 923 0.0147021
Chain
	Aln	2	-SRR33939694.1842/1 1 1021 1164 +edge_2_0_+disjointig_2_0_44285 25259 26289 44285 -1 -1 923 0.0147021
Chain
	Aln	3	+SRR33939694.1769/1 117 1778 1783 -edge_2_0_+disjointig_2_0_44285 15117 16807 44285 -1 -1 1292 0.0292708
Chain
	Aln	2	-SRR33939694.1769/1 4 1665 1783 +edge_2_0_+disjointig_2_0_44285 27477 29167 44285 -1 -1 1292 0.0292708
Chain
	Aln	2	+SRR33939694.1871/1 119 1145 1149 +edge_2_0_+disjointig_2_0_44285 6330 7363 44285 -1 -1 811 0.0194809
Chain
	Aln	3	-SRR33939694.1871/1 3 1029 1149 -edge_2_0_+disjointig_2_0_44285 36921 37954 44285 -1 -1 811 0.0194809
Chain
	Aln	2	+SRR33939694.1985/1 112 1156 1158 +edge_2_0_+disjointig_2_0_44285 28651 29700 44285 -1 -1 831 0.0293077
Chain
	Aln	3	-SRR33939694.1985/1 1 1045 1158 -edge_2_0_+disjointig_2_0_44285 14584 15633 44285 -1 -1 831 0.0293077
Chain
	Aln	1	+SRR33939694.1966/1 226 1314 1325 -edge_1_0_+disjointig_1_0_47382 34365 35456 47382 -1 -1 891 0.0193078
Chain
	Aln	0	-SRR33939694.1966/1 10 1098 1325 +edge_1_0_+disjointig_1_0_47382 11925 13016 47382 -1 -1 891 0.0193078
Chain
	Aln	3	+SRR33939694.2055/1 113 1560 1570 -edge_2_0_+disjointig_2_0_44285 21635 23094 44285 -1 -1 1185 0.0190729
Chain
	Aln	2	-SRR33939694.2055/1 9 1456 1570 +edge_2_0_+disjointig_2_0_44285 21190 22649 44285 -1 -1 1185 0.0190729
Chain
	Aln	2	+SRR33939694.2130/1 113 1152 1155 +edge_2_0_+disjointig_2_0_44285 26169 27211 44285 -1 -1 717 0.0458363
Chain
	Aln	3	-SRR33939694.2130/1 2 1041 1155 -edge_2_0_+disjointig_2_0_44285 17073 18115 44285 -1 -1 717 0.0458363
Chain
	Aln	2	+SRR33939694.2079/1 131 1324 1353 +edge_2_0_+disjointig_2_0_44285 35500 36739 44285 -1 -1 687 0.0560223
Chain
	Aln	3	-SRR33939694.2079/1 28 1221 1353 -edge_2_0_+disjointig_2_0_44285 7545 8784 44285 -1 -1 687 0.0560223
Chain
	Aln	3	+SRR33939694.2253/1 138 1252 1278 -edge_2_0_+disjointig_2_0_44285 30570 31696 44285 -1 -1 695 0.0471098
Chain
	Aln	2	-SRR33939694.2253/1 25 1139 1278 +edge_2_0_+disjointig_2_0_44285 12588 13714 44285 -1 -1 695 0.0471098
Chain
	Aln	3	+SRR33939694.2356/1 116 1193 1199 -edge_2_0_+disjointig_2_0_44285 6521 7606 44285 -1 -1 881 0.0232479
Chain
	Aln	2	-SRR33939694.2356/1 5 1082 1199 +edge_2_0_+disjointig_2_0_44285 36678 37763 44285 -1 -1 881 0.0232479
Chain
	Aln	2	+SRR33939694.2504/1 117 1230 1236 +edge_2_0_+disjointig_2_0_44285 20343 21461 44285 -1 -1 1026 0.0130455
Chain
	Aln	3	-SRR33939694.2504/1 5 1118 1236 -edge_2_0_+disjointig_2_0_44285 22823 23941 44285 -1 -1 1026 0.0130455
Chain
	Aln	3	+SRR33939694.2544/1 128 1178 1182 -edge_2_0_+disjointig_2_0_44285 13015 14071 44285 -1 -1 836 0.0225455
Chain
	Aln	2	-SRR33939694.2544/1 3 1053 1182 +edge_2_0_+disjointig_2_0_44285 30213 31269 44285 -1 -1 836 0.0225455
Chain
	Aln	3	+SRR33939694.2386/1 118 1314 1325 -edge_2_0_+disjointig_2_0_44285 31528 32719 44285 -1 -1 948 0.024713
Chain
	Aln	2	-SRR33939694.2386/1 10 1206 1325 +edge_2_0_+disjointig_2_0_44285 11565 12756 44285 -1 -1 948 0.024713
Chain
	Aln	3	+SRR33939694.2705/1 122 1949 1981 -edge_2_0_+disjointig_2_0_44285 12323 14158 44285 -1 -1 1456 0.0199269
Chain
	Aln	2	-SRR33939694.2705/1 31 1858 1981 +edge_2_0_+disjointig_2_0_44285 30126 31961 44285 -1 -1 1456 0.0199269
Chain
	Aln	0	+SRR33939694.2737/1 558 1838 1844 +edge_1_0_+disjointig_1_0_47382 7244 8534 47382 -1 -1 1077 0.0244235
Chain
	Aln	1	-SRR33939694.2737/1 5 1285 1844 -edge_1_0_+disjointig_1_0_47382 38847 40137 47382 -1 -1 1077 0.0244235
Chain
	Aln	2	+SRR33939694.2738/1 122 1476 1544 +edge_2_0_+disjointig_2_0_44285 17477 18849 44285 -1 -1 960 0.0348823
Chain
	Aln	3	-SRR33939694.2738/1 67 1421 1544 -edge_2_0_+disjointig_2_0_44285 25435 26807 44285 -1 -1 960 0.0348823
Chain
	Aln	3	+SRR33939694.2916/1 115 1626 1633 -edge_2_0_+disjointig_2_0_44285 24239 25752 44285 -1 -1 1422 0.00498165
Chain
	Aln	2	-SRR33939694.2916/1 6 1517 1633 +edge_2_0_+disjointig_2_0_44285 18532 20045 44285 -1 -1 1422 0.00498165
Chain
	Aln	2	+SRR33939694.3064/1 138 1303 1311 +edge_2_0_+disjointig_2_0_44285 27371 28546 44285 -1 -1 1023 0.0148978
Chain
	Aln	3	-SRR33939694.3064/1 7 1172 1311 -edge_2_0_+disjointig_2_0_44285 15738 16913 44285 -1 -1 1023 0.0148978
Chain
	Aln	3	+SRR33939694.3095/1 118 1128 1152 -edge_2_0_+disjointig_2_0_44285 43272 44278 44285 -1 -1 731 0.0346447
Chain
	Aln	2	-SRR33939694.3095/1 23 1033 1152 +edge_2_0_+disjointig_2_0_44285 6 1012 44285 -1 -1 731 0.0346447
Chain
	Aln	2	+SRR33939694.2824/1 110 3116 3122 +edge_2_0_+disjointig_2_0_44285 37416 40477 44285 -1 -1 2022 0.0386058
Chain
	Aln	3	-SRR33939694.2824/1 5 3011 3122 -edge_2_0_+disjointig_2_0_44285 3807 6868 44285 -1 -1 2022 0.0386058
Chain
	Aln	2	+SRR33939694.3229/1 125 1365 1384 +edge_2_0_+disjointig_2_0_44285 28019 29272 44285 -1 -1 855 0.0423526
Chain
	Aln	3	-SRR33939694.3229/1 18 1258 1384 -edge_2_0_+disjointig_2_0_44285 15012 16265 44285 -1 -1 855 0.0423526
Chain
	Aln	3	+SRR33939694.3283/1 123 1501 1507 -edge_2_0_+disjointig_2_0_44285 18398 19773 44285 -1 -1 1211 0.0130183
Chain
	Aln	2	-SRR33939694.3283/1 5 1383 1507 +edge_2_0_+disjointig_2_0_44285 24511 25886 44285 -1 -1 1211 0.0130183
Chain
	Aln	2	+SRR33939694.3311/1 121 1289 1291 +edge_2_0_+disjointig_2_0_44285 33523 34700 44285 -1 -1 896 0.0293775
Chain
	Aln	3	-SRR33939694.3311/1 1 1169 1291 -edge_2_0_+disjointig_2_0_44285 9584 10761 44285 -1 -1 896 0.0293775
Chain
	Aln	3	+SRR33939694.3355/1 120 1405 1438 -edge_2_0_+disjointig_2_0_44285 39281 40558 44285 -1 -1 1153 0.0157268
Chain
	Aln	2	-SRR33939694.3355/1 32 1317 1438 +edge_2_0_+disjointig_2_0_44285 3726 5003 44285 -1 -1 1153 0.0157268
Chain
	Aln	3	+SRR33939694.3362/1 120 1154 1161 -edge_2_0_+disjointig_2_0_44285 41498 42537 44285 -1 -1 924 0.0120758
Chain
	Aln	2	-SRR33939694.3362/1 6 1040 1161 +edge_2_0_+disjointig_2_0_44285 1747 2786 44285 -1 -1 924 0.0120758
Chain
	Aln	3	+SRR33939694.3366/1 136 1852 1856 -edge_2_0_+disjointig_2_0_44285 8946 10666 44285 -1 -1 1503 0.0158732
Chain
	Aln	2	-SRR33939694.3366/1 3 1719 1856 +edge_2_0_+disjointig_2_0_44285 33618 35338 44285 -1 -1 1503 0.0158732
Chain
	Aln	1	+SRR33939694.3373/1 206 1423 1462 -edge_1_0_+disjointig_1_0_47382 38096 39325 47382 -1 -1 938 0.0246913
Chain
	Aln	0	-SRR33939694.3373/1 38 1255 1462 +edge_1_0_+disjointig_1_0_47382 8056 9285 47382 -1 -1 938 0.0246913
Chain
	Aln	3	+SRR33939694.3517/1 155 1293 1302 -edge_2_0_+disjointig_2_0_44285 2739 3891 44285 -1 -1 946 0.0204865
Chain
	Aln	2	-SRR33939694.3517/1 8 1146 1302 +edge_2_0_+disjointig_2_0_44285 40393 41545 44285 -1 -1 946 0.0204865
Chain
	Aln	3	+SRR33939694.2767/1 132 5894 5904 -edge_2_0_+disjointig_2_0_44285 18408 24181 44285 -1 -1 4172 0.0327599
Chain
	Aln	2	-SRR33939694.2767/1 9 5771 5904 +edge_2_0_+disjointig_2_0_44285 20103 25876 44285 -1 -1 4172 0.0327599
Chain
	Aln	3	+SRR33939694.3596/1 115 1374 1378 -edge_2_0_+disjointig_2_0_44285 42394 43657 44285 -1 -1 1143 0.0118253
Chain
	Aln	2	-SRR33939694.3596/1 3 1262 1378 +edge_2_0_+disjointig_2_0_44285 627 1890 44285 -1 -1 1143 0.0118253
Chain
	Aln	3	+SRR33939694.3522/1 122 1581 1595 -edge_2_0_+disjointig_2_0_44285 30201 31664 44285 -1 -1 1122 0.0270887
Chain
	Aln	2	-SRR33939694.3522/1 13 1472 1595 +edge_2_0_+disjointig_2_0_44285 12620 14083 44285 -1 -1 1122 0.0270887
Chain
	Aln	3	+SRR33939694.3662/1 122 1159 1165 -edge_2_0_+disjointig_2_0_44285 41301 42354 44285 -1 -1 733 0.0388533
Chain
	Aln	2	-SRR33939694.3662/1 5 1042 1165 +edge_2_0_+disjointig_2_0_44285 1930 2983 44285 -1 -1 733 0.0388533
Chain
	Aln	1	+SRR33939694.3653/1 231 1521 1693 -edge_1_0_+disjointig_1_0_47382 46050 47364 47382 -1 -1 951 0.0323415
Chain
	Aln	0	-SRR33939694.3653/1 171 1461 1693 +edge_1_0_+disjointig_1_0_47382 17 1331 47382 -1 -1 951 0.0323415
Chain
	Aln	3	+SRR33939694.3688/1 111 1495 1498 -edge_2_0_+disjointig_2_0_44285 30099 31476 44285 -1 -1 1216 0.0162757
Chain
	Aln	2	-SRR33939694.3688/1 2 1386 1498 +edge_2_0_+disjointig_2_0_44285 12808 14185 44285 -1 -1 1216 0.0162757
Chain
	Aln	2	+SRR33939694.3773/1 115 1182 1192 +edge_2_0_+disjointig_2_0_44285 6424 7488 44285 -1 -1 956 0.00748062
Chain
	Aln	3	-SRR33939694.3773/1 9 1076 1192 -edge_2_0_+disjointig_2_0_44285 36796 37860 44285 -1 -1 956 0.00748062
Chain
	Aln	2	+SRR33939694.3776/1 113 1266 1273 +edge_2_0_+disjointig_2_0_44285 41336 42488 44285 -1 -1 1015 0.0120404
Chain
	Aln	3	-SRR33939694.3776/1 6 1159 1273 -edge_2_0_+disjointig_2_0_44285 1796 2948 44285 -1 -1 1015 0.0120404
Chain
	Aln	2	+SRR33939694.3651/1 127 2491 2510 +edge_2_0_+disjointig_2_0_44285 10036 12407 44285 -1 -1 1984 0.0185131
Chain
	Aln	3	-SRR33939694.3651/1 18 2382 2510 -edge_2_0_+disjointig_2_0_44285 31877 34248 44285 -1 -1 1984 0.0185131
Chain
	Aln	3	+SRR33939694.3869/1 125 1250 1263 -edge_2_0_+disjointig_2_0_44285 5780 6924 44285 -1 -1 869 0.0286167
Chain
	Aln	2	-SRR33939694.3869/1 12 1137 1263 +edge_2_0_+disjointig_2_0_44285 37360 38504 44285 -1 -1 869 0.0286167
Chain
	Aln	2	+SRR33939694.3968/1 116 1127 1131 +edge_2_0_+disjointig_2_0_44285 41004 42019 44285 -1 -1 832 0.0184469
Chain
	Aln	3	-SRR33939694.3968/1 3 1014 1131 -edge_2_0_+disjointig_2_0_44285 2265 3280 44285 -1 -1 832 0.0184469
Chain
	Aln	2	+SRR33939694.3958/1 136 1360 1380 +edge_2_0_+disjointig_2_0_44285 322 1567 44285 -1 -1 898 0.0345198
Chain
	Aln	3	-SRR33939694.3958/1 19 1243 1380 -edge_2_0_+disjointig_2_0_44285 42717 43962 44285 -1 -1 898 0.0345198
Chain
	Aln	2	+SRR33939694.3800/1 114 2496 2501 +edge_2_0_+disjointig_2_0_44285 16889 19294 44285 -1 -1 1359 0.0563276
Chain
	Aln	3	-SRR33939694.3800/1 4 2386 2501 -edge_2_0_+disjointig_2_0_44285 24990 27395 44285 -1 -1 1359 0.0563276
Chain
	Aln	2	+SRR33939694.4003/1 150 1493 1504 +edge_2_0_+disjointig_2_0_44285 27568 28911 44285 -1 -1 1188 0.017346
Chain
	Aln	3	-SRR33939694.4003/1 10 1353 1504 -edge_2_0_+disjointig_2_0_44285 15373 16716 44285 -1 -1 1188 0.017346
Chain
	Aln	2	+SRR33939694.4066/1 123 1486 1494 +edge_2_0_+disjointig_2_0_44285 25956 27326 44285 -1 -1 917 0.0365267
Chain
	Aln	3	-SRR33939694.4066/1 7 1370 1494 -edge_2_0_+disjointig_2_0_44285 16958 18328 44285 -1 -1 917 0.0365267
Chain
	Aln	2	+SRR33939694.4109/1 139 1786 1792 +edge_2_0_+disjointig_2_0_44285 4169 5835 44285 -1 -1 1355 0.0216059
Chain
	Aln	3	-SRR33939694.4109/1 5 1652 1792 -edge_2_0_+disjointig_2_0_44285 38449 40115 44285 -1 -1 1355 0.0216059
Chain
	Aln	3	+SRR33939694.4174/1 150 1225 1232 -edge_2_0_+disjointig_2_0_44285 14530 15633 44285 -1 -1 785 0.0433923
Chain
	Aln	2	-SRR33939694.4174/1 6 1081 1232 +edge_2_0_+disjointig_2_0_44285 28651 29754 44285 -1 -1 785 0.0433923
Chain
	Aln	2	+SRR33939694.4195/1 118 1341 1383 +edge_2_0_+disjointig_2_0_44285 38703 39922 44285 -1 -1 920 0.0276951
Chain
	Aln	3	-SRR33939694.4195/1 41 1264 1383 -edge_2_0_+disjointig_2_0_44285 4362 5581 44285 -1 -1 920 0.0276951
Chain
	Aln	3	+SRR33939694.4205/1 200 1286 1292 -edge_2_0_+disjointig_2_0_44285 14829 15942 44285 -1 -1 827 0.0369948
Chain
	Aln	2	-SRR33939694.4205/1 5 1091 1292 +edge_2_0_+disjointig_2_0_44285 28342 29455 44285 -1 -1 827 0.0369948
Chain
	Aln	3	+SRR33939694.4265/1 115 1157 1160 -edge_2_0_+disjointig_2_0_44285 33817 34863 44285 -1 -1 857 0.02381
Chain
	Aln	2	-SRR33939694.4265/1 2 1044 1160 +edge_2_0_+disjointig_2_0_44285 9421 10467 44285 -1 -1 857 0.02381
Chain
	Aln	3	+SRR33939694.4255/1 111 1261 1270 -edge_2_0_+disjointig_2_0_44285 31210 32366 44285 -1 -1 870 0.0265358
Chain
	Aln	2	-SRR33939694.4255/1 8 1158 1270 +edge_2_0_+disjointig_2_0_44285 11918 13074 44285 -1 -1 870 0.0265358
Chain
	Aln	3	+SRR33939694.4337/1 109 1232 1243 -edge_2_0_+disjointig_2_0_44285 39545 40692 44285 -1 -1 838 0.0355844
Chain
	Aln	2	-SRR33939694.4337/1 10 1133 1243 +edge_2_0_+disjointig_2_0_44285 3592 4739 44285 -1 -1 838 0.0355844
Chain
	Aln	3	+SRR33939694.4388/1 119 1377 1381 -edge_2_0_+disjointig_2_0_44285 22417 23677 44285 -1 -1 1145 0.011063
Chain
	Aln	2	-SRR33939694.4388/1 3 1261 1381 +edge_2_0_+disjointig_2_0_44285 20607 21867 44285 -1 -1 1145 0.011063
Chain
	Aln	3	+SRR33939694.4478/1 115 1160 1223 -edge_2_0_+disjointig_2_0_44285 9550 10632 44285 -1 -1 600 0.0501163
Chain
	Aln	2	-SRR33939694.4478/1 62 1107 1223 +edge_2_0_+disjointig_2_0_44285 33652 34734 44285 -1 -1 600 0.0501163
Chain
	Aln	2	+SRR33939694.4362/1 134 1333 1342 +edge_2_0_+disjointig_2_0_44285 31079 32286 44285 -1 -1 848 0.0336376
Chain
	Aln	3	-SRR33939694.4362/1 8 1207 1342 -edge_2_0_+disjointig_2_0_44285 11998 13205 44285 -1 -1 848 0.0336376
Chain
	Aln	3	+SRR33939694.4401/1 123 1365 1369 -edge_2_0_+disjointig_2_0_44285 30067 31345 44285 -1 -1 853 0.0389287
Chain
	Aln	2	-SRR33939694.4401/1 3 1245 1369 +edge_2_0_+disjointig_2_0_44285 12939 14217 44285 -1 -1 853 0.0389287
Chain
	Aln	2	+SRR33939694.4486/1 110 1592 1594 +edge_2_0_+disjointig_2_0_44285 20419 21909 44285 -1 -1 1284 0.0170325
Chain
	Aln	3	-SRR33939694.4486/1 1 1483 1594 -edge_2_0_+disjointig_2_0_44285 22375 23865 44285 -1 -1 1284 0.0170325
Chain
	Aln	3	+SRR33939694.4522/1 143 1497 1566 -edge_2_0_+disjointig_2_0_44285 12069 13425 44285 -1 -1 1003 0.0285083
Chain
	Aln	2	-SRR33939694.4522/1 68 1422 1566 +edge_2_0_+disjointig_2_0_44285 30859 32215 44285 -1 -1 1003 0.0285083
Chain
	Aln	2	+SRR33939694.4564/1 117 1161 1168 +edge_2_0_+disjointig_2_0_44285 13507 14560 44285 -1 -1 776 0.0321233
Chain
	Aln	3	-SRR33939694.4564/1 6 1050 1168 -edge_2_0_+disjointig_2_0_44285 29724 30777 44285 -1 -1 776 0.0321233
Chain
	Aln	2	+SRR33939694.4559/1 121 1492 1504 +edge_2_0_+disjointig_2_0_44285 14130 15507 44285 -1 -1 1135 0.0224839
Chain
	Aln	3	-SRR33939694.4559/1 11 1382 1504 -edge_2_0_+disjointig_2_0_44285 28777 30154 44285 -1 -1 1135 0.0224839
Chain
	Aln	2	+SRR33939694.4585/1 108 1153 1158 +edge_2_0_+disjointig_2_0_44285 37522 38557 44285 -1 -1 963 0.00943551
Chain
	Aln	3	-SRR33939694.4585/1 4 1049 1158 -edge_2_0_+disjointig_2_0_44285 5727 6762 44285 -1 -1 963 0.00943551
Chain
	Aln	2	+SRR33939694.4227/1 132 4912 4964 +edge_2_0_+disjointig_2_0_44285 39454 44229 44285 -1 -1 4305 0.0115377
Chain
	Aln	3	-SRR33939694.4227/1 51 4831 4964 -edge_2_0_+disjointig_2_0_44285 55 4830 44285 -1 -1 4305 0.0115377
Chain
	Aln	2	+SRR33939694.4611/1 121 1310 1318 +edge_2_0_+disjointig_2_0_44285 15003 16193 44285 -1 -1 1004 0.0125383
Chain
	Aln	3	-SRR33939694.4611/1 7 1196 1318 -edge_2_0_+disjointig_2_0_44285 28091 29281 44285 -1 -1 1004 0.0125383
Chain
	Aln	3	+SRR33939694.4727/1 118 1209 1212 -edge_2_0_+disjointig_2_0_44285 29958 31074 44285 -1 -1 814 0.0371531
Chain
	Aln	2	-SRR33939694.4727/1 2 1093 1212 +edge_2_0_+disjointig_2_0_44285 13210 14326 44285 -1 -1 814 0.0371531
Chain
	Aln	2	+SRR33939694.4912/1 126 1195 1220 +edge_2_0_+disjointig_2_0_44285 9558 10632 44285 -1 -1 921 0.0147937
Chain
	Aln	3	-SRR33939694.4912/1 24 1093 1220 -edge_2_0_+disjointig_2_0_44285 33652 34726 44285 -1 -1 921 0.0147937
Chain
	Aln	3	+SRR33939694.4784/1 126 1612 1621 -edge_2_0_+disjointig_2_0_44285 15661 17142 44285 -1 -1 1384 0.00978524
Chain
	Aln	2	-SRR33939694.4784/1 8 1494 1621 +edge_2_0_+disjointig_2_0_44285 27142 28623 44285 -1 -1 1384 0.00978524
Chain
	Aln	2	+SRR33939694.4994/1 120 1148 1154 +edge_2_0_+disjointig_2_0_44285 27259 28287 44285 -1 -1 879 0.0141862
Chain
	Aln	3	-SRR33939694.4994/1 5 1033 1154 -edge_2_0_+disjointig_2_0_44285 15997 17025 44285 -1 -1 879 0.0141862
Chain
	Aln	3	+SRR33939694.5116/1 143 1375 1387 -edge_2_0_+disjointig_2_0_44285 13704 14939 44285 -1 -1 1041 0.0222413
Chain
	Aln	2	-SRR33939694.5116/1 11 1243 1387 +edge_2_0_+disjointig_2_0_44285 29345 30580 44285 -1 -1 1041 0.0222413
Chain
	Aln	2	+SRR33939694.5097/1 114 1333 1349 +edge_2_0_+disjointig_2_0_44285 15451 16665 44285 -1 -1 1008 0.0192259
Chain
	Aln	3	-SRR33939694.5097/1 15 1234 1349 -edge_2_0_+disjointig_2_0_44285 27619 28833 44285 -1 -1 1008 0.0192259
Chain
	Aln	3	+SRR33939694.5125/1 150 1584 1592 -edge_2_0_+disjointig_2_0_44285 12672 14124 44285 -1 -1 979 0.0377912
Chain
	Aln	2	-SRR33939694.5125/1 7 1441 1592 +edge_2_0_+disjointig_2_0_44285 30160 31612 44285 -1 -1 979 0.0377912
Chain
	Aln	2	+SRR33939694.5138/1 115 1330 1333 +edge_2_0_+disjointig_2_0_44285 15940 17160 44285 -1 -1 878 0.0301462
Chain
	Aln	3	-SRR33939694.5138/1 2 1217 1333 -edge_2_0_+disjointig_2_0_44285 27124 28344 44285 -1 -1 878 0.0301462
Chain
	Aln	2	+SRR33939694.5127/1 122 1523 1527 +edge_2_0_+disjointig_2_0_44285 3420 4844 44285 -1 -1 1165 0.0234351
Chain
	Aln	3	-SRR33939694.5127/1 3 1404 1527 -edge_2_0_+disjointig_2_0_44285 39440 40864 44285 -1 -1 1165 0.0234351
Chain
	Aln	2	+SRR33939694.5155/1 109 1161 1167 +edge_2_0_+disjointig_2_0_44285 21174 22235 44285 -1 -1 856 0.0294718
Chain
	Aln	3	-SRR33939694.5155/1 5 1057 1167 -edge_2_0_+disjointig_2_0_44285 22049 23110 44285 -1 -1 856 0.0294718
Chain
	Aln	3	+SRR33939694.5063/1 157 3287 3289 -edge_2_0_+disjointig_2_0_44285 34479 37623 44285 -1 -1 2561 0.0216509
Chain
	Aln	2	-SRR33939694.5063/1 1 3131 3289 +edge_2_0_+disjointig_2_0_44285 6661 9805 44285 -1 -1 2561 0.0216509
Chain
	Aln	3	+SRR33939694.5284/1 113 1252 1259 -edge_2_0_+disjointig_2_0_44285 7226 8368 44285 -1 -1 938 0.0240889
Chain
	Aln	2	-SRR33939694.5284/1 6 1145 1259 +edge_2_0_+disjointig_2_0_44285 35916 37058 44285 -1 -1 938 0.0240889
Chain
	Aln	2	+SRR33939694.5319/1 123 1241 1247 +edge_2_0_+disjointig_2_0_44285 14381 15507 44285 -1 -1 912 0.0195425
Chain
	Aln	3	-SRR33939694.5319/1 5 1123 1247 -edge_2_0_+disjointig_2_0_44285 28777 29903 44285 -1 -1 912 0.0195425
Chain
	Aln	3	+SRR33939694.5476/1 137 1185 1195 -edge_2_0_+disjointig_2_0_44285 38694 39764 44285 -1 -1 668 0.0460591
Chain
	Aln	2	-SRR33939694.5476/1 9 1057 1195 +edge_2_0_+disjointig_2_0_44285 4520 5590 44285 -1 -1 668 0.0460591
Chain
	Aln	3	+SRR33939694.5510/1 132 1284 1287 -edge_2_0_+disjointig_2_0_44285 11198 12352 44285 -1 -1 998 0.0213889
Chain
	Aln	2	-SRR33939694.5510/1 2 1154 1287 +edge_2_0_+disjointig_2_0_44285 31932 33086 44285 -1 -1 998 0.0213889
Chain
	Aln	3	+SRR33939694.5519/1 237 1423 1427 -edge_2_0_+disjointig_2_0_44285 7730 8944 44285 -1 -1 744 0.0421043
Chain
	Aln	2	-SRR33939694.5519/1 3 1189 1427 +edge_2_0_+disjointig_2_0_44285 35340 36554 44285 -1 -1 744 0.0421043
Chain
	Aln	3	+SRR33939694.5517/1 196 1594 1604 -edge_2_0_+disjointig_2_0_44285 7104 8523 44285 -1 -1 935 0.0445968
Chain
	Aln	2	-SRR33939694.5517/1 9 1407 1604 +edge_2_0_+disjointig_2_0_44285 35761 37180 44285 -1 -1 935 0.0445968
Chain
	Aln	2	+SRR33939694.5531/1 163 1259 1275 +edge_2_0_+disjointig_2_0_44285 20171 21268 44285 -1 -1 904 0.0247862
Chain
	Aln	3	-SRR33939694.5531/1 15 1111 1275 -edge_2_0_+disjointig_2_0_44285 23016 24113 44285 -1 -1 904 0.0247862
Chain
	Aln	1	+SRR33939694.5056/1 219 7293 7295 -edge_1_0_+disjointig_1_0_47382 18616 25740 47382 -1 -1 4847 0.0371889
Chain
	Aln	0	-SRR33939694.5056/1 1 7075 7295 +edge_1_0_+disjointig_1_0_47382 21641 28765 47382 -1 -1 4847 0.0371889
Chain
	Aln	2	+SRR33939694.5659/1 113 1406 1414 +edge_2_0_+disjointig_2_0_44285 15799 17099 44285 -1 -1 1090 0.0201402
Chain
	Aln	3	-SRR33939694.5659/1 7 1300 1414 -edge_2_0_+disjointig_2_0_44285 27185 28485 44285 -1 -1 1090 0.0201402
Chain
	Aln	3	+SRR33939694.5386/1 152 3025 3065 -edge_2_0_+disjointig_2_0_44285 41179 44060 44285 -1 -1 2223 0.0249641
Chain
	Aln	2	-SRR33939694.5386/1 39 2912 3065 +edge_2_0_+disjointig_2_0_44285 224 3105 44285 -1 -1 2223 0.0249641
Chain
	Aln	3	+SRR33939694.5668/1 116 1137 1143 -edge_2_0_+disjointig_2_0_44285 28048 29061 44285 -1 -1 636 0.0426445
Chain
	Aln	2	-SRR33939694.5668/1 5 1026 1143 +edge_2_0_+disjointig_2_0_44285 15223 16236 44285 -1 -1 636 0.0426445
Chain
	Aln	3	+SRR33939694.5594/1 124 1751 1755 -edge_2_0_+disjointig_2_0_44285 38876 40503 44285 -1 -1 1363 0.0193782
Chain
	Aln	2	-SRR33939694.5594/1 3 1630 1755 +edge_2_0_+disjointig_2_0_44285 3781 5408 44285 -1 -1 1363 0.0193782
Chain
	Aln	3	+SRR33939694.5758/1 170 1176 1186 -edge_2_0_+disjointig_2_0_44285 14939 15960 44285 -1 -1 669 0.0400865
Chain
	Aln	2	-SRR33939694.5758/1 9 1015 1186 +edge_2_0_+disjointig_2_0_44285 28324 29345 44285 -1 -1 669 0.0400865
Chain
	Aln	2	+SRR33939694.5743/1 159 1244 1255 +edge_2_0_+disjointig_2_0_44285 18896 19993 44285 -1 -1 637 0.048862
Chain
	Aln	3	-SRR33939694.5743/1 10 1095 1255 -edge_2_0_+disjointig_2_0_44285 24291 25388 44285 -1 -1 637 0.048862
Chain
	Aln	2	+SRR33939694.5770/1 111 1218 1251 +edge_2_0_+disjointig_2_0_44285 14876 15985 44285 -1 -1 986 0.0122103
Chain
	Aln	3	-SRR33939694.5770/1 32 1139 1251 -edge_2_0_+disjointig_2_0_44285 28299 29408 44285 -1 -1 986 0.0122103
Chain
	Aln	3	+SRR33939694.5771/1 121 1440 1460 -edge_2_0_+disjointig_2_0_44285 15041 16368 44285 -1 -1 835 0.0489967
Chain
	Aln	2	-SRR33939694.5771/1 19 1338 1460 +edge_2_0_+disjointig_2_0_44285 27916 29243 44285 -1 -1 835 0.0489967
Chain
	Aln	1	+SRR33939694.5609/1 229 3393 3445 -edge_1_0_+disjointig_1_0_47382 36478 39653 47382 -1 -1 2630 0.0206163
Chain
	Aln	0	-SRR33939694.5609/1 51 3215 3445 +edge_1_0_+disjointig_1_0_47382 7728 10903 47382 -1 -1 2630 0.0206163
Chain
	Aln	2	+SRR33939694.5806/1 118 1291 1307 +edge_2_0_+disjointig_2_0_44285 9458 10623 44285 -1 -1 1030 0.0140932
Chain
	Aln	3	-SRR33939694.5806/1 15 1188 1307 -edge_2_0_+disjointig_2_0_44285 33661 34826 44285 -1 -1 1030 0.0140932
Chain
	Aln	3	+SRR33939694.5824/1 148 1444 1448 -edge_2_0_+disjointig_2_0_44285 22151 23447 44285 -1 -1 1088 0.0168892
Chain
	Aln	2	-SRR33939694.5824/1 3 1299 1448 +edge_2_0_+disjointig_2_0_44285 20837 22133 44285 -1 -1 1088 0.0168892
Chain
	Aln	3	+SRR33939694.5857/1 128 1186 1268 -edge_2_0_+disjointig_2_0_44285 28572 29674 44285 -1 -1 597 0.0586497
Chain
	Aln	2	-SRR33939694.5857/1 81 1139 1268 +edge_2_0_+disjointig_2_0_44285 14610 15712 44285 -1 -1 597 0.0586497
Chain
	Aln	3	+SRR33939694.5749/1 128 4148 4155 -edge_2_0_+disjointig_2_0_44285 13182 17221 44285 -1 -1 3230 0.0245821
Chain
	Aln	2	-SRR33939694.5749/1 6 4026 4155 +edge_2_0_+disjointig_2_0_44285 27063 31102 44285 -1 -1 3230 0.0245821
Chain
	Aln	3	+SRR33939694.5865/1 111 1356 1364 -edge_2_0_+disjointig_2_0_44285 24424 25661 44285 -1 -1 1013 0.0179485
Chain
	Aln	2	-SRR33939694.5865/1 7 1252 1364 +edge_2_0_+disjointig_2_0_44285 18623 19860 44285 -1 -1 1013 0.0179485
Chain
	Aln	3	+SRR33939694.5814/1 123 2096 2098 -edge_2_0_+disjointig_2_0_44285 23779 25763 44285 -1 -1 1425 0.0283486
Chain
	Aln	2	-SRR33939694.5814/1 1 1974 2098 +edge_2_0_+disjointig_2_0_44285 18521 20505 44285 -1 -1 1425 0.0283486
Chain
	Aln	2	+SRR33939694.5880/1 121 1454 1461 +edge_2_0_+disjointig_2_0_44285 12896 14235 44285 -1 -1 1009 0.0254889
Chain
	Aln	3	-SRR33939694.5880/1 6 1339 1461 -edge_2_0_+disjointig_2_0_44285 30049 31388 44285 -1 -1 1009 0.0254889
Chain
	Aln	2	+SRR33939694.5896/1 128 2263 2272 +edge_2_0_+disjointig_2_0_44285 35160 37295 44285 -1 -1 1702 0.0231827
Chain
	Aln	3	-SRR33939694.5896/1 8 2143 2272 -edge_2_0_+disjointig_2_0_44285 6989 9124 44285 -1 -1 1702 0.0231827
Chain
	Aln	3	+SRR33939694.5923/1 108 1284 1288 -edge_2_0_+disjointig_2_0_44285 33132 34308 44285 -1 -1 1070 0.0132023
Chain
	Aln	2	-SRR33939694.5923/1 3 1179 1288 +edge_2_0_+disjointig_2_0_44285 9976 11152 44285 -1 -1 1070 0.0132023
Chain
	Aln	3	+SRR33939694.6027/1 125 1507 1517 -edge_2_0_+disjointig_2_0_44285 22151 23535 44285 -1 -1 1145 0.017207
Chain
	Aln	2	-SRR33939694.6027/1 9 1391 1517 +edge_2_0_+disjointig_2_0_44285 20749 22133 44285 -1 -1 1145 0.017207
Chain
	Aln	3	+SRR33939694.6004/1 108 1897 1905 -edge_2_0_+disjointig_2_0_44285 41337 43122 44285 -1 -1 1635 0.00971995
Chain
	Aln	2	-SRR33939694.6004/1 7 1796 1905 +edge_2_0_+disjointig_2_0_44285 1162 2947 44285 -1 -1 1635 0.00971995
Chain
	Aln	2	+SRR33939694.5901/1 120 2299 2319 +edge_2_0_+disjointig_2_0_44285 7537 9740 44285 -1 -1 1651 0.033462
Chain
	Aln	3	-SRR33939694.5901/1 19 2198 2319 -edge_2_0_+disjointig_2_0_44285 34544 36747 44285 -1 -1 1651 0.033462
Chain
	Aln	2	+SRR33939694.6050/1 113 1596 1604 +edge_2_0_+disjointig_2_0_44285 24054 25542 44285 -1 -1 1161 0.0253489
Chain
	Aln	3	-SRR33939694.6050/1 7 1490 1604 -edge_2_0_+disjointig_2_0_44285 18742 20230 44285 -1 -1 1161 0.0253489
Chain
	Aln	2	+SRR33939694.6160/1 131 1312 1317 +edge_2_0_+disjointig_2_0_44285 39303 40492 44285 -1 -1 922 0.0299742
Chain
	Aln	3	-SRR33939694.6160/1 4 1185 1317 -edge_2_0_+disjointig_2_0_44285 3792 4981 44285 -1 -1 922 0.0299742
Chain
	Aln	3	+SRR33939694.6282/1 121 1325 1330 -edge_2_0_+disjointig_2_0_44285 7867 9083 44285 -1 -1 982 0.0201944
Chain
	Aln	2	-SRR33939694.6282/1 4 1208 1330 +edge_2_0_+disjointig_2_0_44285 35201 36417 44285 -1 -1 982 0.0201944
Chain
	Aln	2	+SRR33939694.6074/1 119 2315 2323 +edge_2_0_+disjointig_2_0_44285 6576 8781 44285 -1 -1 1900 0.0118645
Chain
	Aln	3	-SRR33939694.6074/1 7 2203 2323 -edge_2_0_+disjointig_2_0_44285 35503 37708 44285 -1 -1 1900 0.0118645
Chain
	Aln	2	+SRR33939694.6337/1 206 1830 1832 +edge_2_0_+disjointig_2_0_44285 25127 26766 44285 -1 -1 1044 0.0412269
Chain
	Aln	3	-SRR33939694.6337/1 1 1625 1832 -edge_2_0_+disjointig_2_0_44285 17518 19157 44285 -1 -1 1044 0.0412269
Chain
	Aln	2	+SRR33939694.6592/1 107 1220 1223 +edge_2_0_+disjointig_2_0_44285 43151 44283 44285 -1 -1 901 0.0239993
Chain
	Aln	3	-SRR33939694.6592/1 2 1115 1223 -edge_2_0_+disjointig_2_0_44285 1 1133 44285 -1 -1 901 0.0239993
Chain
	Aln	3	+SRR33939694.6536/1 129 1628 1634 -edge_2_0_+disjointig_2_0_44285 39663 41177 44285 -1 -1 1167 0.0237531
Chain
	Aln	2	-SRR33939694.6536/1 5 1504 1634 +edge_2_0_+disjointig_2_0_44285 3107 4621 44285 -1 -1 1167 0.0237531
Chain
	Aln	3	+SRR33939694.6550/1 146 1383 1386 -edge_2_0_+disjointig_2_0_44285 22221 23466 44285 -1 -1 1046 0.0208361
Chain
	Aln	2	-SRR33939694.6550/1 2 1239 1386 +edge_2_0_+disjointig_2_0_44285 20818 22063 44285 -1 -1 1046 0.0208361
Chain
	Aln	3	+SRR33939694.6613/1 99 1901 1912 -edge_2_0_+disjointig_2_0_44285 18707 20516 44285 -1 -1 1434 0.0270129
Chain
	Aln	2	-SRR33939694.6613/1 10 1812 1912 +edge_2_0_+disjointig_2_0_44285 23768 25577 44285 -1 -1 1434 0.0270129
Chain
	Aln	2	+SRR33939694.6284/1 120 4145 4149 +edge_2_0_+disjointig_2_0_44285 13243 17274 44285 -1 -1 3509 0.0169458
Chain
	Aln	3	-SRR33939694.6284/1 3 4028 4149 -edge_2_0_+disjointig_2_0_44285 27010 31041 44285 -1 -1 3509 0.0169458
Chain
	Aln	3	+SRR33939694.6623/1 112 1251 1255 -edge_2_0_+disjointig_2_0_44285 5742 6915 44285 -1 -1 877 0.0252396
Chain
	Aln	2	-SRR33939694.6623/1 3 1142 1255 +edge_2_0_+disjointig_2_0_44285 37369 38542 44285 -1 -1 877 0.0252396
Chain
	Aln	3	+SRR33939694.6624/1 116 1300 1307 -edge_2_0_+disjointig_2_0_44285 15908 17123 44285 -1 -1 675 0.0496971
Chain
	Aln	2	-SRR33939694.6624/1 6 1190 1307 +edge_2_0_+disjointig_2_0_44285 27161 28376 44285 -1 -1 675 0.0496971
Chain
	Aln	3	+SRR33939694.6626/1 117 1172 1189 -edge_2_0_+disjointig_2_0_44285 24194 25258 44285 -1 -1 921 0.0195026
Chain
	Aln	2	-SRR33939694.6626/1 16 1071 1189 +edge_2_0_+disjointig_2_0_44285 19026 20090 44285 -1 -1 921 0.0195026
Chain
	Aln	2	+SRR33939694.6629/1 117 1123 1129 +edge_2_0_+disjointig_2_0_44285 13986 15025 44285 -1 -1 652 0.0449944
Chain
	Aln	3	-SRR33939694.6629/1 5 1011 1129 -edge_2_0_+disjointig_2_0_44285 29259 30298 44285 -1 -1 652 0.0449944
Chain
	Aln	2	+SRR33939694.6646/1 120 1323 1329 +edge_2_0_+disjointig_2_0_44285 18836 20048 44285 -1 -1 794 0.0431068
Chain
	Aln	3	-SRR33939694.6646/1 5 1208 1329 -edge_2_0_+disjointig_2_0_44285 24236 25448 44285 -1 -1 794 0.0431068
Chain
	Aln	2	+SRR33939694.6771/1 116 1175 1182 +edge_2_0_+disjointig_2_0_44285 2783 3857 44285 -1 -1 720 0.0430634
Chain
	Aln	3	-SRR33939694.6771/1 6 1065 1182 -edge_2_0_+disjointig_2_0_44285 40427 41501 44285 -1 -1 720 0.0430634
Chain
	Aln	2	+SRR33939694.6643/1 132 1744 1746 +edge_2_0_+disjointig_2_0_44285 2967 4579 44285 -1 -1 1428 0.0140612
Chain
	Aln	3	-SRR33939694.6643/1 1 1613 1746 -edge_2_0_+disjointig_2_0_44285 39705 41317 44285 -1 -1 1428 0.0140612
Chain
	Aln	3	+SRR33939694.6765/1 113 1474 1483 -edge_2_0_+disjointig_2_0_44285 33511 34888 44285 -1 -1 1240 0.0153647
Chain
	Aln	2	-SRR33939694.6765/1 8 1369 1483 +edge_2_0_+disjointig_2_0_44285 9396 10773 44285 -1 -1 1240 0.0153647
Chain
	Aln	3	+SRR33939694.6806/1 112 1146 1159 -edge_2_0_+disjointig_2_0_44285 37257 38296 44285 -1 -1 877 0.0168479
Chain
	Aln	2	-SRR33939694.6806/1 12 1046 1159 +edge_2_0_+disjointig_2_0_44285 5988 7027 44285 -1 -1 877 0.0168479
Chain
	Aln	3	+SRR33939694.6810/1 98 1186 1204 -edge_2_0_+disjointig_2_0_44285 9548 10626 44285 -1 -1 924 0.0191459
Chain
	Aln	2	-SRR33939694.6810/1 17 1105 1204 +edge_2_0_+disjointig_2_0_44285 33658 34736 44285 -1 -1 924 0.0191459
Chain
	Aln	3	+SRR33939694.6899/1 118 1810 1818 -edge_2_0_+disjointig_2_0_44285 36050 37770 44285 -1 -1 1124 0.0348833
Chain
	Aln	2	-SRR33939694.6899/1 7 1699 1818 +edge_2_0_+disjointig_2_0_44285 6514 8234 44285 -1 -1 1124 0.0348833
Chain
	Aln	3	+SRR33939694.6976/1 130 1278 1286 -edge_2_0_+disjointig_2_0_44285 5653 6821 44285 -1 -1 877 0.0233195
Chain
	Aln	2	-SRR33939694.6976/1 7 1155 1286 +edge_2_0_+disjointig_2_0_44285 37463 38631 44285 -1 -1 877 0.0233195
Chain
	Aln	2	+SRR33939694.6915/1 161 1426 1457 +edge_2_0_+disjointig_2_0_44285 10639 11935 44285 -1 -1 676 0.0573311
Chain
	Aln	3	-SRR33939694.6915/1 30 1295 1457 -edge_2_0_+disjointig_2_0_44285 32349 33645 44285 -1 -1 676 0.0573311
Chain
	Aln	2	+SRR33939694.7012/1 166 1256 1292 +edge_2_0_+disjointig_2_0_44285 25402 26520 44285 -1 -1 697 0.0378056
Chain
	Aln	3	-SRR33939694.7012/1 35 1125 1292 -edge_2_0_+disjointig_2_0_44285 17764 18882 44285 -1 -1 697 0.0378056
Chain
	Aln	3	+SRR33939694.7134/1 123 1360 1379 -edge_2_0_+disjointig_2_0_44285 34625 35865 44285 -1 -1 1001 0.0232479
Chain
	Aln	2	-SRR33939694.7134/1 18 1255 1379 +edge_2_0_+disjointig_2_0_44285 8419 9659 44285 -1 -1 1001 0.0232479
Chain
	Aln	2	+SRR33939694.7220/1 120 1353 1372 +edge_2_0_+disjointig_2_0_44285 31673 32921 44285 -1 -1 969 0.0268066
Chain
	Aln	3	-SRR33939694.7220/1 18 1251 1372 -edge_2_0_+disjointig_2_0_44285 11363 12611 44285 -1 -1 969 0.0268066
Chain
	Aln	2	+SRR33939694.7376/1 123 1610 1614 +edge_2_0_+disjointig_2_0_44285 10115 11605 44285 -1 -1 1154 0.0288689
Chain
	Aln	3	-SRR33939694.7376/1 3 1490 1614 -edge_2_0_+disjointig_2_0_44285 32679 34169 44285 -1 -1 1154 0.0288689
Chain
	Aln	2	+SRR33939694.7241/1 138 1654 1657 +edge_2_0_+disjointig_2_0_44285 2227 3751 44285 -1 -1 894 0.0512783
Chain
	Aln	3	-SRR33939694.7241/1 2 1518 1657 -edge_2_0_+disjointig_2_0_44285 40533 42057 44285 -1 -1 894 0.0512783
Chain
	Aln	2	+SRR33939694.7386/1 166 1729 1734 +edge_2_0_+disjointig_2_0_44285 4688 6257 44285 -1 -1 1318 0.0186402
Chain
	Aln	3	-SRR33939694.7386/1 4 1567 1734 -edge_2_0_+disjointig_2_0_44285 38027 39596 44285 -1 -1 1318 0.0186402
Chain
	Aln	2	+SRR33939694.7439/1 125 1576 1579 +edge_2_0_+disjointig_2_0_44285 11241 12705 44285 -1 -1 1139 0.0230705
Chain
	Aln	3	-SRR33939694.7439/1 2 1453 1579 -edge_2_0_+disjointig_2_0_44285 31579 33043 44285 -1 -1 1139 0.0230705
Chain
	Aln	2	+SRR33939694.7478/1 120 1574 1578 +edge_2_0_+disjointig_2_0_44285 21487 22990 44285 -1 -1 936 0.0394002
Chain
	Aln	3	-SRR33939694.7478/1 3 1457 1578 -edge_2_0_+disjointig_2_0_44285 21294 22797 44285 -1 -1 936 0.0394002
Chain
	Aln	3	+SRR33939694.7538/1 115 1180 1190 -edge_2_0_+disjointig_2_0_44285 37574 38641 44285 -1 -1 913 0.0159778
Chain
	Aln	2	-SRR33939694.7538/1 9 1074 1190 +edge_2_0_+disjointig_2_0_44285 5643 6710 44285 -1 -1 913 0.0159778
Chain
	Aln	2	+SRR33939694.7517/1 113 1366 1371 +edge_2_0_+disjointig_2_0_44285 40398 41661 44285 -1 -1 996 0.020219
Chain
	Aln	3	-SRR33939694.7517/1 4 1257 1371 -edge_2_0_+disjointig_2_0_44285 2623 3886 44285 -1 -1 996 0.020219
Chain
	Aln	3	+SRR33939694.7559/1 128 1437 1443 -edge_2_0_+disjointig_2_0_44285 19298 20624 44285 -1 -1 1085 0.024915
Chain
	Aln	2	-SRR33939694.7559/1 5 1314 1443 +edge_2_0_+disjointig_2_0_44285 23660 24986 44285 -1 -1 1085 0.024915
Chain
	Aln	2	+SRR33939694.7667/1 129 1132 1138 +edge_2_0_+disjointig_2_0_44285 30360 31368 44285 -1 -1 875 0.0154818
Chain
	Aln	3	-SRR33939694.7667/1 5 1008 1138 -edge_2_0_+disjointig_2_0_44285 12916 13924 44285 -1 -1 875 0.0154818
Chain
	Aln	3	+SRR33939694.7619/1 117 1882 1889 -edge_2_0_+disjointig_2_0_44285 25944 27721 44285 -1 -1 1522 0.0187838
Chain
	Aln	2	-SRR33939694.7619/1 6 1771 1889 +edge_2_0_+disjointig_2_0_44285 16563 18340 44285 -1 -1 1522 0.0187838
Chain
	Aln	3	+SRR33939694.7753/1 109 1312 1345 -edge_2_0_+disjointig_2_0_44285 26186 27399 44285 -1 -1 1032 0.0193044
Chain
	Aln	2	-SRR33939694.7753/1 32 1235 1345 +edge_2_0_+disjointig_2_0_44285 16885 18098 44285 -1 -1 1032 0.0193044
Chain
	Aln	3	+SRR33939694.7650/1 120 1192 1207 -edge_2_0_+disjointig_2_0_44285 34256 35328 44285 -1 -1 956 0.0191029
Chain
	Aln	2	-SRR33939694.7650/1 14 1086 1207 +edge_2_0_+disjointig_2_0_44285 8956 10028 44285 -1 -1 956 0.0191029
Chain
	Aln	3	+SRR33939694.7770/1 143 1496 1529 -edge_2_0_+disjointig_2_0_44285 37849 39209 44285 -1 -1 1202 0.0137267
Chain
	Aln	2	-SRR33939694.7770/1 32 1385 1529 +edge_2_0_+disjointig_2_0_44285 5075 6435 44285 -1 -1 1202 0.0137267
Chain
	Aln	3	+SRR33939694.7935/1 115 1209 1211 -edge_2_0_+disjointig_2_0_44285 2610 3717 44285 -1 -1 715 0.0423923
Chain
	Aln	2	-SRR33939694.7935/1 1 1095 1211 +edge_2_0_+disjointig_2_0_44285 40567 41674 44285 -1 -1 715 0.0423923
Chain
	Aln	3	+SRR33939694.7937/1 126 1227 1236 -edge_2_0_+disjointig_2_0_44285 29887 31006 44285 -1 -1 760 0.0400994
Chain
	Aln	2	-SRR33939694.7937/1 8 1109 1236 +edge_2_0_+disjointig_2_0_44285 13278 14397 44285 -1 -1 760 0.0400994
Chain
	Aln	3	+SRR33939694.7976/1 130 1263 1289 -edge_2_0_+disjointig_2_0_44285 37059 38201 44285 -1 -1 853 0.0299089
Chain
	Aln	2	-SRR33939694.7976/1 25 1158 1289 +edge_2_0_+disjointig_2_0_44285 6083 7225 44285 -1 -1 853 0.0299089
Chain
	Aln	0	+SRR33939694.7922/1 331 1676 1681 +edge_1_0_+disjointig_1_0_47382 899 2256 47382 -1 -1 1158 0.0212803
Chain
	Aln	1	-SRR33939694.7922/1 4 1349 1681 -edge_1_0_+disjointig_1_0_47382 45125 46482 47382 -1 -1 1158 0.0212803
Chain
	Aln	2	+SRR33939694.7989/1 109 1142 1147 +edge_2_0_+disjointig_2_0_44285 14830 15881 44285 -1 -1 636 0.0477102
Chain
	Aln	3	-SRR33939694.7989/1 4 1037 1147 -edge_2_0_+disjointig_2_0_44285 28403 29454 44285 -1 -1 636 0.0477102
Chain
	Aln	3	+SRR33939694.8049/1 118 1432 1436 -edge_2_0_+disjointig_2_0_44285 20932 22258 44285 -1 -1 1136 0.0182353
Chain
	Aln	2	-SRR33939694.8049/1 3 1317 1436 +edge_2_0_+disjointig_2_0_44285 22026 23352 44285 -1 -1 1136 0.0182353
Chain
	Aln	3	+SRR33939694.8079/1 107 1133 1138 -edge_2_0_+disjointig_2_0_44285 31113 32149 44285 -1 -1 788 0.0322354
Chain
	Aln	2	-SRR33939694.8079/1 4 1030 1138 +edge_2_0_+disjointig_2_0_44285 12135 13171 44285 -1 -1 788 0.0322354
Chain
	Aln	2	+SRR33939694.8102/1 126 1532 1563 +edge_2_0_+disjointig_2_0_44285 5973 7384 44285 -1 -1 1112 0.0189727
Chain
	Aln	3	-SRR33939694.8102/1 30 1436 1563 -edge_2_0_+disjointig_2_0_44285 36900 38311 44285 -1 -1 1112 0.0189727
Chain
	Aln	2	+SRR33939694.8127/1 122 1223 1225 +edge_2_0_+disjointig_2_0_44285 19136 20236 44285 -1 -1 951 0.0162542
Chain
	Aln	3	-SRR33939694.8127/1 1 1102 1225 -edge_2_0_+disjointig_2_0_44285 24048 25148 44285 -1 -1 951 0.0162542
Chain
	Aln	3	+SRR33939694.8177/1 137 1690 1705 -edge_2_0_+disjointig_2_0_44285 32242 33806 44285 -1 -1 1180 0.0313668
Chain
	Aln	2	-SRR33939694.8177/1 14 1567 1705 +edge_2_0_+disjointig_2_0_44285 10478 12042 44285 -1 -1 1180 0.0313668
Chain
	Aln	3	+SRR33939694.8216/1 160 1441 1502 -edge_2_0_+disjointig_2_0_44285 1755 3040 44285 -1 -1 1039 0.020875
Chain
	Aln	2	-SRR33939694.8216/1 60 1341 1502 +edge_2_0_+disjointig_2_0_44285 41244 42529 44285 -1 -1 1039 0.020875
Chain
	Aln	3	+SRR33939694.8214/1 120 2785 2800 -edge_2_0_+disjointig_2_0_44285 9009 11664 44285 -1 -1 2233 0.0186894
Chain
	Aln	2	-SRR33939694.8214/1 14 2679 2800 +edge_2_0_+disjointig_2_0_44285 32620 35275 44285 -1 -1 2233 0.0186894
Chain
	Aln	2	+SRR33939694.8311/1 112 1673 1682 +edge_2_0_+disjointig_2_0_44285 15112 16687 44285 -1 -1 1347 0.0171919
Chain
	Aln	3	-SRR33939694.8311/1 8 1569 1682 -edge_2_0_+disjointig_2_0_44285 27597 29172 44285 -1 -1 1347 0.0171919
Chain
	Aln	0	+SRR33939694.8227/1 219 2070 2079 +edge_1_0_+disjointig_1_0_47382 8464 10306 47382 -1 -1 1632 0.0130169
Chain
	Aln	1	-SRR33939694.8227/1 8 1859 2079 -edge_1_0_+disjointig_1_0_47382 37075 38917 47382 -1 -1 1632 0.0130169
Chain
	Aln	3	+SRR33939694.8331/1 140 1694 1710 -edge_2_0_+disjointig_2_0_44285 26472 28023 44285 -1 -1 1413 0.0166778
Chain
	Aln	2	-SRR33939694.8331/1 15 1569 1710 +edge_2_0_+disjointig_2_0_44285 16261 17812 44285 -1 -1 1413 0.0166778
Chain
	Aln	3	+SRR33939694.8386/1 151 1358 1363 -edge_2_0_+disjointig_2_0_44285 8895 10103 44285 -1 -1 887 0.0261288
Chain
	Aln	2	-SRR33939694.8386/1 4 1211 1363 +edge_2_0_+disjointig_2_0_44285 34181 35389 44285 -1 -1 887 0.0261288
Chain
	Aln	3	+SRR33939694.8402/1 127 1235 1243 -edge_2_0_+disjointig_2_0_44285 17604 18723 44285 -1 -1 1018 0.0113209
Chain
	Aln	2	-SRR33939694.8402/1 7 1115 1243 +edge_2_0_+disjointig_2_0_44285 25561 26680 44285 -1 -1 1018 0.0113209
Chain
	Aln	2	+SRR33939694.8345/1 109 2650 2678 +edge_2_0_+disjointig_2_0_44285 2024 4579 44285 -1 -1 2161 0.0179003
Chain
	Aln	3	-SRR33939694.8345/1 27 2568 2678 -edge_2_0_+disjointig_2_0_44285 39705 42260 44285 -1 -1 2161 0.0179003
Chain
	Aln	3	+SRR33939694.8395/1 153 2352 2361 -edge_2_0_+disjointig_2_0_44285 34463 36661 44285 -1 -1 1648 0.0303248
Chain
	Aln	2	-SRR33939694.8395/1 8 2207 2361 +edge_2_0_+disjointig_2_0_44285 7623 9821 44285 -1 -1 1648 0.0303248
Chain
	Aln	3	+SRR33939694.7977/1 119 8747 8756 -edge_2_0_+disjointig_2_0_44285 5416 14059 44285 -1 -1 7047 0.022831
Chain
	Aln	2	-SRR33939694.7977/1 8 8636 8756 +edge_2_0_+disjointig_2_0_44285 30225 38868 44285 -1 -1 7047 0.022831
Chain
	Aln	2	+SRR33939694.8442/1 151 1542 1551 +edge_2_0_+disjointig_2_0_44285 7537 8935 44285 -1 -1 885 0.0442079
Chain
	Aln	3	-SRR33939694.8442/1 8 1399 1551 -edge_2_0_+disjointig_2_0_44285 35349 36747 44285 -1 -1 885 0.0442079
Chain
	Aln	3	+SRR33939694.8461/1 186 1639 1645 -edge_2_0_+disjointig_2_0_44285 9019 10477 44285 -1 -1 1068 0.0308708
Chain
	Aln	2	-SRR33939694.8461/1 5 1458 1645 +edge_2_0_+disjointig_2_0_44285 33807 35265 44285 -1 -1 1068 0.0308708
Chain
	Aln	2	+SRR33939694.8494/1 131 1536 1538 +edge_2_0_+disjointig_2_0_44285 32881 34282 44285 -1 -1 1214 0.0168544
Chain
	Aln	3	-SRR33939694.8494/1 1 1406 1538 -edge_2_0_+disjointig_2_0_44285 10002 11403 44285 -1 -1 1214 0.0168544
Chain
	Aln	3	+SRR33939694.8501/1 117 1236 1238 -edge_2_0_+disjointig_2_0_44285 14845 15971 44285 -1 -1 915 0.0286102
Chain
	Aln	2	-SRR33939694.8501/1 1 1120 1238 +edge_2_0_+disjointig_2_0_44285 28313 29439 44285 -1 -1 915 0.0286102
Chain
	Aln	1	+SRR33939694.8417/1 219 2733 2741 -edge_1_0_+disjointig_1_0_47382 15416 17945 47382 -1 -1 2037 0.0230597
Chain
	Aln	0	-SRR33939694.8417/1 7 2521 2741 +edge_1_0_+disjointig_1_0_47382 29436 31965 47382 -1 -1 2037 0.0230597
Chain
	Aln	2	+SRR33939694.8548/1 157 1420 1426 +edge_2_0_+disjointig_2_0_44285 15913 17186 44285 -1 -1 1003 0.0263616
Chain
	Aln	3	-SRR33939694.8548/1 5 1268 1426 -edge_2_0_+disjointig_2_0_44285 27098 28371 44285 -1 -1 1003 0.0263616
Chain
	Aln	3	+SRR33939694.8595/1 127 1459 1465 -edge_2_0_+disjointig_2_0_44285 25130 26478 44285 -1 -1 1206 0.0150342
Chain
	Aln	2	-SRR33939694.8595/1 5 1337 1465 +edge_2_0_+disjointig_2_0_44285 17806 19154 44285 -1 -1 1206 0.0150342
Chain
	Aln	3	+SRR33939694.8634/1 513 2037 2079 -edge_2_0_+disjointig_2_0_44285 10246 11783 44285 -1 -1 1254 0.0252829
Chain
	Aln	2	-SRR33939694.8634/1 41 1565 2079 +edge_2_0_+disjointig_2_0_44285 32501 34038 44285 -1 -1 1254 0.0252829
Chain
	Aln	3	+SRR33939694.8676/1 123 1287 1309 -edge_2_0_+disjointig_2_0_44285 34374 35545 44285 -1 -1 881 0.031384
Chain
	Aln	2	-SRR33939694.8676/1 21 1185 1309 +edge_2_0_+disjointig_2_0_44285 8739 9910 44285 -1 -1 881 0.031384
Chain
	Aln	2	+SRR33939694.8718/1 112 1154 1161 +edge_2_0_+disjointig_2_0_44285 31268 32319 44285 -1 -1 927 0.0158893
Chain
	Aln	3	-SRR33939694.8718/1 6 1048 1161 -edge_2_0_+disjointig_2_0_44285 11965 13016 44285 -1 -1 927 0.0158893
Chain
	Aln	3	+SRR33939694.8728/1 119 1195 1217 -edge_2_0_+disjointig_2_0_44285 43206 44278 44285 -1 -1 909 0.0205871
Chain
	Aln	2	-SRR33939694.8728/1 21 1097 1217 +edge_2_0_+disjointig_2_0_44285 6 1078 44285 -1 -1 909 0.0205871
Chain
	Aln	3	+SRR33939694.8812/1 120 1191 1194 -edge_2_0_+disjointig_2_0_44285 28761 29844 44285 -1 -1 936 0.018465
Chain
	Aln	2	-SRR33939694.8812/1 2 1073 1194 +edge_2_0_+disjointig_2_0_44285 14440 15523 44285 -1 -1 936 0.018465
Chain
	Aln	2	+SRR33939694.8813/1 119 1313 1316 +edge_2_0_+disjointig_2_0_44285 42463 43664 44285 -1 -1 1029 0.0194642
Chain
	Aln	3	-SRR33939694.8813/1 2 1196 1316 -edge_2_0_+disjointig_2_0_44285 620 1821 44285 -1 -1 1029 0.0194642
Chain
	Aln	2	+SRR33939694.8841/1 100 1176 1181 +edge_2_0_+disjointig_2_0_44285 1977 3065 44285 -1 -1 825 0.03095
Chain
	Aln	3	-SRR33939694.8841/1 4 1080 1181 -edge_2_0_+disjointig_2_0_44285 41219 42307 44285 -1 -1 825 0.03095
Chain
	Aln	3	+SRR33939694.8848/1 114 1245 1248 -edge_2_0_+disjointig_2_0_44285 25483 26616 44285 -1 -1 974 0.0223584
Chain
	Aln	2	-SRR33939694.8848/1 2 1133 1248 +edge_2_0_+disjointig_2_0_44285 17668 18801 44285 -1 -1 974 0.0223584
Chain
	Aln	3	+SRR33939694.8965/1 150 1416 1462 -edge_2_0_+disjointig_2_0_44285 10636 11941 44285 -1 -1 871 0.0377572
Chain
	Aln	2	-SRR33939694.8965/1 45 1311 1462 +edge_2_0_+disjointig_2_0_44285 32343 33648 44285 -1 -1 871 0.0377572
Chain
	Aln	3	+SRR33939694.8971/1 118 1366 1373 -edge_2_0_+disjointig_2_0_44285 25814 27080 44285 -1 -1 1081 0.0148506
Chain
	Aln	2	-SRR33939694.8971/1 6 1254 1373 +edge_2_0_+disjointig_2_0_44285 17204 18470 44285 -1 -1 1081 0.0148506
Chain
	Aln	2	+SRR33939694.9008/1 113 1241 1247 +edge_2_0_+disjointig_2_0_44285 24935 26068 44285 -1 -1 1037 0.00898249
Chain
	Aln	3	-SRR33939694.9008/1 5 1133 1247 -edge_2_0_+disjointig_2_0_44285 18216 19349 44285 -1 -1 1037 0.00898249
Chain
	Aln	3	+SRR33939694.8957/1 117 1566 1573 -edge_2_0_+disjointig_2_0_44285 22242 23686 44285 -1 -1 1307 0.0122871
Chain
	Aln	2	-SRR33939694.8957/1 6 1455 1573 +edge_2_0_+disjointig_2_0_44285 20598 22042 44285 -1 -1 1307 0.0122871
Chain
	Aln	3	+SRR33939694.9009/1 118 1190 1204 -edge_2_0_+disjointig_2_0_44285 712 1784 44285 -1 -1 775 0.0331752
Chain
	Aln	2	-SRR33939694.9009/1 13 1085 1204 +edge_2_0_+disjointig_2_0_44285 42500 43572 44285 -1 -1 775 0.0331752
Chain
	Aln	2	+SRR33939694.9054/1 110 1496 1501 +edge_2_0_+disjointig_2_0_44285 7525 8929 44285 -1 -1 1159 0.0199589
Chain
	Aln	3	-SRR33939694.9054/1 4 1390 1501 -edge_2_0_+disjointig_2_0_44285 35355 36759 44285 -1 -1 1159 0.0199589
Chain
	Aln	3	+SRR33939694.9088/1 122 1313 1587 -edge_2_0_+disjointig_2_0_44285 38597 39800 44285 -1 -1 1054 0.010548
Chain
	Aln	2	-SRR33939694.9088/1 273 1464 1587 +edge_2_0_+disjointig_2_0_44285 4484 5687 44285 -1 -1 1054 0.010548
Chain
	Aln	2	+SRR33939694.9267/1 118 1594 1604 +edge_2_0_+disjointig_2_0_44285 18517 19993 44285 -1 -1 1311 0.0104246
Chain
	Aln	3	-SRR33939694.9267/1 9 1485 1604 -edge_2_0_+disjointig_2_0_44285 24291 25767 44285 -1 -1 1311 0.0104246
Chain
	Aln	2	+SRR33939694.9242/1 101 1222 1229 +edge_2_0_+disjointig_2_0_44285 35522 36646 44285 -1 -1 995 0.0170846
Chain
	Aln	3	-SRR33939694.9242/1 6 1127 1229 -edge_2_0_+disjointig_2_0_44285 7638 8762 44285 -1 -1 995 0.0170846
Chain
	Aln	2	+SRR33939694.9311/1 157 1224 1227 +edge_2_0_+disjointig_2_0_44285 26844 27919 44285 -1 -1 918 0.0129446
Chain
	Aln	3	-SRR33939694.9311/1 2 1069 1227 -edge_2_0_+disjointig_2_0_44285 16365 17440 44285 -1 -1 918 0.0129446
Chain
	Aln	3	+SRR33939694.9423/1 203 1248 1267 -edge_2_0_+disjointig_2_0_44285 11277 12339 44285 -1 -1 674 0.04178
Chain
	Aln	2	-SRR33939694.9423/1 18 1063 1267 +edge_2_0_+disjointig_2_0_44285 31945 33007 44285 -1 -1 674 0.04178
Chain
	Aln	2	+SRR33939694.9475/1 126 1554 1596 +edge_2_0_+disjointig_2_0_44285 41195 42631 44285 -1 -1 1252 0.0137133
Chain
	Aln	3	-SRR33939694.9475/1 41 1469 1596 -edge_2_0_+disjointig_2_0_44285 1653 3089 44285 -1 -1 1252 0.0137133
Chain
	Aln	0	+SRR33939694.9429/1 315 2160 2178 +edge_1_0_+disjointig_1_0_47382 36571 38442 47382 -1 -1 1529 0.0174745
Chain
	Aln	1	-SRR33939694.9429/1 17 1862 2178 -edge_1_0_+disjointig_1_0_47382 8939 10810 47382 -1 -1 1529 0.0174745
Chain
	Aln	2	+SRR33939694.9518/1 110 1420 1438 +edge_2_0_+disjointig_2_0_44285 25112 26420 44285 -1 -1 1143 0.0146037
Chain
	Aln	3	-SRR33939694.9518/1 17 1327 1438 -edge_2_0_+disjointig_2_0_44285 17864 19172 44285 -1 -1 1143 0.0146037
Chain
	Aln	3	+SRR33939694.9693/1 122 1196 1205 -edge_2_0_+disjointig_2_0_44285 15703 16785 44285 -1 -1 1014 0.00899386
Chain
	Aln	2	-SRR33939694.9693/1 8 1082 1205 +edge_2_0_+disjointig_2_0_44285 27499 28581 44285 -1 -1 1014 0.00899386
Chain
	Aln	3	+SRR33939694.9704/1 144 1292 1294 -edge_2_0_+disjointig_2_0_44285 1908 3065 44285 -1 -1 996 0.0176446
Chain
	Aln	2	-SRR33939694.9704/1 1 1149 1294 +edge_2_0_+disjointig_2_0_44285 41219 42376 44285 -1 -1 996 0.0176446
Chain
	Aln	3	+SRR33939694.9723/1 134 1677 1692 -edge_2_0_+disjointig_2_0_44285 11587 13132 44285 -1 -1 1290 0.0191648
Chain
	Aln	2	-SRR33939694.9723/1 14 1557 1692 +edge_2_0_+disjointig_2_0_44285 31152 32697 44285 -1 -1 1290 0.0191648
Chain
	Aln	2	+SRR33939694.9733/1 114 1520 1533 +edge_2_0_+disjointig_2_0_44285 17646 19060 44285 -1 -1 1210 0.0187822
Chain
	Aln	3	-SRR33939694.9733/1 12 1418 1533 -edge_2_0_+disjointig_2_0_44285 25224 26638 44285 -1 -1 1210 0.0187822
Chain
	Aln	3	+SRR33939694.7761/1 122 18241 18246 -edge_2_0_+disjointig_2_0_44285 15756 33948 44285 -1 -1 15773 0.0176171
Chain
	Aln	2	-SRR33939694.7761/1 4 18123 18246 +edge_2_0_+disjointig_2_0_44285 10336 28528 44285 -1 -1 15773 0.0176171
Chain
	Aln	2	+SRR33939694.9794/1 171 1525 1535 +edge_2_0_+disjointig_2_0_44285 18270 19621 44285 -1 -1 1089 0.0239518
Chain
	Aln	3	-SRR33939694.9794/1 9 1363 1535 -edge_2_0_+disjointig_2_0_44285 24663 26014 44285 -1 -1 1089 0.0239518
Chain
	Aln	3	+SRR33939694.9878/1 118 1201 1243 -edge_2_0_+disjointig_2_0_44285 29131 30227 44285 -1 -1 927 0.0229633
Chain
	Aln	2	-SRR33939694.9878/1 41 1124 1243 +edge_2_0_+disjointig_2_0_44285 14057 15153 44285 -1 -1 927 0.0229633
Chain
	Aln	2	+SRR33939694.9776/1 121 1931 1941 +edge_2_0_+disjointig_2_0_44285 5999 7815 44285 -1 -1 1635 0.00933602
Chain
	Aln	3	-SRR33939694.9776/1 9 1819 1941 -edge_2_0_+disjointig_2_0_44285 36469 38285 44285 -1 -1 1635 0.00933602
Chain
	Aln	2	+SRR33939694.9821/1 122 1943 1956 +edge_2_0_+disjointig_2_0_44285 24224 26058 44285 -1 -1 1269 0.0400343
Chain
	Aln	3	-SRR33939694.9821/1 12 1833 1956 -edge_2_0_+disjointig_2_0_44285 18226 20060 44285 -1 -1 1269 0.0400343
Chain
	Aln	3	+SRR33939694.9998/1 105 1271 1274 -edge_2_0_+disjointig_2_0_44285 31202 32379 44285 -1 -1 969 0.023771
Chain
	Aln	2	-SRR33939694.9998/1 2 1168 1274 +edge_2_0_+disjointig_2_0_44285 11905 13082 44285 -1 -1 969 0.023771
Chain
	Aln	3	+SRR33939694.10113/1 117 1243 1252 -edge_2_0_+disjointig_2_0_44285 31147 32281 44285 -1 -1 1035 0.0142434
Chain
	Aln	2	-SRR33939694.10113/1 8 1134 1252 +edge_2_0_+disjointig_2_0_44285 12003 13137 44285 -1 -1 1035 0.0142434
Chain
	Aln	2	+SRR33939694.10090/1 150 1270 1274 +edge_2_0_+disjointig_2_0_44285 5116 6249 44285 -1 -1 970 0.0171706
Chain
	Aln	3	-SRR33939694.10090/1 3 1123 1274 -edge_2_0_+disjointig_2_0_44285 38035 39168 44285 -1 -1 970 0.0171706
Chain
	Aln	1	+SRR33939694.10044/1 396 2246 2274 -edge_1_0_+disjointig_1_0_47382 32899 34754 47382 -1 -1 1648 0.0167373
Chain
	Aln	0	-SRR33939694.10044/1 27 1877 2274 +edge_1_0_+disjointig_1_0_47382 12627 14482 47382 -1 -1 1648 0.0167373
Chain
	Aln	2	+SRR33939694.10145/1 131 1398 1405 +edge_2_0_+disjointig_2_0_44285 23402 24672 44285 -1 -1 1097 0.0227502
Chain
	Aln	3	-SRR33939694.10145/1 6 1273 1405 -edge_2_0_+disjointig_2_0_44285 19612 20882 44285 -1 -1 1097 0.0227502
Chain
	Aln	3	+SRR33939694.10146/1 123 1458 1465 -edge_2_0_+disjointig_2_0_44285 38514 39852 44285 -1 -1 1059 0.0211389
Chain
	Aln	2	-SRR33939694.10146/1 6 1341 1465 +edge_2_0_+disjointig_2_0_44285 4432 5770 44285 -1 -1 1059 0.0211389
Chain
	Aln	2	+SRR33939694.10175/1 124 1358 1366 +edge_2_0_+disjointig_2_0_44285 24712 25948 44285 -1 -1 973 0.0196741
Chain
	Aln	3	-SRR33939694.10175/1 7 1241 1366 -edge_2_0_+disjointig_2_0_44285 18336 19572 44285 -1 -1 973 0.0196741
Chain
	Aln	2	+SRR33939694.10153/1 134 1616 1622 +edge_2_0_+disjointig_2_0_44285 9969 11453 44285 -1 -1 1334 0.0165061
Chain
	Aln	3	-SRR33939694.10153/1 5 1487 1622 -edge_2_0_+disjointig_2_0_44285 32831 34315 44285 -1 -1 1334 0.0165061
Chain
	Aln	2	+SRR33939694.10304/1 140 1288 1291 +edge_2_0_+disjointig_2_0_44285 42513 43664 44285 -1 -1 930 0.0289755
Chain
	Aln	3	-SRR33939694.10304/1 2 1150 1291 -edge_2_0_+disjointig_2_0_44285 620 1771 44285 -1 -1 930 0.0289755
Chain
	Aln	3	+SRR33939694.10343/1 131 1383 1395 -edge_2_0_+disjointig_2_0_44285 26638 27903 44285 -1 -1 1063 0.024422
Chain
	Aln	2	-SRR33939694.10343/1 11 1263 1395 +edge_2_0_+disjointig_2_0_44285 16381 17646 44285 -1 -1 1063 0.024422
Chain
	Aln	2	+SRR33939694.10156/1 140 2822 2824 +edge_2_0_+disjointig_2_0_44285 15667 18395 44285 -1 -1 1465 0.0603393
Chain
	Aln	3	-SRR33939694.10156/1 1 2683 2824 -edge_2_0_+disjointig_2_0_44285 25889 28617 44285 -1 -1 1465 0.0603393
Chain
	Aln	3	+SRR33939694.10424/1 123 1776 1791 -edge_2_0_+disjointig_2_0_44285 40316 41971 44285 -1 -1 1403 0.018213
Chain
	Aln	2	-SRR33939694.10424/1 14 1667 1791 +edge_2_0_+disjointig_2_0_44285 2313 3968 44285 -1 -1 1403 0.018213
Chain
	Aln	2	+SRR33939694.10489/1 109 1431 1439 +edge_2_0_+disjointig_2_0_44285 25452 26805 44285 -1 -1 1043 0.0276091
Chain
	Aln	3	-SRR33939694.10489/1 7 1329 1439 -edge_2_0_+disjointig_2_0_44285 17479 18832 44285 -1 -1 1043 0.0276091
Chain
	Aln	3	+SRR33939694.10565/1 102 1175 1233 -edge_2_0_+disjointig_2_0_44285 12787 13868 44285 -1 -1 940 0.0163484
Chain
	Aln	2	-SRR33939694.10565/1 57 1130 1233 +edge_2_0_+disjointig_2_0_44285 30416 31497 44285 -1 -1 940 0.0163484
Chain
	Aln	2	+SRR33939694.10591/1 129 1162 1167 +edge_2_0_+disjointig_2_0_44285 12754 13781 44285 -1 -1 946 0.00985565
Chain
	Aln	3	-SRR33939694.10591/1 4 1037 1167 -edge_2_0_+disjointig_2_0_44285 30503 31530 44285 -1 -1 946 0.00985565
Chain
	Aln	2	+SRR33939694.10612/1 125 1315 1348 +edge_2_0_+disjointig_2_0_44285 29506 30697 44285 -1 -1 741 0.0420787
Chain
	Aln	3	-SRR33939694.10612/1 32 1222 1348 -edge_2_0_+disjointig_2_0_44285 13587 14778 44285 -1 -1 741 0.0420787
Chain
	Aln	3	+SRR33939694.10652/1 149 1451 1494 -edge_2_0_+disjointig_2_0_44285 29127 30448 44285 -1 -1 1100 0.0239528
Chain
	Aln	2	-SRR33939694.10652/1 42 1344 1494 +edge_2_0_+disjointig_2_0_44285 13836 15157 44285 -1 -1 1100 0.0239528
Chain
	Aln	2	+SRR33939694.10736/1 118 1647 1710 +edge_2_0_+disjointig_2_0_44285 32399 33938 44285 -1 -1 1354 0.0163841
Chain
	Aln	3	-SRR33939694.10736/1 62 1591 1710 -edge_2_0_+disjointig_2_0_44285 10346 11885 44285 -1 -1 1354 0.0163841
Chain
	Aln	0	+SRR33939694.10657/1 276 2612 2628 +edge_1_0_+disjointig_1_0_47382 11375 13731 47382 -1 -1 2005 0.0163014
Chain
	Aln	1	-SRR33939694.10657/1 15 2351 2628 -edge_1_0_+disjointig_1_0_47382 33650 36006 47382 -1 -1 2005 0.0163014
Chain
	Aln	3	+SRR33939694.10782/1 110 1142 1147 -edge_2_0_+disjointig_2_0_44285 22465 23516 44285 -1 -1 754 0.0341704
Chain
	Aln	2	-SRR33939694.10782/1 4 1036 1147 +edge_2_0_+disjointig_2_0_44285 20768 21819 44285 -1 -1 754 0.0341704
Chain
	Aln	2	+SRR33939694.10730/1 113 2483 2501 +edge_2_0_+disjointig_2_0_44285 1942 4321 44285 -1 -1 1881 0.0248052
Chain
	Aln	3	-SRR33939694.10730/1 17 2387 2501 -edge_2_0_+disjointig_2_0_44285 39963 42342 44285 -1 -1 1881 0.0248052
Chain
	Aln	3	+SRR33939694.10796/1 120 1245 1249 -edge_2_0_+disjointig_2_0_44285 11208 12345 44285 -1 -1 1024 0.016243
Chain
	Aln	2	-SRR33939694.10796/1 3 1128 1249 +edge_2_0_+disjointig_2_0_44285 31939 33076 44285 -1 -1 1024 0.016243
Chain
	Aln	2	+SRR33939694.10914/1 114 1354 1380 +edge_2_0_+disjointig_2_0_44285 19635 20887 44285 -1 -1 934 0.0321131
Chain
	Aln	3	-SRR33939694.10914/1 25 1265 1380 -edge_2_0_+disjointig_2_0_44285 23397 24649 44285 -1 -1 934 0.0321131
Chain
	Aln	3	+SRR33939694.10997/1 147 1227 1232 -edge_2_0_+disjointig_2_0_44285 24095 25181 44285 -1 -1 976 0.0113373
Chain
	Aln	2	-SRR33939694.10997/1 4 1084 1232 +edge_2_0_+disjointig_2_0_44285 19103 20189 44285 -1 -1 976 0.0113373
Chain
	Aln	3	+SRR33939694.11032/1 124 1157 1183 -edge_2_0_+disjointig_2_0_44285 23813 24852 44285 -1 -1 977 0.00422105
Chain
	Aln	2	-SRR33939694.11032/1 25 1058 1183 +edge_2_0_+disjointig_2_0_44285 19432 20471 44285 -1 -1 977 0.00422105
Chain
	Aln	2	+SRR33939694.11037/1 114 1332 1345 +edge_2_0_+disjointig_2_0_44285 25452 26680 44285 -1 -1 908 0.0296526
Chain
	Aln	3	-SRR33939694.11037/1 12 1230 1345 -edge_2_0_+disjointig_2_0_44285 17604 18832 44285 -1 -1 908 0.0296526
Chain
	Aln	2	+SRR33939694.11082/1 178 1376 1409 +edge_2_0_+disjointig_2_0_44285 19242 20444 44285 -1 -1 981 0.0187686
Chain
	Aln	3	-SRR33939694.11082/1 32 1230 1409 -edge_2_0_+disjointig_2_0_44285 23840 25042 44285 -1 -1 981 0.0187686
Chain
	Aln	2	+SRR33939694.11089/1 214 1816 1820 +edge_2_0_+disjointig_2_0_44285 2514 4134 44285 -1 -1 1066 0.0393606
Chain
	Aln	3	-SRR33939694.11089/1 3 1605 1820 -edge_2_0_+disjointig_2_0_44285 40150 41770 44285 -1 -1 1066 0.0393606
Chain
	Aln	3	+SRR33939694.11167/1 127 1180 1188 -edge_2_0_+disjointig_2_0_44285 19324 20371 44285 -1 -1 927 0.0176353
Chain
	Aln	2	-SRR33939694.11167/1 7 1060 1188 +edge_2_0_+disjointig_2_0_44285 23913 24960 44285 -1 -1 927 0.0176353
Chain
	Aln	3	+SRR33939694.11155/1 123 1361 1487 -edge_2_0_+disjointig_2_0_44285 12909 14135 44285 -1 -1 846 0.0416441
Chain
	Aln	2	-SRR33939694.11155/1 125 1363 1487 +edge_2_0_+disjointig_2_0_44285 30149 31375 44285 -1 -1 846 0.0416441
Chain
	Aln	0	+SRR33939694.11211/1 261 1506 1520 +edge_1_0_+disjointig_1_0_47382 41053 42315 47382 -1 -1 870 0.0295416
Chain
	Aln	1	-SRR33939694.11211/1 13 1258 1520 -edge_1_0_+disjointig_1_0_47382 5066 6328 47382 -1 -1 870 0.0295416
Chain
	Aln	2	+SRR33939694.11253/1 122 1180 1220 +edge_2_0_+disjointig_2_0_44285 32043 33107 44285 -1 -1 891 0.0238945
Chain
	Aln	3	-SRR33939694.11253/1 39 1097 1220 -edge_2_0_+disjointig_2_0_44285 11177 12241 44285 -1 -1 891 0.0238945
Chain
	Aln	3	+SRR33939694.11278/1 113 2234 2259 -edge_2_0_+disjointig_2_0_44285 39193 41317 44285 -1 -1 1869 0.0171093
Chain
	Aln	2	-SRR33939694.11278/1 24 2145 2259 +edge_2_0_+disjointig_2_0_44285 2967 5091 44285 -1 -1 1869 0.0171093
Chain
	Aln	3	+SRR33939694.10916/1 109 4114 4135 -edge_2_0_+disjointig_2_0_44285 40262 44278 44285 -1 -1 2843 0.0340066
Chain
	Aln	2	-SRR33939694.10916/1 20 4025 4135 +edge_2_0_+disjointig_2_0_44285 6 4022 44285 -1 -1 2843 0.0340066
Chain
	Aln	2	+SRR33939694.11314/1 129 1525 1547 +edge_2_0_+disjointig_2_0_44285 23161 24569 44285 -1 -1 1044 0.0372646
Chain
	Aln	3	-SRR33939694.11314/1 21 1417 1547 -edge_2_0_+disjointig_2_0_44285 19715 21123 44285 -1 -1 1044 0.0372646
Chain
	Aln	2	+SRR33939694.11417/1 111 1169 1185 +edge_2_0_+disjointig_2_0_44285 37127 38203 44285 -1 -1 734 0.0361056
Chain
	Aln	3	-SRR33939694.11417/1 15 1073 1185 -edge_2_0_+disjointig_2_0_44285 6081 7157 44285 -1 -1 734 0.0361056
Chain
	Aln	3	+SRR33939694.11560/1 111 1176 1206 -edge_2_0_+disjointig_2_0_44285 28144 29226 44285 -1 -1 820 0.0276829
Chain
	Aln	2	-SRR33939694.11560/1 29 1094 1206 +edge_2_0_+disjointig_2_0_44285 15058 16140 44285 -1 -1 820 0.0276829
Chain
	Aln	2	+SRR33939694.11722/1 123 1212 1217 +edge_2_0_+disjointig_2_0_44285 37434 38533 44285 -1 -1 894 0.0193277
Chain
	Aln	3	-SRR33939694.11722/1 4 1093 1217 -edge_2_0_+disjointig_2_0_44285 5751 6850 44285 -1 -1 894 0.0193277
Chain
	Aln	2	+SRR33939694.11648/1 120 1124 1132 +edge_2_0_+disjointig_2_0_44285 9439 10442 44285 -1 -1 796 0.0277516
Chain
	Aln	3	-SRR33939694.11648/1 7 1011 1132 -edge_2_0_+disjointig_2_0_44285 33842 34845 44285 -1 -1 796 0.0277516
Chain
	Aln	2	+SRR33939694.11753/1 167 1360 1364 +edge_2_0_+disjointig_2_0_44285 2834 4054 44285 -1 -1 797 0.0392139
Chain
	Aln	3	-SRR33939694.11753/1 3 1196 1364 -edge_2_0_+disjointig_2_0_44285 40230 41450 44285 -1 -1 797 0.0392139
Chain
	Aln	3	+SRR33939694.11653/1 129 1303 1306 -edge_2_0_+disjointig_2_0_44285 30912 32092 44285 -1 -1 908 0.0295272
Chain
	Aln	2	-SRR33939694.11653/1 2 1176 1306 +edge_2_0_+disjointig_2_0_44285 12192 13372 44285 -1 -1 908 0.0295272
Chain
	Aln	2	+SRR33939694.11744/1 117 1687 1690 +edge_2_0_+disjointig_2_0_44285 35672 37258 44285 -1 -1 1349 0.0198425
Chain
	Aln	3	-SRR33939694.11744/1 2 1572 1690 -edge_2_0_+disjointig_2_0_44285 7026 8612 44285 -1 -1 1349 0.0198425
Chain
	Aln	3	+SRR33939694.11757/1 121 1310 1317 -edge_2_0_+disjointig_2_0_44285 33051 34236 44285 -1 -1 794 0.0403381
Chain
	Aln	2	-SRR33939694.11757/1 6 1195 1317 +edge_2_0_+disjointig_2_0_44285 10048 11233 44285 -1 -1 794 0.0403381
Chain
	Aln	3	+SRR33939694.11820/1 119 1201 1208 -edge_2_0_+disjointig_2_0_44285 1782 2878 44285 -1 -1 987 0.0122385
Chain
	Aln	2	-SRR33939694.11820/1 6 1088 1208 +edge_2_0_+disjointig_2_0_44285 41406 42502 44285 -1 -1 987 0.0122385
Chain
	Aln	2	+SRR33939694.11861/1 156 1309 1318 +edge_2_0_+disjointig_2_0_44285 21315 22497 44285 -1 -1 934 0.026114
Chain
	Aln	3	-SRR33939694.11861/1 8 1161 1318 -edge_2_0_+disjointig_2_0_44285 21787 22969 44285 -1 -1 934 0.026114
Chain
	Aln	2	+SRR33939694.11865/1 195 1624 1639 +edge_2_0_+disjointig_2_0_44285 23743 25171 44285 -1 -1 1367 0.00931062
Chain
	Aln	3	-SRR33939694.11865/1 14 1443 1639 -edge_2_0_+disjointig_2_0_44285 19113 20541 44285 -1 -1 1367 0.00931062
Chain
	Aln	2	+SRR33939694.11812/1 122 1631 1636 +edge_2_0_+disjointig_2_0_44285 4421 5933 44285 -1 -1 1278 0.0193617
Chain
	Aln	3	-SRR33939694.11812/1 4 1513 1636 -edge_2_0_+disjointig_2_0_44285 38351 39863 44285 -1 -1 1278 0.0193617
Chain
	Aln	2	+SRR33939694.11919/1 110 1244 1247 +edge_2_0_+disjointig_2_0_44285 30531 31678 44285 -1 -1 873 0.0330594
Chain
	Aln	3	-SRR33939694.11919/1 2 1136 1247 -edge_2_0_+disjointig_2_0_44285 12606 13753 44285 -1 -1 873 0.0330594
Chain
	Aln	3	+SRR33939694.11982/1 124 1404 1408 -edge_2_0_+disjointig_2_0_44285 8711 9989 44285 -1 -1 1022 0.0213675
Chain
	Aln	2	-SRR33939694.11982/1 3 1283 1408 +edge_2_0_+disjointig_2_0_44285 34295 35573 44285 -1 -1 1022 0.0213675
Chain
	Aln	2	+SRR33939694.12063/1 183 1391 1413 +edge_2_0_+disjointig_2_0_44285 25586 26810 44285 -1 -1 853 0.0349366
Chain
	Aln	3	-SRR33939694.12063/1 21 1229 1413 -edge_2_0_+disjointig_2_0_44285 17474 18698 44285 -1 -1 853 0.0349366
Chain
	Aln	3	+SRR33939694.12094/1 115 1141 1203 -edge_2_0_+disjointig_2_0_44285 12714 13744 44285 -1 -1 691 0.0451549
Chain
	Aln	2	-SRR33939694.12094/1 61 1087 1203 +edge_2_0_+disjointig_2_0_44285 30540 31570 44285 -1 -1 691 0.0451549
Chain
	Aln	3	+SRR33939694.12100/1 134 1622 1641 -edge_2_0_+disjointig_2_0_44285 15736 17228 44285 -1 -1 1299 0.0165347
Chain
	Aln	2	-SRR33939694.12100/1 18 1506 1641 +edge_2_0_+disjointig_2_0_44285 27056 28548 44285 -1 -1 1299 0.0165347
Chain
	Aln	2	+SRR33939694.12223/1 124 1346 1348 +edge_2_0_+disjointig_2_0_44285 27879 29115 44285 -1 -1 874 0.0379517
Chain
	Aln	3	-SRR33939694.12223/1 1 1223 1348 -edge_2_0_+disjointig_2_0_44285 15169 16405 44285 -1 -1 874 0.0379517
Chain
	Aln	2	+SRR33939694.12207/1 114 1265 1343 +edge_2_0_+disjointig_2_0_44285 20076 21243 44285 -1 -1 868 0.030714
Chain
	Aln	3	-SRR33939694.12207/1 77 1228 1343 -edge_2_0_+disjointig_2_0_44285 23041 24208 44285 -1 -1 868 0.030714
Chain
	Aln	2	+SRR33939694.12238/1 124 1265 1285 +edge_2_0_+disjointig_2_0_44285 39827 40962 44285 -1 -1 1025 0.00939638
Chain
	Aln	3	-SRR33939694.12238/1 19 1160 1285 -edge_2_0_+disjointig_2_0_44285 3322 4457 44285 -1 -1 1025 0.00939638
Chain
	Aln	3	+SRR33939694.12340/1 119 1423 1425 -edge_2_0_+disjointig_2_0_44285 38646 39946 44285 -1 -1 1109 0.0203209
Chain
	Aln	2	-SRR33939694.12340/1 1 1305 1425 +edge_2_0_+disjointig_2_0_44285 4338 5638 44285 -1 -1 1109 0.0203209
Chain
	Aln	3	+SRR33939694.12426/1 128 1467 1470 -edge_2_0_+disjointig_2_0_44285 32631 33973 44285 -1 -1 1072 0.0234281
Chain
	Aln	2	-SRR33939694.12426/1 2 1341 1470 +edge_2_0_+disjointig_2_0_44285 10311 11653 44285 -1 -1 1072 0.0234281
Chain
	Aln	3	+SRR33939694.12497/1 121 1143 1148 -edge_2_0_+disjointig_2_0_44285 36421 37449 44285 -1 -1 879 0.015809
Chain
	Aln	2	-SRR33939694.12497/1 4 1026 1148 +edge_2_0_+disjointig_2_0_44285 6835 7863 44285 -1 -1 879 0.015809
Chain
	Aln	2	+SRR33939694.12468/1 131 1338 1340 +edge_2_0_+disjointig_2_0_44285 28316 29522 44285 -1 -1 956 0.0277729
Chain
	Aln	3	-SRR33939694.12468/1 1 1208 1340 -edge_2_0_+disjointig_2_0_44285 14762 15968 44285 -1 -1 956 0.0277729
Chain
	Aln	2	+SRR33939694.12537/1 117 1182 1188 +edge_2_0_+disjointig_2_0_44285 26880 27939 44285 -1 -1 984 0.0116502
Chain
	Aln	3	-SRR33939694.12537/1 5 1070 1188 -edge_2_0_+disjointig_2_0_44285 16345 17404 44285 -1 -1 984 0.0116502
Chain
	Aln	3	+SRR33939694.12507/1 116 1300 1303 -edge_2_0_+disjointig_2_0_44285 32565 33748 44285 -1 -1 1096 0.0139461
Chain
	Aln	2	-SRR33939694.12507/1 2 1186 1303 +edge_2_0_+disjointig_2_0_44285 10536 11719 44285 -1 -1 1096 0.0139461
Chain
	Aln	3	+SRR33939694.12578/1 144 1223 1233 -edge_2_0_+disjointig_2_0_44285 29148 30227 44285 -1 -1 954 0.0220437
Chain
	Aln	2	-SRR33939694.12578/1 9 1088 1233 +edge_2_0_+disjointig_2_0_44285 14057 15136 44285 -1 -1 954 0.0220437
Chain
	Aln	3	+SRR33939694.12552/1 107 1428 1470 -edge_2_0_+disjointig_2_0_44285 13394 14716 44285 -1 -1 1123 0.0154572
Chain
	Aln	2	-SRR33939694.12552/1 41 1362 1470 +edge_2_0_+disjointig_2_0_44285 29568 30890 44285 -1 -1 1123 0.0154572
Chain
	Aln	3	+SRR33939694.12621/1 142 1345 1351 -edge_2_0_+disjointig_2_0_44285 13661 14874 44285 -1 -1 1051 0.0171255
Chain
	Aln	2	-SRR33939694.12621/1 5 1208 1351 +edge_2_0_+disjointig_2_0_44285 29410 30623 44285 -1 -1 1051 0.0171255
Chain
	Aln	2	+SRR33939694.12684/1 167 1204 1243 +edge_2_0_+disjointig_2_0_44285 32630 33661 44285 -1 -1 816 0.0266367
Chain
	Aln	3	-SRR33939694.12684/1 38 1075 1243 -edge_2_0_+disjointig_2_0_44285 10623 11654 44285 -1 -1 816 0.0266367
Chain
	Aln	3	+SRR33939694.12703/1 132 1250 1261 -edge_2_0_+disjointig_2_0_44285 22918 24040 44285 -1 -1 954 0.0197347
Chain
	Aln	2	-SRR33939694.12703/1 10 1128 1261 +edge_2_0_+disjointig_2_0_44285 20244 21366 44285 -1 -1 954 0.0197347
Chain
	Aln	2	+SRR33939694.12710/1 124 1219 1221 +edge_2_0_+disjointig_2_0_44285 27147 28277 44285 -1 -1 809 0.0307165
Chain
	Aln	3	-SRR33939694.12710/1 1 1096 1221 -edge_2_0_+disjointig_2_0_44285 16007 17137 44285 -1 -1 809 0.0307165
Chain
	Aln	3	+SRR33939694.12722/1 138 1142 1162 -edge_2_0_+disjointig_2_0_44285 20012 21017 44285 -1 -1 853 0.0233404
Chain
	Aln	2	-SRR33939694.12722/1 19 1023 1162 +edge_2_0_+disjointig_2_0_44285 23267 24272 44285 -1 -1 853 0.0233404
Chain
	Aln	2	+SRR33939694.12805/1 113 1334 1339 +edge_2_0_+disjointig_2_0_44285 28506 29723 44285 -1 -1 920 0.0377341
Chain
	Aln	3	-SRR33939694.12805/1 4 1225 1339 -edge_2_0_+disjointig_2_0_44285 14561 15778 44285 -1 -1 920 0.0377341
Chain
	Aln	2	+SRR33939694.12876/1 130 1294 1325 +edge_2_0_+disjointig_2_0_44285 26585 27751 44285 -1 -1 1003 0.0196283
Chain
	Aln	3	-SRR33939694.12876/1 30 1194 1325 -edge_2_0_+disjointig_2_0_44285 16533 17699 44285 -1 -1 1003 0.0196283
Chain
	Aln	3	+SRR33939694.12854/1 123 1172 1178 -edge_2_0_+disjointig_2_0_44285 30618 31660 44285 -1 -1 935 0.0161816
Chain
	Aln	2	-SRR33939694.12854/1 5 1054 1178 +edge_2_0_+disjointig_2_0_44285 12624 13666 44285 -1 -1 935 0.0161816
Chain
	Aln	3	+SRR33939694.12982/1 116 1474 1484 -edge_2_0_+disjointig_2_0_44285 42880 44243 44285 -1 -1 1143 0.0163076
Chain
	Aln	2	-SRR33939694.12982/1 9 1367 1484 +edge_2_0_+disjointig_2_0_44285 41 1404 44285 -1 -1 1143 0.0163076
Chain
	Aln	3	+SRR33939694.13008/1 125 1166 1199 -edge_2_0_+disjointig_2_0_44285 36407 37449 44285 -1 -1 803 0.0289138
Chain
	Aln	2	-SRR33939694.13008/1 32 1073 1199 +edge_2_0_+disjointig_2_0_44285 6835 7877 44285 -1 -1 803 0.0289138
Chain
	Aln	2	+SRR33939694.13002/1 146 1553 1566 +edge_2_0_+disjointig_2_0_44285 36287 37707 44285 -1 -1 995 0.0386353
Chain
	Aln	3	-SRR33939694.13002/1 12 1419 1566 -edge_2_0_+disjointig_2_0_44285 6577 7997 44285 -1 -1 995 0.0386353
Chain
	Aln	3	+SRR33939694.12909/1 133 1659 1677 -edge_2_0_+disjointig_2_0_44285 2403 3931 44285 -1 -1 1238 0.0202788
Chain
	Aln	2	-SRR33939694.12909/1 17 1543 1677 +edge_2_0_+disjointig_2_0_44285 40353 41881 44285 -1 -1 1238 0.0202788
Chain
	Aln	2	+SRR33939694.12988/1 132 2108 2112 +edge_2_0_+disjointig_2_0_44285 533 2516 44285 -1 -1 1731 0.0164189
Chain
	Aln	3	-SRR33939694.12988/1 3 1979 2112 -edge_2_0_+disjointig_2_0_44285 41768 43751 44285 -1 -1 1731 0.0164189
Chain
	Aln	2	+SRR33939694.13056/1 123 1321 1334 +edge_2_0_+disjointig_2_0_44285 32823 34027 44285 -1 -1 937 0.0307117
Chain
	Aln	3	-SRR33939694.13056/1 12 1210 1334 -edge_2_0_+disjointig_2_0_44285 10257 11461 44285 -1 -1 937 0.0307117
Chain
	Aln	2	+SRR33939694.13095/1 152 1477 1514 +edge_2_0_+disjointig_2_0_44285 16394 17734 44285 -1 -1 1040 0.0309906
Chain
	Aln	3	-SRR33939694.13095/1 36 1361 1514 -edge_2_0_+disjointig_2_0_44285 26550 27890 44285 -1 -1 1040 0.0309906
Chain
	Aln	3	+SRR33939694.13151/1 106 1142 1146 -edge_2_0_+disjointig_2_0_44285 32391 33434 44285 -1 -1 965 0.0130708
Chain
	Aln	2	-SRR33939694.13151/1 3 1039 1146 +edge_2_0_+disjointig_2_0_44285 10850 11893 44285 -1 -1 965 0.0130708
Chain
	Aln	3	+SRR33939694.13157/1 143 1209 1212 -edge_2_0_+disjointig_2_0_44285 19952 21027 44285 -1 -1 834 0.0322892
Chain
	Aln	2	-SRR33939694.13157/1 2 1068 1212 +edge_2_0_+disjointig_2_0_44285 23257 24332 44285 -1 -1 834 0.0322892
Chain
	Aln	3	+SRR33939694.13170/1 138 1805 1819 -edge_2_0_+disjointig_2_0_44285 26238 27903 44285 -1 -1 1508 0.017322
Chain
	Aln	2	-SRR33939694.13170/1 13 1680 1819 +edge_2_0_+disjointig_2_0_44285 16381 18046 44285 -1 -1 1508 0.017322
Chain
	Aln	2	+SRR33939694.13201/1 121 1182 1201 +edge_2_0_+disjointig_2_0_44285 36872 37935 44285 -1 -1 765 0.0332116
Chain
	Aln	3	-SRR33939694.13201/1 18 1079 1201 -edge_2_0_+disjointig_2_0_44285 6349 7412 44285 -1 -1 765 0.0332116
Chain
	Aln	2	+SRR33939694.13193/1 117 1889 1898 +edge_2_0_+disjointig_2_0_44285 31126 32897 44285 -1 -1 1490 0.0224979
Chain
	Aln	3	-SRR33939694.13193/1 8 1780 1898 -edge_2_0_+disjointig_2_0_44285 11387 13158 44285 -1 -1 1490 0.0224979
Chain
	Aln	2	+SRR33939694.13395/1 117 1147 1162 +edge_2_0_+disjointig_2_0_44285 10650 11685 44285 -1 -1 788 0.0349408
Chain
	Aln	3	-SRR33939694.13395/1 14 1044 1162 -edge_2_0_+disjointig_2_0_44285 32599 33634 44285 -1 -1 788 0.0349408
Chain
	Aln	3	+SRR33939694.13314/1 131 1241 1245 -edge_2_0_+disjointig_2_0_44285 16361 17490 44285 -1 -1 983 0.0181197
Chain
	Aln	2	-SRR33939694.13314/1 3 1113 1245 +edge_2_0_+disjointig_2_0_44285 26794 27923 44285 -1 -1 983 0.0181197
Chain
	Aln	2	+SRR33939694.13340/1 123 1464 1471 +edge_2_0_+disjointig_2_0_44285 30952 32302 44285 -1 -1 879 0.0392827
Chain
	Aln	3	-SRR33939694.13340/1 6 1347 1471 -edge_2_0_+disjointig_2_0_44285 11982 13332 44285 -1 -1 879 0.0392827
Chain
	Aln	3	+SRR33939694.13476/1 130 1146 1156 -edge_2_0_+disjointig_2_0_44285 18207 19227 44285 -1 -1 818 0.0153495
Chain
	Aln	2	-SRR33939694.13476/1 9 1025 1156 +edge_2_0_+disjointig_2_0_44285 25057 26077 44285 -1 -1 818 0.0153495
Chain
	Aln	2	+SRR33939694.13484/1 147 1344 1347 +edge_2_0_+disjointig_2_0_44285 533 1741 44285 -1 -1 1065 0.0172402
Chain
	Aln	3	-SRR33939694.13484/1 2 1199 1347 -edge_2_0_+disjointig_2_0_44285 42543 43751 44285 -1 -1 1065 0.0172402
Chain
	Aln	3	+SRR33939694.13522/1 125 1279 1286 -edge_2_0_+disjointig_2_0_44285 4401 5558 44285 -1 -1 899 0.0261493
Chain
	Aln	2	-SRR33939694.13522/1 6 1160 1286 +edge_2_0_+disjointig_2_0_44285 38726 39883 44285 -1 -1 899 0.0261493
Chain
	Aln	3	+SRR33939694.13516/1 133 1606 1608 -edge_2_0_+disjointig_2_0_44285 41458 42936 44285 -1 -1 1375 0.00597715
Chain
	Aln	2	-SRR33939694.13516/1 1 1474 1608 +edge_2_0_+disjointig_2_0_44285 1348 2826 44285 -1 -1 1375 0.00597715
Chain
	Aln	2	+SRR33939694.13570/1 121 1144 1149 +edge_2_0_+disjointig_2_0_44285 27129 28173 44285 -1 -1 930 0.00937919
Chain
	Aln	3	-SRR33939694.13570/1 4 1027 1149 -edge_2_0_+disjointig_2_0_44285 16111 17155 44285 -1 -1 930 0.00937919
Chain
	Aln	2	+SRR33939694.13599/1 137 1183 1222 +edge_2_0_+disjointig_2_0_44285 39280 40329 44285 -1 -1 869 0.0235171
Chain
	Aln	3	-SRR33939694.13599/1 38 1084 1222 -edge_2_0_+disjointig_2_0_44285 3955 5004 44285 -1 -1 869 0.0235171
Chain
	Aln	3	+SRR33939694.13574/1 108 1408 1440 -edge_2_0_+disjointig_2_0_44285 6762 8076 44285 -1 -1 1077 0.0229096
Chain
	Aln	2	-SRR33939694.13574/1 31 1331 1440 +edge_2_0_+disjointig_2_0_44285 36208 37522 44285 -1 -1 1077 0.0229096
Chain
	Aln	3	+SRR33939694.13594/1 127 1392 1400 -edge_2_0_+disjointig_2_0_44285 37348 38625 44285 -1 -1 875 0.0369538
Chain
	Aln	2	-SRR33939694.13594/1 7 1272 1400 +edge_2_0_+disjointig_2_0_44285 5659 6936 44285 -1 -1 875 0.0369538
Chain
	Aln	2	+SRR33939694.13632/1 127 1204 1217 +edge_2_0_+disjointig_2_0_44285 35604 36685 44285 -1 -1 872 0.026211
Chain
	Aln	3	-SRR33939694.13632/1 12 1089 1217 -edge_2_0_+disjointig_2_0_44285 7599 8680 44285 -1 -1 872 0.026211
Chain
	Aln	3	+SRR33939694.13637/1 121 1230 1240 -edge_2_0_+disjointig_2_0_44285 2623 3722 44285 -1 -1 960 0.0159111
Chain
	Aln	2	-SRR33939694.13637/1 9 1118 1240 +edge_2_0_+disjointig_2_0_44285 40562 41661 44285 -1 -1 960 0.0159111
Chain
	Aln	2	+SRR33939694.13677/1 122 1311 1373 +edge_2_0_+disjointig_2_0_44285 5738 6936 44285 -1 -1 898 0.0260585
Chain
	Aln	3	-SRR33939694.13677/1 61 1250 1373 -edge_2_0_+disjointig_2_0_44285 37348 38546 44285 -1 -1 898 0.0260585
Chain
	Aln	3	+SRR33939694.13693/1 123 1130 1134 -edge_2_0_+disjointig_2_0_44285 16168 17188 44285 -1 -1 747 0.0302503
Chain
	Aln	2	-SRR33939694.13693/1 3 1010 1134 +edge_2_0_+disjointig_2_0_44285 27096 28116 44285 -1 -1 747 0.0302503
Chain
	Aln	2	+SRR33939694.13662/1 136 1720 1727 +edge_2_0_+disjointig_2_0_44285 78 1663 44285 -1 -1 1479 0.00936683
Chain
	Aln	3	-SRR33939694.13662/1 6 1590 1727 -edge_2_0_+disjointig_2_0_44285 42621 44206 44285 -1 -1 1479 0.00936683
Chain
	Aln	2	+SRR33939694.13698/1 137 1158 1170 +edge_2_0_+disjointig_2_0_44285 11056 12078 44285 -1 -1 892 0.0138419
Chain
	Aln	3	-SRR33939694.13698/1 11 1032 1170 -edge_2_0_+disjointig_2_0_44285 32206 33228 44285 -1 -1 892 0.0138419
Chain
	Aln	2	+SRR33939694.13757/1 156 1180 1194 +edge_2_0_+disjointig_2_0_44285 23406 24413 44285 -1 -1 833 0.0244421
Chain
	Aln	3	-SRR33939694.13757/1 13 1037 1194 -edge_2_0_+disjointig_2_0_44285 19871 20878 44285 -1 -1 833 0.0244421
Chain
	Aln	1	+SRR33939694.13669/1 570 3053 3063 -edge_1_0_+disjointig_1_0_47382 22651 25123 47382 -1 -1 2103 0.0197528
Chain
	Aln	0	-SRR33939694.13669/1 9 2492 3063 +edge_1_0_+disjointig_1_0_47382 22258 24730 47382 -1 -1 2103 0.0197528
Chain
	Aln	1	+SRR33939694.13416/1 243 6090 6106 -edge_1_0_+disjointig_1_0_47382 27755 33666 47382 -1 -1 3786 0.0388253
Chain
	Aln	0	-SRR33939694.13416/1 15 5862 6106 +edge_1_0_+disjointig_1_0_47382 13715 19626 47382 -1 -1 3786 0.0388253
Chain
	Aln	2	+SRR33939694.13829/1 172 1238 1244 +edge_2_0_+disjointig_2_0_44285 13938 15025 44285 -1 -1 713 0.0413198
Chain
	Aln	3	-SRR33939694.13829/1 5 1071 1244 -edge_2_0_+disjointig_2_0_44285 29259 30346 44285 -1 -1 713 0.0413198
Chain
	Aln	3	+SRR33939694.13895/1 113 1242 1266 -edge_2_0_+disjointig_2_0_44285 12288 13447 44285 -1 -1 828 0.0307781
Chain
	Aln	2	-SRR33939694.13895/1 23 1152 1266 +edge_2_0_+disjointig_2_0_44285 30837 31996 44285 -1 -1 828 0.0307781
Chain
	Aln	2	+SRR33939694.13848/1 117 1410 1417 +edge_2_0_+disjointig_2_0_44285 1005 2302 44285 -1 -1 1037 0.0217816
Chain
	Aln	3	-SRR33939694.13848/1 6 1299 1417 -edge_2_0_+disjointig_2_0_44285 41982 43279 44285 -1 -1 1037 0.0217816
Chain
	Aln	3	+SRR33939694.13845/1 126 1834 1842 -edge_2_0_+disjointig_2_0_44285 39544 41266 44285 -1 -1 1358 0.0224408
Chain
	Aln	2	-SRR33939694.13845/1 7 1715 1842 +edge_2_0_+disjointig_2_0_44285 3018 4740 44285 -1 -1 1358 0.0224408
Chain
	Aln	3	+SRR33939694.13852/1 133 1358 1365 -edge_2_0_+disjointig_2_0_44285 39998 41239 44285 -1 -1 759 0.04734
Chain
	Aln	2	-SRR33939694.13852/1 6 1231 1365 +edge_2_0_+disjointig_2_0_44285 3045 4286 44285 -1 -1 759 0.04734
Chain
	Aln	2	+SRR33939694.13904/1 120 1234 1238 +edge_2_0_+disjointig_2_0_44285 17030 18143 44285 -1 -1 989 0.0169447
Chain
	Aln	3	-SRR33939694.13904/1 3 1117 1238 -edge_2_0_+disjointig_2_0_44285 26141 27254 44285 -1 -1 989 0.0169447
Chain
	Aln	3	+SRR33939694.14072/1 122 1402 1404 -edge_2_0_+disjointig_2_0_44285 40337 41616 44285 -1 -1 1037 0.0232116
Chain
	Aln	2	-SRR33939694.14072/1 1 1281 1404 +edge_2_0_+disjointig_2_0_44285 2668 3947 44285 -1 -1 1037 0.0232116
Chain
	Aln	3	+SRR33939694.14149/1 124 1355 1358 -edge_2_0_+disjointig_2_0_44285 2404 3636 44285 -1 -1 1048 0.0194834
Chain
	Aln	2	-SRR33939694.14149/1 2 1233 1358 +edge_2_0_+disjointig_2_0_44285 40648 41880 44285 -1 -1 1048 0.0194834
Chain
	Aln	2	+SRR33939694.14197/1 136 1139 1148 +edge_2_0_+disjointig_2_0_44285 41883 42887 44285 -1 -1 939 0.00635933
Chain
	Aln	3	-SRR33939694.14197/1 8 1011 1148 -edge_2_0_+disjointig_2_0_44285 1397 2401 44285 -1 -1 939 0.00635933
Chain
	Aln	3	+SRR33939694.14124/1 121 1542 1589 -edge_2_0_+disjointig_2_0_44285 17230 18673 44285 -1 -1 1132 0.026279
Chain
	Aln	2	-SRR33939694.14124/1 46 1467 1589 +edge_2_0_+disjointig_2_0_44285 25611 27054 44285 -1 -1 1132 0.026279
Chain
	Aln	3	+SRR33939694.14232/1 119 1289 1301 -edge_2_0_+disjointig_2_0_44285 31837 33000 44285 -1 -1 1027 0.0202181
Chain
	Aln	2	-SRR33939694.14232/1 11 1181 1301 +edge_2_0_+disjointig_2_0_44285 11284 12447 44285 -1 -1 1027 0.0202181
Chain
	Aln	3	+SRR33939694.14221/1 144 1203 1217 -edge_2_0_+disjointig_2_0_44285 23833 24891 44285 -1 -1 987 0.00601487
Chain
	Aln	2	-SRR33939694.14221/1 13 1072 1217 +edge_2_0_+disjointig_2_0_44285 19393 20451 44285 -1 -1 987 0.00601487
Chain
	Aln	2	+SRR33939694.14263/1 175 1307 1318 +edge_2_0_+disjointig_2_0_44285 21101 22249 44285 -1 -1 848 0.0326184
Chain
	Aln	3	-SRR33939694.14263/1 10 1142 1318 -edge_2_0_+disjointig_2_0_44285 22035 23183 44285 -1 -1 848 0.0326184
Chain
	Aln	2	+SRR33939694.14295/1 134 1149 1156 +edge_2_0_+disjointig_2_0_44285 12 1032 44285 -1 -1 920 0.0129317
Chain
	Aln	3	-SRR33939694.14295/1 6 1021 1156 -edge_2_0_+disjointig_2_0_44285 43252 44272 44285 -1 -1 920 0.0129317
Chain
	Aln	2	+SRR33939694.14307/1 110 1283 1292 +edge_2_0_+disjointig_2_0_44285 6012 7198 44285 -1 -1 851 0.031199
Chain
	Aln	3	-SRR33939694.14307/1 8 1181 1292 -edge_2_0_+disjointig_2_0_44285 37086 38272 44285 -1 -1 851 0.031199
Chain
	Aln	2	+SRR33939694.14332/1 122 1565 1575 +edge_2_0_+disjointig_2_0_44285 29130 30571 44285 -1 -1 1088 0.0306383
Chain
	Aln	3	-SRR33939694.14332/1 9 1452 1575 -edge_2_0_+disjointig_2_0_44285 13713 15154 44285 -1 -1 1088 0.0306383
Chain
	Aln	3	+SRR33939694.14359/1 115 1293 1314 -edge_2_0_+disjointig_2_0_44285 23233 24412 44285 -1 -1 1038 0.0165326
Chain
	Aln	2	-SRR33939694.14359/1 20 1198 1314 +edge_2_0_+disjointig_2_0_44285 19872 21051 44285 -1 -1 1038 0.0165326
Chain
	Aln	3	+SRR33939694.14451/1 153 1793 1799 -edge_2_0_+disjointig_2_0_44285 11834 13486 44285 -1 -1 1416 0.0189103
Chain
	Aln	2	-SRR33939694.14451/1 5 1645 1799 +edge_2_0_+disjointig_2_0_44285 30798 32450 44285 -1 -1 1416 0.0189103
Chain
	Aln	2	+SRR33939694.14514/1 116 1540 1562 +edge_2_0_+disjointig_2_0_44285 15681 17118 44285 -1 -1 738 0.0536812
Chain
	Aln	3	-SRR33939694.14514/1 21 1445 1562 -edge_2_0_+disjointig_2_0_44285 27166 28603 44285 -1 -1 738 0.0536812
Chain
	Aln	3	+SRR33939694.14518/1 113 1279 1285 -edge_2_0_+disjointig_2_0_44285 2651 3811 44285 -1 -1 966 0.0177245
Chain
	Aln	2	-SRR33939694.14518/1 5 1171 1285 +edge_2_0_+disjointig_2_0_44285 40473 41633 44285 -1 -1 966 0.0177245
Chain
	Aln	3	+SRR33939694.14453/1 131 1512 1526 -edge_2_0_+disjointig_2_0_44285 18981 20371 44285 -1 -1 1111 0.0276878
Chain
	Aln	2	-SRR33939694.14453/1 13 1394 1526 +edge_2_0_+disjointig_2_0_44285 23913 25303 44285 -1 -1 1111 0.0276878
Chain
	Aln	1	+SRR33939694.14209/1 961 4694 4778 -edge_1_0_+disjointig_1_0_47382 147 3881 47382 -1 -1 2877 0.0288693
Chain
	Aln	0	-SRR33939694.14209/1 83 3816 4778 +edge_1_0_+disjointig_1_0_47382 43500 47234 47382 -1 -1 2877 0.0288693
Chain
	Aln	3	+SRR33939694.14365/1 118 1812 1814 -edge_2_0_+disjointig_2_0_44285 32050 33746 44285 -1 -1 1367 0.0282342
Chain
	Aln	2	-SRR33939694.14365/1 1 1695 1814 +edge_2_0_+disjointig_2_0_44285 10538 12234 44285 -1 -1 1367 0.0282342
Chain
	Aln	2	+SRR33939694.14544/1 109 1263 1269 +edge_2_0_+disjointig_2_0_44285 28597 29778 44285 -1 -1 624 0.0603847
Chain
	Aln	3	-SRR33939694.14544/1 5 1159 1269 -edge_2_0_+disjointig_2_0_44285 14506 15687 44285 -1 -1 624 0.0603847
Chain
	Aln	3	+SRR33939694.14563/1 119 1435 1440 -edge_2_0_+disjointig_2_0_44285 40946 42254 44285 -1 -1 984 0.0320062
Chain
	Aln	2	-SRR33939694.14563/1 4 1320 1440 +edge_2_0_+disjointig_2_0_44285 2030 3338 44285 -1 -1 984 0.0320062
Chain
	Aln	3	+SRR33939694.14612/1 117 1190 1221 -edge_2_0_+disjointig_2_0_44285 33181 34264 44285 -1 -1 910 0.0209685
Chain
	Aln	2	-SRR33939694.14612/1 30 1103 1221 +edge_2_0_+disjointig_2_0_44285 10020 11103 44285 -1 -1 910 0.0209685
Chain
	Aln	3	+SRR33939694.14596/1 213 1326 1330 -edge_2_0_+disjointig_2_0_44285 25137 26245 44285 -1 -1 945 0.0135081
Chain
	Aln	2	-SRR33939694.14596/1 3 1116 1330 +edge_2_0_+disjointig_2_0_44285 18039 19147 44285 -1 -1 945 0.0135081
Chain
	Aln	3	+SRR33939694.14613/1 117 1319 1342 -edge_2_0_+disjointig_2_0_44285 10257 11469 44285 -1 -1 947 0.0297592
Chain
	Aln	2	-SRR33939694.14613/1 22 1224 1342 +edge_2_0_+disjointig_2_0_44285 32815 34027 44285 -1 -1 947 0.0297592
Chain
	Aln	2	+SRR33939694.14623/1 119 1291 1295 +edge_2_0_+disjointig_2_0_44285 42397 43572 44285 -1 -1 893 0.0266233
Chain
	Aln	3	-SRR33939694.14623/1 3 1175 1295 -edge_2_0_+disjointig_2_0_44285 712 1887 44285 -1 -1 893 0.0266233
Chain
	Aln	2	+SRR33939694.14776/1 108 1532 1534 +edge_2_0_+disjointig_2_0_44285 38372 39797 44285 -1 -1 1230 0.0155794
Chain
	Aln	3	-SRR33939694.14776/1 1 1425 1534 -edge_2_0_+disjointig_2_0_44285 4487 5912 44285 -1 -1 1230 0.0155794
Chain
	Aln	2	+SRR33939694.14884/1 124 1131 1151 +edge_2_0_+disjointig_2_0_44285 10600 11609 44285 -1 -1 920 0.0194201
Chain
	Aln	3	-SRR33939694.14884/1 19 1026 1151 -edge_2_0_+disjointig_2_0_44285 32675 33684 44285 -1 -1 920 0.0194201
Chain
	Aln	3	+SRR33939694.14865/1 143 1322 1350 -edge_2_0_+disjointig_2_0_44285 11063 12252 44285 -1 -1 951 0.0260366
Chain
	Aln	2	-SRR33939694.14865/1 27 1206 1350 +edge_2_0_+disjointig_2_0_44285 32032 33221 44285 -1 -1 951 0.0260366
Chain
	Aln	3	+SRR33939694.14870/1 158 1578 1612 -edge_2_0_+disjointig_2_0_44285 32042 33483 44285 -1 -1 1102 0.0305567
Chain
	Aln	2	-SRR33939694.14870/1 33 1453 1612 +edge_2_0_+disjointig_2_0_44285 10801 12242 44285 -1 -1 1102 0.0305567
Chain
	Aln	2	+SRR33939694.14898/1 155 1616 1619 +edge_2_0_+disjointig_2_0_44285 11890 13372 44285 -1 -1 906 0.0532958
Chain
	Aln	3	-SRR33939694.14898/1 2 1463 1619 -edge_2_0_+disjointig_2_0_44285 30912 32394 44285 -1 -1 906 0.0532958
Chain
	Aln	3	+SRR33939694.14796/1 133 2713 2719 -edge_2_0_+disjointig_2_0_44285 19751 22348 44285 -1 -1 2138 0.0234964
Chain
	Aln	2	-SRR33939694.14796/1 5 2585 2719 +edge_2_0_+disjointig_2_0_44285 21936 24533 44285 -1 -1 2138 0.0234964
Chain
	Aln	2	+SRR33939694.14880/1 263 1981 2096 +edge_2_0_+disjointig_2_0_44285 18384 20111 44285 -1 -1 1238 0.0364982
Chain
	Aln	3	-SRR33939694.14880/1 114 1832 2096 -edge_2_0_+disjointig_2_0_44285 24173 25900 44285 -1 -1 1238 0.0364982
Chain
	Aln	3	+SRR33939694.14899/1 146 1270 1318 -edge_2_0_+disjointig_2_0_44285 30500 31626 44285 -1 -1 944 0.0241176
Chain
	Aln	2	-SRR33939694.14899/1 47 1171 1318 +edge_2_0_+disjointig_2_0_44285 12658 13784 44285 -1 -1 944 0.0241176
Chain
	Aln	3	+SRR33939694.14914/1 117 1144 1159 -edge_2_0_+disjointig_2_0_44285 8873 9900 44285 -1 -1 875 0.0222703
Chain
	Aln	2	-SRR33939694.14914/1 14 1041 1159 +edge_2_0_+disjointig_2_0_44285 34384 35411 44285 -1 -1 875 0.0222703
Chain
	Aln	3	+SRR33939694.14933/1 116 1201 1235 -edge_2_0_+disjointig_2_0_44285 26873 27961 44285 -1 -1 825 0.0340467
Chain
	Aln	2	-SRR33939694.14933/1 33 1118 1235 +edge_2_0_+disjointig_2_0_44285 16323 17411 44285 -1 -1 825 0.0340467
Chain
	Aln	2	+SRR33939694.15002/1 121 1194 1197 +edge_2_0_+disjointig_2_0_44285 14678 15751 44285 -1 -1 1013 0.00678743
Chain
	Aln	3	-SRR33939694.15002/1 2 1075 1197 -edge_2_0_+disjointig_2_0_44285 28533 29606 44285 -1 -1 1013 0.00678743
Chain
	Aln	2	+SRR33939694.15013/1 190 1250 1254 +edge_2_0_+disjointig_2_0_44285 16302 17368 44285 -1 -1 890 0.0253891
Chain
	Aln	3	-SRR33939694.15013/1 3 1063 1254 -edge_2_0_+disjointig_2_0_44285 26916 27982 44285 -1 -1 890 0.0253891
Chain
	Aln	2	+SRR33939694.15039/1 122 1309 1342 +edge_2_0_+disjointig_2_0_44285 728 1918 44285 -1 -1 825 0.0352243
Chain
	Aln	3	-SRR33939694.15039/1 32 1219 1342 -edge_2_0_+disjointig_2_0_44285 42366 43556 44285 -1 -1 825 0.0352243
Chain
	Aln	3	+SRR33939694.15253/1 113 1156 1163 -edge_2_0_+disjointig_2_0_44285 23315 24362 44285 -1 -1 890 0.0181335
Chain
	Aln	2	-SRR33939694.15253/1 6 1049 1163 +edge_2_0_+disjointig_2_0_44285 19922 20969 44285 -1 -1 890 0.0181335
Chain
	Aln	3	+SRR33939694.15220/1 120 1356 1364 -edge_2_0_+disjointig_2_0_44285 26016 27254 44285 -1 -1 1098 0.0169166
Chain
	Aln	2	-SRR33939694.15220/1 7 1243 1364 +edge_2_0_+disjointig_2_0_44285 17030 18268 44285 -1 -1 1098 0.0169166
Chain
	Aln	3	+SRR33939694.15233/1 112 2175 2184 -edge_2_0_+disjointig_2_0_44285 30828 32896 44285 -1 -1 1952 0.00755569
Chain
	Aln	2	-SRR33939694.15233/1 8 2071 2184 +edge_2_0_+disjointig_2_0_44285 11388 13456 44285 -1 -1 1952 0.00755569
Chain
	Aln	2	+SRR33939694.15410/1 122 1299 1301 +edge_2_0_+disjointig_2_0_44285 6281 7461 44285 -1 -1 970 0.0226995
Chain
	Aln	3	-SRR33939694.15410/1 1 1178 1301 -edge_2_0_+disjointig_2_0_44285 36823 38003 44285 -1 -1 970 0.0226995
Chain
	Aln	3	+SRR33939694.15365/1 117 2026 2032 -edge_2_0_+disjointig_2_0_44285 20336 22246 44285 -1 -1 1570 0.0213029
Chain
	Aln	2	-SRR33939694.15365/1 5 1914 2032 +edge_2_0_+disjointig_2_0_44285 22038 23948 44285 -1 -1 1570 0.0213029
Chain
	Aln	3	+SRR33939694.15379/1 160 1478 1495 -edge_2_0_+disjointig_2_0_44285 38376 39702 44285 -1 -1 887 0.0406094
Chain
	Aln	2	-SRR33939694.15379/1 16 1334 1495 +edge_2_0_+disjointig_2_0_44285 4582 5908 44285 -1 -1 887 0.0406094
Chain
	Aln	2	+SRR33939694.15598/1 123 1141 1148 +edge_2_0_+disjointig_2_0_44285 7436 8459 44285 -1 -1 950 0.00500347
Chain
	Aln	3	-SRR33939694.15598/1 6 1024 1148 -edge_2_0_+disjointig_2_0_44285 35825 36848 44285 -1 -1 950 0.00500347
Chain
	Aln	2	+SRR33939694.15677/1 118 1156 1192 +edge_2_0_+disjointig_2_0_44285 38715 39776 44285 -1 -1 719 0.0369686
Chain
	Aln	3	-SRR33939694.15677/1 35 1073 1192 -edge_2_0_+disjointig_2_0_44285 4508 5569 44285 -1 -1 719 0.0369686
Chain
	Aln	2	+SRR33939694.15603/1 119 1518 1527 +edge_2_0_+disjointig_2_0_44285 35267 36675 44285 -1 -1 1251 0.0154676
Chain
	Aln	3	-SRR33939694.15603/1 8 1407 1527 -edge_2_0_+disjointig_2_0_44285 7609 9017 44285 -1 -1 1251 0.0154676
Chain
	Aln	3	+SRR33939694.15695/1 131 1504 1507 -edge_2_0_+disjointig_2_0_44285 25524 26899 44285 -1 -1 1214 0.0152792
Chain
	Aln	2	-SRR33939694.15695/1 2 1375 1507 +edge_2_0_+disjointig_2_0_44285 17385 18760 44285 -1 -1 1214 0.0152792
Chain
	Aln	2	+SRR33939694.15625/1 115 1856 1875 +edge_2_0_+disjointig_2_0_44285 992 2762 44285 -1 -1 1297 0.0295272
Chain
	Aln	3	-SRR33939694.15625/1 18 1759 1875 -edge_2_0_+disjointig_2_0_44285 41522 43292 44285 -1 -1 1297 0.0295272
Chain
	Aln	3	+SRR33939694.15787/1 114 1200 1212 -edge_2_0_+disjointig_2_0_44285 26152 27245 44285 -1 -1 990 0.0190056
Chain
	Aln	2	-SRR33939694.15787/1 11 1097 1212 +edge_2_0_+disjointig_2_0_44285 17039 18132 44285 -1 -1 990 0.0190056
Chain
	Aln	3	+SRR33939694.15794/1 134 1800 1822 -edge_2_0_+disjointig_2_0_44285 37298 38978 44285 -1 -1 1179 0.0292371
Chain
	Aln	2	-SRR33939694.15794/1 21 1687 1822 +edge_2_0_+disjointig_2_0_44285 5306 6986 44285 -1 -1 1179 0.0292371
Chain
	Aln	2	+SRR33939694.15862/1 139 1662 1687 +edge_2_0_+disjointig_2_0_44285 2834 4362 44285 -1 -1 1137 0.0359214
Chain
	Aln	3	-SRR33939694.15862/1 24 1547 1687 -edge_2_0_+disjointig_2_0_44285 39922 41450 44285 -1 -1 1137 0.0359214
Chain
	Aln	3	+SRR33939694.16015/1 117 1135 1146 -edge_2_0_+disjointig_2_0_44285 42487 43495 44285 -1 -1 652 0.0405426
Chain
	Aln	2	-SRR33939694.16015/1 10 1028 1146 +edge_2_0_+disjointig_2_0_44285 789 1797 44285 -1 -1 652 0.0405426
Chain
	Aln	2	+SRR33939694.15971/1 124 1599 1618 +edge_2_0_+disjointig_2_0_44285 26900 28381 44285 -1 -1 1079 0.0306781
Chain
	Aln	3	-SRR33939694.15971/1 18 1493 1618 -edge_2_0_+disjointig_2_0_44285 15903 17384 44285 -1 -1 1079 0.0306781
Chain
	Aln	3	+SRR33939694.16082/1 120 1196 1206 -edge_2_0_+disjointig_2_0_44285 10290 11379 44285 -1 -1 789 0.0295148
Chain
	Aln	2	-SRR33939694.16082/1 9 1085 1206 +edge_2_0_+disjointig_2_0_44285 32905 33994 44285 -1 -1 789 0.0295148
Chain
	Aln	2	+SRR33939694.16084/1 113 1270 1281 +edge_2_0_+disjointig_2_0_44285 11117 12283 44285 -1 -1 1055 0.013392
Chain
	Aln	3	-SRR33939694.16084/1 10 1167 1281 -edge_2_0_+disjointig_2_0_44285 32001 33167 44285 -1 -1 1055 0.013392
Chain
	Aln	3	+SRR33939694.16091/1 119 1599 1609 -edge_2_0_+disjointig_2_0_44285 10730 12214 44285 -1 -1 1200 0.0235428
Chain
	Aln	2	-SRR33939694.16091/1 9 1489 1609 +edge_2_0_+disjointig_2_0_44285 32070 33554 44285 -1 -1 1200 0.0235428
Chain
	Aln	2	+SRR33939694.16182/1 127 1174 1178 +edge_2_0_+disjointig_2_0_44285 36722 37769 44285 -1 -1 763 0.0344984
Chain
	Aln	3	-SRR33939694.16182/1 3 1050 1178 -edge_2_0_+disjointig_2_0_44285 6515 7562 44285 -1 -1 763 0.0344984
Chain
	Aln	2	+SRR33939694.16159/1 150 1344 1350 +edge_2_0_+disjointig_2_0_44285 9429 10616 44285 -1 -1 1110 0.00820853
Chain
	Aln	3	-SRR33939694.16159/1 5 1199 1350 -edge_2_0_+disjointig_2_0_44285 33668 34855 44285 -1 -1 1110 0.00820853
Chain
	Aln	3	+SRR33939694.16118/1 166 1838 1865 -edge_2_0_+disjointig_2_0_44285 19427 21114 44285 -1 -1 1402 0.0273085
Chain
	Aln	2	-SRR33939694.16118/1 26 1698 1865 +edge_2_0_+disjointig_2_0_44285 23170 24857 44285 -1 -1 1402 0.0273085
Chain
	Aln	3	+SRR33939694.16164/1 159 1473 1479 -edge_2_0_+disjointig_2_0_44285 16948 18290 44285 -1 -1 970 0.0310783
Chain
	Aln	2	-SRR33939694.16164/1 5 1319 1479 +edge_2_0_+disjointig_2_0_44285 25994 27336 44285 -1 -1 970 0.0310783
Chain
	Aln	3	+SRR33939694.16232/1 108 1294 1305 -edge_2_0_+disjointig_2_0_44285 1540 2729 44285 -1 -1 1114 0.00642574
Chain
	Aln	2	-SRR33939694.16232/1 10 1196 1305 +edge_2_0_+disjointig_2_0_44285 41555 42744 44285 -1 -1 1114 0.00642574
Chain
	Aln	3	+SRR33939694.16247/1 114 1434 1437 -edge_2_0_+disjointig_2_0_44285 15503 16830 44285 -1 -1 1089 0.0227669
Chain
	Aln	2	-SRR33939694.16247/1 2 1322 1437 +edge_2_0_+disjointig_2_0_44285 27454 28781 44285 -1 -1 1089 0.0227669
Chain
	Aln	3	+SRR33939694.16251/1 126 1706 1717 -edge_2_0_+disjointig_2_0_44285 11906 13510 44285 -1 -1 1270 0.0271499
Chain
	Aln	2	-SRR33939694.16251/1 10 1590 1717 +edge_2_0_+disjointig_2_0_44285 30774 32378 44285 -1 -1 1270 0.0271499
Chain
	Aln	2	+SRR33939694.16275/1 117 1197 1203 +edge_2_0_+disjointig_2_0_44285 12012 13099 44285 -1 -1 1001 0.0113914
Chain
	Aln	3	-SRR33939694.16275/1 5 1085 1203 -edge_2_0_+disjointig_2_0_44285 31185 32272 44285 -1 -1 1001 0.0113914
Chain
	Aln	2	+SRR33939694.16281/1 119 1140 1144 +edge_2_0_+disjointig_2_0_44285 6069 7088 44285 -1 -1 802 0.0247497
Chain
	Aln	3	-SRR33939694.16281/1 3 1024 1144 -edge_2_0_+disjointig_2_0_44285 37196 38215 44285 -1 -1 802 0.0247497
Chain
	Aln	2	+SRR33939694.16287/1 138 1253 1256 +edge_2_0_+disjointig_2_0_44285 2607 3727 44285 -1 -1 759 0.0407258
Chain
	Aln	3	-SRR33939694.16287/1 2 1117 1256 -edge_2_0_+disjointig_2_0_44285 40557 41677 44285 -1 -1 759 0.0407258
Chain
	Aln	2	+SRR33939694.16266/1 111 2508 2550 +edge_2_0_+disjointig_2_0_44285 41834 44240 44285 -1 -1 1485 0.0437889
Chain
	Aln	3	-SRR33939694.16266/1 41 2438 2550 -edge_2_0_+disjointig_2_0_44285 44 2450 44285 -1 -1 1485 0.0437889
Chain
	Aln	2	+SRR33939694.16380/1 116 1311 1316 +edge_2_0_+disjointig_2_0_44285 37933 39122 44285 -1 -1 1065 0.0166037
Chain
	Aln	3	-SRR33939694.16380/1 4 1199 1316 -edge_2_0_+disjointig_2_0_44285 5162 6351 44285 -1 -1 1065 0.0166037
Chain
	Aln	3	+SRR33939694.16389/1 107 1194 1200 -edge_2_0_+disjointig_2_0_44285 21699 22776 44285 -1 -1 834 0.0251525
Chain
	Aln	2	-SRR33939694.16389/1 5 1092 1200 +edge_2_0_+disjointig_2_0_44285 21508 22585 44285 -1 -1 834 0.0251525
Chain
	Aln	2	+SRR33939694.16399/1 133 1163 1169 +edge_2_0_+disjointig_2_0_44285 38804 39843 44285 -1 -1 877 0.0198216
Chain
	Aln	3	-SRR33939694.16399/1 5 1035 1169 -edge_2_0_+disjointig_2_0_44285 4441 5480 44285 -1 -1 877 0.0198216
Chain
	Aln	2	+SRR33939694.16434/1 111 1346 1350 +edge_2_0_+disjointig_2_0_44285 35410 36645 44285 -1 -1 1052 0.0211064
Chain
	Aln	3	-SRR33939694.16434/1 3 1238 1350 -edge_2_0_+disjointig_2_0_44285 7639 8874 44285 -1 -1 1052 0.0211064
Chain
	Aln	2	+SRR33939694.16465/1 123 1291 1295 +edge_2_0_+disjointig_2_0_44285 6785 7951 44285 -1 -1 991 0.0189602
Chain
	Aln	3	-SRR33939694.16465/1 3 1171 1295 -edge_2_0_+disjointig_2_0_44285 36333 37499 44285 -1 -1 991 0.0189602
Chain
	Aln	2	+SRR33939694.16441/1 191 1871 1887 +edge_2_0_+disjointig_2_0_44285 12861 14535 44285 -1 -1 1233 0.029873
Chain
	Aln	3	-SRR33939694.16441/1 15 1695 1887 -edge_2_0_+disjointig_2_0_44285 29749 31423 44285 -1 -1 1233 0.029873
Chain
	Aln	2	+SRR33939694.16456/1 134 2095 2097 +edge_2_0_+disjointig_2_0_44285 16016 17997 44285 -1 -1 1453 0.032924
Chain
	Aln	3	-SRR33939694.16456/1 1 1962 2097 -edge_2_0_+disjointig_2_0_44285 26287 28268 44285 -1 -1 1453 0.032924
Chain
	Aln	3	+SRR33939694.16541/1 118 1789 1814 -edge_2_0_+disjointig_2_0_44285 24721 26389 44285 -1 -1 1496 0.0115261
Chain
	Aln	2	-SRR33939694.16541/1 24 1695 1814 +edge_2_0_+disjointig_2_0_44285 17895 19563 44285 -1 -1 1496 0.0115261
Chain
	Aln	2	+SRR33939694.16603/1 123 1492 1505 +edge_2_0_+disjointig_2_0_44285 24797 26174 44285 -1 -1 1137 0.023176
Chain
	Aln	3	-SRR33939694.16603/1 12 1381 1505 -edge_2_0_+disjointig_2_0_44285 18110 19487 44285 -1 -1 1137 0.023176
Chain
	Aln	3	+SRR33939694.16625/1 111 1320 1335 -edge_2_0_+disjointig_2_0_44285 17621 18836 44285 -1 -1 1079 0.0124318
Chain
	Aln	2	-SRR33939694.16625/1 14 1223 1335 +edge_2_0_+disjointig_2_0_44285 25448 26663 44285 -1 -1 1079 0.0124318
Chain
	Aln	3	+SRR33939694.16761/1 145 1326 1329 -edge_2_0_+disjointig_2_0_44285 19764 20948 44285 -1 -1 1084 0.0164195
Chain
	Aln	2	-SRR33939694.16761/1 2 1183 1329 +edge_2_0_+disjointig_2_0_44285 23336 24520 44285 -1 -1 1084 0.0164195
Chain
	Aln	2	+SRR33939694.16793/1 124 1358 1365 +edge_2_0_+disjointig_2_0_44285 8979 10217 44285 -1 -1 1035 0.0212491
Chain
	Aln	3	-SRR33939694.16793/1 6 1240 1365 -edge_2_0_+disjointig_2_0_44285 34067 35305 44285 -1 -1 1035 0.0212491
Chain
	Aln	2	+SRR33939694.16696/1 121 1441 1453 +edge_2_0_+disjointig_2_0_44285 10969 12283 44285 -1 -1 931 0.042825
Chain
	Aln	3	-SRR33939694.16696/1 11 1331 1453 -edge_2_0_+disjointig_2_0_44285 32001 33315 44285 -1 -1 931 0.042825
Chain
	Aln	1	+SRR33939694.16587/1 105 2572 2598 -edge_1_0_+disjointig_1_0_47382 41362 43845 47382 -1 -1 1825 0.0292164
Chain
	Aln	0	-SRR33939694.16587/1 25 2492 2598 +edge_1_0_+disjointig_1_0_47382 3536 6019 47382 -1 -1 1825 0.0292164
Chain
	Aln	2	+SRR33939694.16804/1 133 1354 1356 +edge_2_0_+disjointig_2_0_44285 37279 38489 44285 -1 -1 765 0.0419003
Chain
	Aln	3	-SRR33939694.16804/1 1 1222 1356 -edge_2_0_+disjointig_2_0_44285 5795 7005 44285 -1 -1 765 0.0419003
Chain
	Aln	2	+SRR33939694.16838/1 157 1309 1316 +edge_2_0_+disjointig_2_0_44285 32259 33414 44285 -1 -1 813 0.0349702
Chain
	Aln	3	-SRR33939694.16838/1 6 1158 1316 -edge_2_0_+disjointig_2_0_44285 10870 12025 44285 -1 -1 813 0.0349702
Chain
	Aln	2	+SRR33939694.16814/1 118 1286 1305 +edge_2_0_+disjointig_2_0_44285 11412 12581 44285 -1 -1 672 0.0468108
Chain
	Aln	3	-SRR33939694.16814/1 18 1186 1305 -edge_2_0_+disjointig_2_0_44285 31703 32872 44285 -1 -1 672 0.0468108
Chain
	Aln	2	+SRR33939694.16913/1 123 1136 1139 +edge_2_0_+disjointig_2_0_44285 17540 18551 44285 -1 -1 785 0.0262479
Chain
	Aln	3	-SRR33939694.16913/1 2 1015 1139 -edge_2_0_+disjointig_2_0_44285 25733 26744 44285 -1 -1 785 0.0262479
Chain
	Aln	3	+SRR33939694.16928/1 107 1326 1353 -edge_2_0_+disjointig_2_0_44285 7056 8290 44285 -1 -1 867 0.039885
Chain
	Aln	2	-SRR33939694.16928/1 26 1245 1353 +edge_2_0_+disjointig_2_0_44285 35994 37228 44285 -1 -1 867 0.039885
Chain
	Aln	2	+SRR33939694.16848/1 112 2153 2158 +edge_2_0_+disjointig_2_0_44285 24110 26152 44285 -1 -1 1909 0.00953944
Chain
	Aln	3	-SRR33939694.16848/1 4 2045 2158 -edge_2_0_+disjointig_2_0_44285 18132 20174 44285 -1 -1 1909 0.00953944
Chain
	Aln	2	+SRR33939694.16914/1 117 2247 2251 +edge_2_0_+disjointig_2_0_44285 14508 16665 44285 -1 -1 1557 0.0335308
Chain
	Aln	3	-SRR33939694.16914/1 3 2133 2251 -edge_2_0_+disjointig_2_0_44285 27619 29776 44285 -1 -1 1557 0.0335308
Chain
	Aln	2	+SRR33939694.16996/1 187 1239 1282 +edge_2_0_+disjointig_2_0_44285 3741 4807 44285 -1 -1 744 0.0372451
Chain
	Aln	3	-SRR33939694.16996/1 42 1094 1282 -edge_2_0_+disjointig_2_0_44285 39477 40543 44285 -1 -1 744 0.0372451
Chain
	Aln	3	+SRR33939694.17036/1 120 1361 1369 -edge_2_0_+disjointig_2_0_44285 14108 15356 44285 -1 -1 1027 0.0255937
Chain
	Aln	2	-SRR33939694.17036/1 7 1248 1369 +edge_2_0_+disjointig_2_0_44285 28928 30176 44285 -1 -1 1027 0.0255937
Chain
	Aln	3	+SRR33939694.17087/1 114 1628 1641 -edge_2_0_+disjointig_2_0_44285 6880 8416 44285 -1 -1 1106 0.0335629
Chain
	Aln	2	-SRR33939694.17087/1 12 1526 1641 +edge_2_0_+disjointig_2_0_44285 35868 37404 44285 -1 -1 1106 0.0335629
Chain
	Aln	3	+SRR33939694.17069/1 152 1673 1690 -edge_2_0_+disjointig_2_0_44285 9921 11461 44285 -1 -1 1248 0.0225584
Chain
	Aln	2	-SRR33939694.17069/1 16 1537 1690 +edge_2_0_+disjointig_2_0_44285 32823 34363 44285 -1 -1 1248 0.0225584
Chain
	Aln	2	+SRR33939694.17149/1 114 1287 1290 +edge_2_0_+disjointig_2_0_44285 34832 36043 44285 -1 -1 838 0.0347887
Chain
	Aln	3	-SRR33939694.17149/1 2 1175 1290 -edge_2_0_+disjointig_2_0_44285 8241 9452 44285 -1 -1 838 0.0347887
Chain
	Aln	3	+SRR33939694.17098/1 105 2509 2516 -edge_2_0_+disjointig_2_0_44285 39122 41560 44285 -1 -1 2069 0.0165312
Chain
	Aln	2	-SRR33939694.17098/1 6 2410 2516 +edge_2_0_+disjointig_2_0_44285 2724 5162 44285 -1 -1 2069 0.0165312
Chain
	Aln	1	+SRR33939694.17111/1 626 2380 2384 -edge_1_0_+disjointig_1_0_47382 43812 45564 47382 -1 -1 1552 0.0129826
Chain
	Aln	0	-SRR33939694.17111/1 3 1757 2384 +edge_1_0_+disjointig_1_0_47382 1817 3569 47382 -1 -1 1552 0.0129826
Chain
	Aln	3	+SRR33939694.16989/1 116 4806 4813 -edge_2_0_+disjointig_2_0_44285 31955 36685 44285 -1 -1 3430 0.0318413
Chain
	Aln	2	-SRR33939694.16989/1 6 4696 4813 +edge_2_0_+disjointig_2_0_44285 7599 12329 44285 -1 -1 3430 0.0318413
Chain
	Aln	2	+SRR33939694.17162/1 177 1463 1467 +edge_2_0_+disjointig_2_0_44285 4259 5577 44285 -1 -1 670 0.0624269
Chain
	Aln	3	-SRR33939694.17162/1 3 1289 1467 -edge_2_0_+disjointig_2_0_44285 38707 40025 44285 -1 -1 670 0.0624269
Chain
	Aln	3	+SRR33939694.17164/1 132 1319 1323 -edge_2_0_+disjointig_2_0_44285 2164 3342 44285 -1 -1 1056 0.00880386
Chain
	Aln	2	-SRR33939694.17164/1 3 1190 1323 +edge_2_0_+disjointig_2_0_44285 40942 42120 44285 -1 -1 1056 0.00880386
Chain
	Aln	3	+SRR33939694.17191/1 131 1133 1150 -edge_2_0_+disjointig_2_0_44285 5354 6371 44285 -1 -1 562 0.0563624
Chain
	Aln	2	-SRR33939694.17191/1 16 1018 1150 +edge_2_0_+disjointig_2_0_44285 37913 38930 44285 -1 -1 562 0.0563624
Chain
	Aln	2	+SRR33939694.17279/1 110 1261 1276 +edge_2_0_+disjointig_2_0_44285 7001 8148 44285 -1 -1 970 0.0200393
Chain
	Aln	3	-SRR33939694.17279/1 14 1165 1276 -edge_2_0_+disjointig_2_0_44285 36136 37283 44285 -1 -1 970 0.0200393
Chain
	Aln	2	+SRR33939694.17283/1 117 1215 1231 +edge_2_0_+disjointig_2_0_44285 9112 10215 44285 -1 -1 740 0.0421794
Chain
	Aln	3	-SRR33939694.17283/1 15 1113 1231 -edge_2_0_+disjointig_2_0_44285 34069 35172 44285 -1 -1 740 0.0421794
Chain
	Aln	2	+SRR33939694.17312/1 114 1163 1197 +edge_2_0_+disjointig_2_0_44285 33686 34734 44285 -1 -1 930 0.0157773
Chain
	Aln	3	-SRR33939694.17312/1 33 1082 1197 -edge_2_0_+disjointig_2_0_44285 9550 10598 44285 -1 -1 930 0.0157773
Chain
	Aln	2	+SRR33939694.17213/1 140 2060 2062 +edge_2_0_+disjointig_2_0_44285 2856 4767 44285 -1 -1 1677 0.0147357
Chain
	Aln	3	-SRR33939694.17213/1 1 1921 2062 -edge_2_0_+disjointig_2_0_44285 39517 41428 44285 -1 -1 1677 0.0147357
Chain
	Aln	0	+SRR33939694.17206/1 671 2759 2768 +edge_1_0_+disjointig_1_0_47382 44815 46906 47382 -1 -1 1655 0.0271169
Chain
	Aln	1	-SRR33939694.17206/1 8 2096 2768 -edge_1_0_+disjointig_1_0_47382 475 2566 47382 -1 -1 1655 0.0271169
Chain
	Aln	0	+SRR33939694.17430/1 773 1925 1928 +edge_1_0_+disjointig_1_0_47382 20382 21549 47382 -1 -1 710 0.0492136
Chain
	Aln	1	-SRR33939694.17430/1 2 1154 1928 -edge_1_0_+disjointig_1_0_47382 25832 26999 47382 -1 -1 710 0.0492136
Chain
	Aln	2	+SRR33939694.17585/1 126 1221 1224 +edge_2_0_+disjointig_2_0_44285 3252 4362 44285 -1 -1 986 0.0148293
Chain
	Aln	3	-SRR33939694.17585/1 2 1097 1224 -edge_2_0_+disjointig_2_0_44285 39922 41032 44285 -1 -1 986 0.0148293
Chain
	Aln	2	+SRR33939694.17560/1 122 1682 1689 +edge_2_0_+disjointig_2_0_44285 16100 17672 44285 -1 -1 1136 0.0327333
Chain
	Aln	3	-SRR33939694.17560/1 6 1566 1689 -edge_2_0_+disjointig_2_0_44285 26612 28184 44285 -1 -1 1136 0.0327333
Chain
	Aln	2	+SRR33939694.17622/1 137 1495 1498 +edge_2_0_+disjointig_2_0_44285 28360 29742 44285 -1 -1 1144 0.0255156
Chain
	Aln	3	-SRR33939694.17622/1 2 1360 1498 -edge_2_0_+disjointig_2_0_44285 14542 15924 44285 -1 -1 1144 0.0255156
Chain
	Aln	3	+SRR33939694.17636/1 123 1753 1759 -edge_2_0_+disjointig_2_0_44285 22375 24040 44285 -1 -1 731 0.0676153
Chain
	Aln	2	-SRR33939694.17636/1 5 1635 1759 +edge_2_0_+disjointig_2_0_44285 20244 21909 44285 -1 -1 731 0.0676153
Chain
	Aln	1	+SRR33939694.16961/1 421 8576 8579 -edge_1_0_+disjointig_1_0_47382 35824 44023 47382 -1 -1 6858 0.0195636
Chain
	Aln	0	-SRR33939694.16961/1 2 8157 8579 +edge_1_0_+disjointig_1_0_47382 3358 11557 47382 -1 -1 6858 0.0195636
Chain
	Aln	3	+SRR33939694.17677/1 141 1294 1299 -edge_2_0_+disjointig_2_0_44285 22027 23183 44285 -1 -1 597 0.059895
Chain
	Aln	2	-SRR33939694.17677/1 4 1157 1299 +edge_2_0_+disjointig_2_0_44285 21101 22257 44285 -1 -1 597 0.059895
Chain
	Aln	2	+SRR33939694.17721/1 122 1255 1258 +edge_2_0_+disjointig_2_0_44285 2222 3369 44285 -1 -1 881 0.0239211
Chain
	Aln	3	-SRR33939694.17721/1 2 1135 1258 -edge_2_0_+disjointig_2_0_44285 40915 42062 44285 -1 -1 881 0.0239211
Chain
	Aln	2	+SRR33939694.17737/1 186 1410 1413 +edge_2_0_+disjointig_2_0_44285 31480 32701 44285 -1 -1 804 0.0373778
Chain
	Aln	3	-SRR33939694.17737/1 2 1226 1413 -edge_2_0_+disjointig_2_0_44285 11583 12804 44285 -1 -1 804 0.0373778
Chain
	Aln	3	+SRR33939694.17717/1 133 1818 1841 -edge_2_0_+disjointig_2_0_44285 10696 12405 44285 -1 -1 1478 0.0206365
Chain
	Aln	2	-SRR33939694.17717/1 22 1707 1841 +edge_2_0_+disjointig_2_0_44285 31879 33588 44285 -1 -1 1478 0.0206365
Chain
	Aln	3	+SRR33939694.17818/1 134 1164 1167 -edge_2_0_+disjointig_2_0_44285 21509 22565 44285 -1 -1 870 0.0207763
Chain
	Aln	2	-SRR33939694.17818/1 2 1032 1167 +edge_2_0_+disjointig_2_0_44285 21719 22775 44285 -1 -1 870 0.0207763
Chain
	Aln	3	+SRR33939694.17799/1 121 1279 1312 -edge_2_0_+disjointig_2_0_44285 3322 4472 44285 -1 -1 882 0.0297936
Chain
	Aln	2	-SRR33939694.17799/1 32 1190 1312 +edge_2_0_+disjointig_2_0_44285 39812 40962 44285 -1 -1 882 0.0297936
Chain
	Aln	3	+SRR33939694.17850/1 124 1718 1760 -edge_2_0_+disjointig_2_0_44285 35463 37047 44285 -1 -1 1233 0.026782
Chain
	Aln	2	-SRR33939694.17850/1 41 1635 1760 +edge_2_0_+disjointig_2_0_44285 7237 8821 44285 -1 -1 1233 0.026782
Chain
	Aln	3	+SRR33939694.17875/1 125 1608 1614 -edge_2_0_+disjointig_2_0_44285 18076 19572 44285 -1 -1 1277 0.0166922
Chain
	Aln	2	-SRR33939694.17875/1 5 1488 1614 +edge_2_0_+disjointig_2_0_44285 24712 26208 44285 -1 -1 1277 0.0166922
Chain
	Aln	3	+SRR33939694.17956/1 123 1223 1226 -edge_2_0_+disjointig_2_0_44285 36775 37888 44285 -1 -1 595 0.0439232
Chain
	Aln	2	-SRR33939694.17956/1 2 1102 1226 +edge_2_0_+disjointig_2_0_44285 6396 7509 44285 -1 -1 595 0.0439232
Chain
	Aln	3	+SRR33939694.17957/1 131 1151 1155 -edge_2_0_+disjointig_2_0_44285 42598 43631 44285 -1 -1 748 0.0299449
Chain
	Aln	2	-SRR33939694.17957/1 3 1023 1155 +edge_2_0_+disjointig_2_0_44285 653 1686 44285 -1 -1 748 0.0299449
Chain
	Aln	2	+SRR33939694.18017/1 118 1477 1486 +edge_2_0_+disjointig_2_0_44285 16606 17976 44285 -1 -1 984 0.0392214
Chain
	Aln	3	-SRR33939694.18017/1 8 1367 1486 -edge_2_0_+disjointig_2_0_44285 26308 27678 44285 -1 -1 984 0.0392214
Chain
	Aln	2	+SRR33939694.18031/1 121 1315 1322 +edge_2_0_+disjointig_2_0_44285 24237 25436 44285 -1 -1 782 0.0424725
Chain
	Aln	3	-SRR33939694.18031/1 6 1200 1322 -edge_2_0_+disjointig_2_0_44285 18848 20047 44285 -1 -1 782 0.0424725
Chain
	Aln	3	+SRR33939694.18030/1 118 1657 1660 -edge_2_0_+disjointig_2_0_44285 7841 9386 44285 -1 -1 1394 0.0141673
Chain
	Aln	2	-SRR33939694.18030/1 2 1541 1660 +edge_2_0_+disjointig_2_0_44285 34898 36443 44285 -1 -1 1394 0.0141673
Chain
	Aln	2	+SRR33939694.18124/1 107 1309 1315 +edge_2_0_+disjointig_2_0_44285 35475 36675 44285 -1 -1 1053 0.0191397
Chain
	Aln	3	-SRR33939694.18124/1 5 1207 1315 -edge_2_0_+disjointig_2_0_44285 7609 8809 44285 -1 -1 1053 0.0191397
Chain
	Aln	2	+SRR33939694.18149/1 165 1190 1193 +edge_2_0_+disjointig_2_0_44285 34466 35485 44285 -1 -1 807 0.0221556
Chain
	Aln	3	-SRR33939694.18149/1 2 1027 1193 -edge_2_0_+disjointig_2_0_44285 8799 9818 44285 -1 -1 807 0.0221556
Chain
	Aln	2	+SRR33939694.18186/1 112 1660 1662 +edge_2_0_+disjointig_2_0_44285 28450 29999 44285 -1 -1 1219 0.0270476
Chain
	Aln	3	-SRR33939694.18186/1 1 1549 1662 -edge_2_0_+disjointig_2_0_44285 14285 15834 44285 -1 -1 1219 0.0270476
Chain
	Aln	2	+SRR33939694.18257/1 115 1574 1576 +edge_2_0_+disjointig_2_0_44285 7039 8495 44285 -1 -1 1043 0.0309111
Chain
	Aln	3	-SRR33939694.18257/1 1 1460 1576 -edge_2_0_+disjointig_2_0_44285 35789 37245 44285 -1 -1 1043 0.0309111
Chain
	Aln	3	+SRR33939694.18354/1 121 1196 1200 -edge_2_0_+disjointig_2_0_44285 32002 33104 44285 -1 -1 856 0.0246063
Chain
	Aln	2	-SRR33939694.18354/1 3 1078 1200 +edge_2_0_+disjointig_2_0_44285 11180 12282 44285 -1 -1 856 0.0246063
Chain
	Aln	0	+SRR33939694.18401/1 128 1250 1259 +edge_1_0_+disjointig_1_0_47382 29369 30499 47382 -1 -1 1002 0.0173978
Chain
	Aln	1	-SRR33939694.18401/1 8 1130 1259 -edge_1_0_+disjointig_1_0_47382 16882 18012 47382 -1 -1 1002 0.0173978
Chain
	Aln	2	+SRR33939694.18412/1 121 1130 1140 +edge_2_0_+disjointig_2_0_44285 28935 29955 44285 -1 -1 598 0.0582164
Chain
	Aln	3	-SRR33939694.18412/1 9 1018 1140 -edge_2_0_+disjointig_2_0_44285 14329 15349 44285 -1 -1 598 0.0582164
Chain
	Aln	2	+SRR33939694.18419/1 109 1550 1554 +edge_2_0_+disjointig_2_0_44285 29983 31456 44285 -1 -1 965 0.0407908
Chain
	Aln	3	-SRR33939694.18419/1 3 1444 1554 -edge_2_0_+disjointig_2_0_44285 12828 14301 44285 -1 -1 965 0.0407908
Chain
	Aln	2	+SRR33939694.18454/1 135 1295 1300 +edge_2_0_+disjointig_2_0_44285 21472 22634 44285 -1 -1 992 0.0156782
Chain
	Aln	3	-SRR33939694.18454/1 4 1164 1300 -edge_2_0_+disjointig_2_0_44285 21650 22812 44285 -1 -1 992 0.0156782
Chain
	Aln	2	+SRR33939694.18450/1 144 1244 1251 +edge_2_0_+disjointig_2_0_44285 2182 3284 44285 -1 -1 895 0.0264164
Chain
	Aln	3	-SRR33939694.18450/1 6 1106 1251 -edge_2_0_+disjointig_2_0_44285 41000 42102 44285 -1 -1 895 0.0264164
Chain
	Aln	2	+SRR33939694.18475/1 136 1524 1548 +edge_2_0_+disjointig_2_0_44285 37633 39017 44285 -1 -1 1309 0.00786378
Chain
	Aln	3	-SRR33939694.18475/1 23 1411 1548 -edge_2_0_+disjointig_2_0_44285 5267 6651 44285 -1 -1 1309 0.00786378
Chain
	Aln	2	+SRR33939694.18473/1 123 1351 1402 +edge_2_0_+disjointig_2_0_44285 16425 17662 44285 -1 -1 796 0.0390048
Chain
	Aln	3	-SRR33939694.18473/1 50 1278 1402 -edge_2_0_+disjointig_2_0_44285 26622 27859 44285 -1 -1 796 0.0390048
Chain
	Aln	2	+SRR33939694.18476/1 123 1193 1204 +edge_2_0_+disjointig_2_0_44285 18071 19152 44285 -1 -1 817 0.0320983
Chain
	Aln	3	-SRR33939694.18476/1 10 1080 1204 -edge_2_0_+disjointig_2_0_44285 25132 26213 44285 -1 -1 817 0.0320983
Chain
	Aln	2	+SRR33939694.18493/1 117 1896 1914 +edge_2_0_+disjointig_2_0_44285 24323 26097 44285 -1 -1 1367 0.0260292
Chain
	Aln	3	-SRR33939694.18493/1 17 1796 1914 -edge_2_0_+disjointig_2_0_44285 18187 19961 44285 -1 -1 1367 0.0260292
Chain
	Aln	2	+SRR33939694.18553/1 111 1552 1568 +edge_2_0_+disjointig_2_0_44285 25198 26642 44285 -1 -1 1161 0.02325
Chain
	Aln	3	-SRR33939694.18553/1 15 1456 1568 -edge_2_0_+disjointig_2_0_44285 17642 19086 44285 -1 -1 1161 0.02325
Chain
	Aln	2	+SRR33939694.18652/1 115 1205 1227 +edge_2_0_+disjointig_2_0_44285 17208 18306 44285 -1 -1 878 0.0262025
Chain
	Aln	3	-SRR33939694.18652/1 21 1111 1227 -edge_2_0_+disjointig_2_0_44285 25978 27076 44285 -1 -1 878 0.0262025
Chain
	Aln	2	+SRR33939694.18513/1 133 2585 2592 +edge_2_0_+disjointig_2_0_44285 15822 18270 44285 -1 -1 2124 0.0153086
Chain
	Aln	3	-SRR33939694.18513/1 6 2458 2592 -edge_2_0_+disjointig_2_0_44285 26014 28462 44285 -1 -1 2124 0.0153086
Chain
	Aln	2	+SRR33939694.18626/1 137 1638 1645 +edge_2_0_+disjointig_2_0_44285 42367 43886 44285 -1 -1 1420 0.00734512
Chain
	Aln	3	-SRR33939694.18626/1 6 1507 1645 -edge_2_0_+disjointig_2_0_44285 398 1917 44285 -1 -1 1420 0.00734512
Chain
	Aln	2	+SRR33939694.18668/1 115 1207 1211 +edge_2_0_+disjointig_2_0_44285 1028 2137 44285 -1 -1 652 0.05087
Chain
	Aln	3	-SRR33939694.18668/1 3 1095 1211 -edge_2_0_+disjointig_2_0_44285 42147 43256 44285 -1 -1 652 0.05087
Chain
	Aln	3	+SRR33939694.18688/1 117 1132 1144 -edge_2_0_+disjointig_2_0_44285 9120 10134 44285 -1 -1 948 0.00664272
Chain
	Aln	2	-SRR33939694.18688/1 11 1026 1144 +edge_2_0_+disjointig_2_0_44285 34150 35164 44285 -1 -1 948 0.00664272
Chain
	Aln	3	+SRR33939694.18692/1 122 1196 1204 -edge_2_0_+disjointig_2_0_44285 10407 11483 44285 -1 -1 984 0.0145174
Chain
	Aln	2	-SRR33939694.18692/1 7 1081 1204 +edge_2_0_+disjointig_2_0_44285 32801 33877 44285 -1 -1 984 0.0145174
Chain
	Aln	3	+SRR33939694.18778/1 124 1306 1312 -edge_2_0_+disjointig_2_0_44285 2014 3215 44285 -1 -1 918 0.0229368
Chain
	Aln	2	-SRR33939694.18778/1 5 1187 1312 +edge_2_0_+disjointig_2_0_44285 41069 42270 44285 -1 -1 918 0.0229368
Chain
	Aln	3	+SRR33939694.18798/1 147 1307 1319 -edge_2_0_+disjointig_2_0_44285 17954 19129 44285 -1 -1 976 0.0224497
Chain
	Aln	2	-SRR33939694.18798/1 11 1171 1319 +edge_2_0_+disjointig_2_0_44285 25155 26330 44285 -1 -1 976 0.0224497
Chain
	Aln	2	+SRR33939694.18737/1 107 1516 1543 +edge_2_0_+disjointig_2_0_44285 35665 37077 44285 -1 -1 1199 0.0190143
Chain
	Aln	3	-SRR33939694.18737/1 26 1435 1543 -edge_2_0_+disjointig_2_0_44285 7207 8619 44285 -1 -1 1199 0.0190143
Chain
	Aln	3	+SRR33939694.18809/1 120 1980 1988 -edge_2_0_+disjointig_2_0_44285 33411 35267 44285 -1 -1 1583 0.0202306
Chain
	Aln	2	-SRR33939694.18809/1 7 1867 1988 +edge_2_0_+disjointig_2_0_44285 9017 10873 44285 -1 -1 1583 0.0202306
Chain
	Aln	2	+SRR33939694.18868/1 119 1242 1247 +edge_2_0_+disjointig_2_0_44285 26540 27672 44285 -1 -1 933 0.0275386
Chain
	Aln	3	-SRR33939694.18868/1 4 1127 1247 -edge_2_0_+disjointig_2_0_44285 16612 17744 44285 -1 -1 933 0.0275386
Chain
	Aln	2	+SRR33939694.18913/1 127 1180 1188 +edge_2_0_+disjointig_2_0_44285 38862 39930 44285 -1 -1 721 0.0396854
Chain
	Aln	3	-SRR33939694.18913/1 7 1060 1188 -edge_2_0_+disjointig_2_0_44285 4354 5422 44285 -1 -1 721 0.0396854
Chain
	Aln	2	+SRR33939694.18929/1 135 1176 1180 +edge_2_0_+disjointig_2_0_44285 23278 24332 44285 -1 -1 868 0.0242581
Chain
	Aln	3	-SRR33939694.18929/1 3 1044 1180 -edge_2_0_+disjointig_2_0_44285 19952 21006 44285 -1 -1 868 0.0242581
Chain
	Aln	2	+SRR33939694.18942/1 128 1187 1192 +edge_2_0_+disjointig_2_0_44285 41176 42233 44285 -1 -1 821 0.0264191
Chain
	Aln	3	-SRR33939694.18942/1 4 1063 1192 -edge_2_0_+disjointig_2_0_44285 2051 3108 44285 -1 -1 821 0.0264191
Chain
	Aln	3	+SRR33939694.18994/1 118 1634 1643 -edge_2_0_+disjointig_2_0_44285 11893 13436 44285 -1 -1 1205 0.0236041
Chain
	Aln	2	-SRR33939694.18994/1 8 1524 1643 +edge_2_0_+disjointig_2_0_44285 30848 32391 44285 -1 -1 1205 0.0236041
Chain
	Aln	3	+SRR33939694.17712/1 125 17009 17018 -edge_2_0_+disjointig_2_0_44285 6545 23616 44285 -1 -1 12083 0.0333623
Chain
	Aln	2	-SRR33939694.17712/1 8 16892 17018 +edge_2_0_+disjointig_2_0_44285 20668 37739 44285 -1 -1 12083 0.0333623
Chain
	Aln	3	+SRR33939694.19012/1 120 1231 1260 -edge_2_0_+disjointig_2_0_44285 3649 4761 44285 -1 -1 863 0.0288154
Chain
	Aln	2	-SRR33939694.19012/1 28 1139 1260 +edge_2_0_+disjointig_2_0_44285 39523 40635 44285 -1 -1 863 0.0288154
Chain
	Aln	2	+SRR33939694.19027/1 166 1516 1524 +edge_2_0_+disjointig_2_0_44285 2880 4225 44285 -1 -1 1207 0.0157439
Chain
	Aln	3	-SRR33939694.19027/1 7 1357 1524 -edge_2_0_+disjointig_2_0_44285 40059 41404 44285 -1 -1 1207 0.0157439
Chain
	Aln	0	+SRR33939694.18940/1 611 2607 2615 +edge_1_0_+disjointig_1_0_47382 32216 34238 47382 -1 -1 1241 0.0471838
Chain
	Aln	1	-SRR33939694.18940/1 7 2003 2615 -edge_1_0_+disjointig_1_0_47382 13143 15165 47382 -1 -1 1241 0.0471838
Chain
	Aln	2	+SRR33939694.19037/1 156 1314 1333 +edge_2_0_+disjointig_2_0_44285 29130 30297 44285 -1 -1 872 0.0350733
Chain
	Aln	3	-SRR33939694.19037/1 18 1176 1333 -edge_2_0_+disjointig_2_0_44285 13987 15154 44285 -1 -1 872 0.0350733
Chain
	Aln	3	+SRR33939694.19025/1 114 1524 1537 -edge_2_0_+disjointig_2_0_44285 23012 24440 44285 -1 -1 826 0.0516545
Chain
	Aln	2	-SRR33939694.19025/1 12 1422 1537 +edge_2_0_+disjointig_2_0_44285 19844 21272 44285 -1 -1 826 0.0516545
Chain
	Aln	3	+SRR33939694.19043/1 115 1328 1349 -edge_2_0_+disjointig_2_0_44285 43068 44278 44285 -1 -1 1010 0.0174831
Chain
	Aln	2	-SRR33939694.19043/1 20 1233 1349 +edge_2_0_+disjointig_2_0_44285 6 1216 44285 -1 -1 1010 0.0174831
Chain
	Aln	3	+SRR33939694.19051/1 125 1398 1417 -edge_2_0_+disjointig_2_0_44285 22173 23431 44285 -1 -1 1040 0.022889
Chain
	Aln	2	-SRR33939694.19051/1 18 1291 1417 +edge_2_0_+disjointig_2_0_44285 20853 22111 44285 -1 -1 1040 0.022889
Chain
	Aln	2	+SRR33939694.19053/1 124 1226 1228 +edge_2_0_+disjointig_2_0_44285 2554 3664 44285 -1 -1 1034 0.00946168
Chain
	Aln	3	-SRR33939694.19053/1 1 1103 1228 -edge_2_0_+disjointig_2_0_44285 40620 41730 44285 -1 -1 1034 0.00946168
Chain
	Aln	2	+SRR33939694.19059/1 131 1595 1618 +edge_2_0_+disjointig_2_0_44285 13549 15005 44285 -1 -1 950 0.0382754
Chain
	Aln	3	-SRR33939694.19059/1 22 1486 1618 -edge_2_0_+disjointig_2_0_44285 29279 30735 44285 -1 -1 950 0.0382754
Chain
	Aln	3	+SRR33939694.19142/1 120 1481 1497 -edge_2_0_+disjointig_2_0_44285 39360 40726 44285 -1 -1 968 0.0350523
Chain
	Aln	2	-SRR33939694.19142/1 15 1376 1497 +edge_2_0_+disjointig_2_0_44285 3558 4924 44285 -1 -1 968 0.0350523
Chain
	Aln	3	+SRR33939694.19254/1 118 1360 1369 -edge_2_0_+disjointig_2_0_44285 6643 7892 44285 -1 -1 1030 0.0225236
Chain
	Aln	2	-SRR33939694.19254/1 8 1250 1369 +edge_2_0_+disjointig_2_0_44285 36392 37641 44285 -1 -1 1030 0.0225236
Chain
	Aln	2	+SRR33939694.19236/1 128 1662 1665 +edge_2_0_+disjointig_2_0_44285 31266 32782 44285 -1 -1 1160 0.0264752
Chain
	Aln	3	-SRR33939694.19236/1 2 1536 1665 -edge_2_0_+disjointig_2_0_44285 11502 13018 44285 -1 -1 1160 0.0264752
Chain
	Aln	3	+SRR33939694.19323/1 377 1948 1977 -edge_2_0_+disjointig_2_0_44285 31663 33230 44285 -1 -1 1249 0.024662
Chain
	Aln	2	-SRR33939694.19323/1 28 1599 1977 +edge_2_0_+disjointig_2_0_44285 11054 12621 44285 -1 -1 1249 0.024662
Chain
	Aln	3	+SRR33939694.19381/1 114 1167 1184 -edge_2_0_+disjointig_2_0_44285 1983 3040 44285 -1 -1 682 0.0390764
Chain
	Aln	2	-SRR33939694.19381/1 16 1069 1184 +edge_2_0_+disjointig_2_0_44285 41244 42301 44285 -1 -1 682 0.0390764
Chain
	Aln	3	+SRR33939694.19338/1 105 1126 1152 -edge_2_0_+disjointig_2_0_44285 3510 4533 44285 -1 -1 681 0.0395792
Chain
	Aln	2	-SRR33939694.19338/1 25 1046 1152 +edge_2_0_+disjointig_2_0_44285 39751 40774 44285 -1 -1 681 0.0395792
Chain
	Aln	3	+SRR33939694.19386/1 140 1326 1400 -edge_2_0_+disjointig_2_0_44285 34308 35505 44285 -1 -1 979 0.0260094
Chain
	Aln	2	-SRR33939694.19386/1 73 1259 1400 +edge_2_0_+disjointig_2_0_44285 8779 9976 44285 -1 -1 979 0.0260094
Chain
	Aln	1	+SRR33939694.19277/1 406 3134 3152 -edge_1_0_+disjointig_1_0_47382 10084 12831 47382 -1 -1 2108 0.0281129
Chain
	Aln	0	-SRR33939694.19277/1 17 2745 3152 +edge_1_0_+disjointig_1_0_47382 34550 37297 47382 -1 -1 2108 0.0281129
Chain
	Aln	3	+SRR33939694.19514/1 119 1200 1219 -edge_2_0_+disjointig_2_0_44285 31081 32163 44285 -1 -1 1017 0.00830181
Chain
	Aln	2	-SRR33939694.19514/1 18 1099 1219 +edge_2_0_+disjointig_2_0_44285 12121 13203 44285 -1 -1 1017 0.00830181
Chain
	Aln	2	+SRR33939694.19467/1 118 1423 1429 +edge_2_0_+disjointig_2_0_44285 7810 9130 44285 -1 -1 1028 0.0277047
Chain
	Aln	3	-SRR33939694.19467/1 5 1310 1429 -edge_2_0_+disjointig_2_0_44285 35154 36474 44285 -1 -1 1028 0.0277047
Chain
	Aln	3	+SRR33939694.19466/1 209 1604 1608 -edge_2_0_+disjointig_2_0_44285 17328 18723 44285 -1 -1 1155 0.0202306
Chain
	Aln	2	-SRR33939694.19466/1 3 1398 1608 +edge_2_0_+disjointig_2_0_44285 25561 26956 44285 -1 -1 1155 0.0202306
Chain
	Aln	3	+SRR33939694.19558/1 149 1244 1258 -edge_2_0_+disjointig_2_0_44285 5907 7014 44285 -1 -1 769 0.0377763
Chain
	Aln	2	-SRR33939694.19558/1 13 1108 1258 +edge_2_0_+disjointig_2_0_44285 37270 38377 44285 -1 -1 769 0.0377763
Chain
	Aln	2	+SRR33939694.19425/1 198 2438 2456 +edge_2_0_+disjointig_2_0_44285 9101 11323 44285 -1 -1 1258 0.0550168
Chain
	Aln	3	-SRR33939694.19425/1 17 2257 2456 -edge_2_0_+disjointig_2_0_44285 32961 35183 44285 -1 -1 1258 0.0550168
Chain
	Aln	2	+SRR33939694.19582/1 146 1269 1279 +edge_2_0_+disjointig_2_0_44285 30002 31125 44285 -1 -1 1076 0.00554354
Chain
	Aln	3	-SRR33939694.19582/1 9 1132 1279 -edge_2_0_+disjointig_2_0_44285 13159 14282 44285 -1 -1 1076 0.00554354
Chain
	Aln	2	+SRR33939694.19654/1 116 1217 1222 +edge_2_0_+disjointig_2_0_44285 32981 34095 44285 -1 -1 1021 0.0154167
Chain
	Aln	3	-SRR33939694.19654/1 4 1105 1222 -edge_2_0_+disjointig_2_0_44285 10189 11303 44285 -1 -1 1021 0.0154167
Chain
	Aln	3	+SRR33939694.19596/1 136 1577 1585 -edge_2_0_+disjointig_2_0_44285 11982 13447 44285 -1 -1 738 0.0594781
Chain
	Aln	2	-SRR33939694.19596/1 7 1448 1585 +edge_2_0_+disjointig_2_0_44285 30837 32302 44285 -1 -1 738 0.0594781
Chain
	Aln	3	+SRR33939694.19711/1 118 1266 1277 -edge_2_0_+disjointig_2_0_44285 24748 25911 44285 -1 -1 1011 0.015007
Chain
	Aln	2	-SRR33939694.19711/1 10 1158 1277 +edge_2_0_+disjointig_2_0_44285 18373 19536 44285 -1 -1 1011 0.015007
Chain
	Aln	3	+SRR33939694.19746/1 153 1212 1216 -edge_2_0_+disjointig_2_0_44285 23821 24895 44285 -1 -1 905 0.0209054
Chain
	Aln	2	-SRR33939694.19746/1 3 1062 1216 +edge_2_0_+disjointig_2_0_44285 19389 20463 44285 -1 -1 905 0.0209054
Chain
	Aln	1	+SRR33939694.19713/1 169 2718 2723 -edge_1_0_+disjointig_1_0_47382 29010 31551 47382 -1 -1 2156 0.0207522
Chain
	Aln	0	-SRR33939694.19713/1 4 2553 2723 +edge_1_0_+disjointig_1_0_47382 15830 18371 47382 -1 -1 2156 0.0207522
Chain
	Aln	3	+SRR33939694.19895/1 120 1140 1150 -edge_2_0_+disjointig_2_0_44285 30018 31046 44285 -1 -1 919 0.0174779
Chain
	Aln	2	-SRR33939694.19895/1 9 1029 1150 +edge_2_0_+disjointig_2_0_44285 13238 14266 44285 -1 -1 919 0.0174779
Chain
	Aln	0	+SRR33939694.19828/1 305 1912 1921 +edge_1_0_+disjointig_1_0_47382 23773 25388 47382 -1 -1 1344 0.0183929
Chain
	Aln	1	-SRR33939694.19828/1 8 1615 1921 -edge_1_0_+disjointig_1_0_47382 21993 23608 47382 -1 -1 1344 0.0183929
Chain
	Aln	2	+SRR33939694.20081/1 114 1203 1208 +edge_2_0_+disjointig_2_0_44285 30657 31740 44285 -1 -1 980 0.0118616
Chain
	Aln	3	-SRR33939694.20081/1 4 1093 1208 -edge_2_0_+disjointig_2_0_44285 12544 13627 44285 -1 -1 980 0.0118616
Chain
	Aln	3	+SRR33939694.20119/1 118 1182 1186 -edge_2_0_+disjointig_2_0_44285 35263 36334 44285 -1 -1 906 0.0169982
Chain
	Aln	2	-SRR33939694.20119/1 3 1067 1186 +edge_2_0_+disjointig_2_0_44285 7950 9021 44285 -1 -1 906 0.0169982
Chain
	Aln	3	+SRR33939694.19926/1 122 2098 2251 -edge_2_0_+disjointig_2_0_44285 16043 18031 44285 -1 -1 1384 0.0363596
Chain
	Aln	2	-SRR33939694.19926/1 152 2128 2251 +edge_2_0_+disjointig_2_0_44285 26253 28241 44285 -1 -1 1384 0.0363596
Chain
	Aln	3	+SRR33939694.20121/1 115 1891 1898 -edge_2_0_+disjointig_2_0_44285 9622 11395 44285 -1 -1 1143 0.045553
Chain
	Aln	2	-SRR33939694.20121/1 6 1782 1898 +edge_2_0_+disjointig_2_0_44285 32889 34662 44285 -1 -1 1143 0.045553
Chain
	Aln	2	+SRR33939694.20188/1 117 1189 1199 +edge_2_0_+disjointig_2_0_44285 18288 19360 44285 -1 -1 643 0.0435829
Chain
	Aln	3	-SRR33939694.20188/1 9 1081 1199 -edge_2_0_+disjointig_2_0_44285 24924 25996 44285 -1 -1 643 0.0435829
Chain
	Aln	3	+SRR33939694.20220/1 155 1391 1396 -edge_2_0_+disjointig_2_0_44285 10668 11925 44285 -1 -1 907 0.0384463
Chain
	Aln	2	-SRR33939694.20220/1 4 1240 1396 +edge_2_0_+disjointig_2_0_44285 32359 33616 44285 -1 -1 907 0.0384463
Chain
	Aln	3	+SRR33939694.20257/1 112 1374 1378 -edge_2_0_+disjointig_2_0_44285 38903 40185 44285 -1 -1 1097 0.0200245
Chain
	Aln	2	-SRR33939694.20257/1 3 1265 1378 +edge_2_0_+disjointig_2_0_44285 4099 5381 44285 -1 -1 1097 0.0200245
Chain
	Aln	2	+SRR33939694.20198/1 107 1730 1733 +edge_2_0_+disjointig_2_0_44285 34982 36593 44285 -1 -1 1475 0.0110001
Chain
	Aln	3	-SRR33939694.20198/1 2 1625 1733 -edge_2_0_+disjointig_2_0_44285 7691 9302 44285 -1 -1 1475 0.0110001
Chain
	Aln	2	+SRR33939694.20279/1 118 1169 1179 +edge_2_0_+disjointig_2_0_44285 34628 35693 44285 -1 -1 880 0.017889
Chain
	Aln	3	-SRR33939694.20279/1 9 1060 1179 -edge_2_0_+disjointig_2_0_44285 8591 9656 44285 -1 -1 880 0.017889
Chain
	Aln	3	+SRR33939694.20274/1 152 1840 1862 -edge_2_0_+disjointig_2_0_44285 39259 40965 44285 -1 -1 1172 0.0337264
Chain
	Aln	2	-SRR33939694.20274/1 21 1709 1862 +edge_2_0_+disjointig_2_0_44285 3319 5025 44285 -1 -1 1172 0.0337264
Chain
	Aln	3	+SRR33939694.20294/1 124 1554 1559 -edge_2_0_+disjointig_2_0_44285 34573 36005 44285 -1 -1 1262 0.0176685
Chain
	Aln	2	-SRR33939694.20294/1 4 1434 1559 +edge_2_0_+disjointig_2_0_44285 8279 9711 44285 -1 -1 1262 0.0176685
Chain
	Aln	2	+SRR33939694.20280/1 115 1551 1554 +edge_2_0_+disjointig_2_0_44285 25336 26771 44285 -1 -1 1340 0.00880848
Chain
	Aln	3	-SRR33939694.20280/1 2 1438 1554 -edge_2_0_+disjointig_2_0_44285 17513 18948 44285 -1 -1 1340 0.00880848
Chain
	Aln	2	+SRR33939694.20304/1 122 1233 1235 +edge_2_0_+disjointig_2_0_44285 20967 22077 44285 -1 -1 990 0.0145087
Chain
	Aln	3	-SRR33939694.20304/1 1 1112 1235 -edge_2_0_+disjointig_2_0_44285 22207 23317 44285 -1 -1 990 0.0145087
Chain
	Aln	2	+SRR33939694.20365/1 121 1126 1185 +edge_2_0_+disjointig_2_0_44285 10296 11300 44285 -1 -1 848 0.0169994
Chain
	Aln	3	-SRR33939694.20365/1 58 1063 1185 -edge_2_0_+disjointig_2_0_44285 32984 33988 44285 -1 -1 848 0.0169994
Chain
	Aln	2	+SRR33939694.20406/1 122 1482 1484 +edge_2_0_+disjointig_2_0_44285 13777 15144 44285 -1 -1 1154 0.0230963
Chain
	Aln	3	-SRR33939694.20406/1 1 1361 1484 -edge_2_0_+disjointig_2_0_44285 29140 30507 44285 -1 -1 1154 0.0230963
Chain
	Aln	3	+SRR33939694.20597/1 114 1307 1309 -edge_2_0_+disjointig_2_0_44285 13644 14847 44285 -1 -1 876 0.0297647
Chain
	Aln	2	-SRR33939694.20597/1 1 1194 1309 +edge_2_0_+disjointig_2_0_44285 29437 30640 44285 -1 -1 876 0.0297647
Chain
	Aln	3	+SRR33939694.20584/1 111 1613 1701 -edge_2_0_+disjointig_2_0_44285 15404 16922 44285 -1 -1 1119 0.0278754
Chain
	Aln	2	-SRR33939694.20584/1 87 1589 1701 +edge_2_0_+disjointig_2_0_44285 27362 28880 44285 -1 -1 1119 0.0278754
Chain
	Aln	3	+SRR33939694.20629/1 120 1139 1145 -edge_2_0_+disjointig_2_0_44285 3643 4663 44285 -1 -1 908 0.0145325
Chain
	Aln	2	-SRR33939694.20629/1 5 1024 1145 +edge_2_0_+disjointig_2_0_44285 39621 40641 44285 -1 -1 908 0.0145325
Chain
	Aln	1	+SRR33939694.20548/1 238 2327 2341 -edge_1_0_+disjointig_1_0_47382 35299 37401 47382 -1 -1 1439 0.0396396
Chain
	Aln	0	-SRR33939694.20548/1 13 2102 2341 +edge_1_0_+disjointig_1_0_47382 9980 12082 47382 -1 -1 1439 0.0396396
Chain
	Aln	3	+SRR33939694.20632/1 154 1284 1295 -edge_2_0_+disjointig_2_0_44285 42505 43660 44285 -1 -1 1003 0.0124874
Chain
	Aln	2	-SRR33939694.20632/1 10 1140 1295 +edge_2_0_+disjointig_2_0_44285 624 1779 44285 -1 -1 1003 0.0124874
Chain
	Aln	3	+SRR33939694.20681/1 130 1240 1248 -edge_2_0_+disjointig_2_0_44285 6699 7817 44285 -1 -1 987 0.0163866
Chain
	Aln	2	-SRR33939694.20681/1 7 1117 1248 +edge_2_0_+disjointig_2_0_44285 36467 37585 44285 -1 -1 987 0.0163866
Chain
	Aln	2	+SRR33939694.20570/1 120 3241 3270 +edge_2_0_+disjointig_2_0_44285 10185 13346 44285 -1 -1 2073 0.0415234
Chain
	Aln	3	-SRR33939694.20570/1 28 3149 3270 -edge_2_0_+disjointig_2_0_44285 30938 34099 44285 -1 -1 2073 0.0415234
Chain
	Aln	2	+SRR33939694.20645/1 117 1695 1730 +edge_2_0_+disjointig_2_0_44285 5786 7363 44285 -1 -1 942 0.0475359
Chain
	Aln	3	-SRR33939694.20645/1 34 1612 1730 -edge_2_0_+disjointig_2_0_44285 36921 38498 44285 -1 -1 942 0.0475359
Chain
	Aln	3	+SRR33939694.20787/1 111 1394 1407 -edge_2_0_+disjointig_2_0_44285 22749 24040 44285 -1 -1 941 0.0325956
Chain
	Aln	2	-SRR33939694.20787/1 12 1295 1407 +edge_2_0_+disjointig_2_0_44285 20244 21535 44285 -1 -1 941 0.0325956
Chain
	Aln	3	+SRR33939694.20821/1 122 1152 1190 -edge_2_0_+disjointig_2_0_44285 28633 29663 44285 -1 -1 771 0.0257501
Chain
	Aln	2	-SRR33939694.20821/1 37 1067 1190 +edge_2_0_+disjointig_2_0_44285 14621 15651 44285 -1 -1 771 0.0257501
Chain
	Aln	3	+SRR33939694.20766/1 137 1876 1880 -edge_2_0_+disjointig_2_0_44285 30373 32111 44285 -1 -1 1401 0.0238491
Chain
	Aln	2	-SRR33939694.20766/1 3 1742 1880 +edge_2_0_+disjointig_2_0_44285 12173 13911 44285 -1 -1 1401 0.0238491
Chain
	Aln	1	+SRR33939694.19575/1 283 11704 11728 -edge_1_0_+disjointig_1_0_47382 33261 44717 47382 -1 -1 8441 0.0285154
Chain
	Aln	0	-SRR33939694.19575/1 23 11444 11728 +edge_1_0_+disjointig_1_0_47382 2664 14120 47382 -1 -1 8441 0.0285154
Chain
	Aln	3	+SRR33939694.20780/1 276 2305 2309 -edge_2_0_+disjointig_2_0_44285 27526 29553 44285 -1 -1 1480 0.0343324
Chain
	Aln	2	-SRR33939694.20780/1 3 2032 2309 +edge_2_0_+disjointig_2_0_44285 14731 16758 44285 -1 -1 1480 0.0343324
Chain
	Aln	2	+SRR33939694.20827/1 119 1197 1219 +edge_2_0_+disjointig_2_0_44285 25251 26319 44285 -1 -1 904 0.0194312
Chain
	Aln	3	-SRR33939694.20827/1 21 1099 1219 -edge_2_0_+disjointig_2_0_44285 17965 19033 44285 -1 -1 904 0.0194312
Chain
	Aln	3	+SRR33939694.20852/1 131 1963 1965 -edge_2_0_+disjointig_2_0_44285 4476 6319 44285 -1 -1 1343 0.0275453
Chain
	Aln	2	-SRR33939694.20852/1 1 1833 1965 +edge_2_0_+disjointig_2_0_44285 37965 39808 44285 -1 -1 1343 0.0275453
Chain
	Aln	3	+SRR33939694.20942/1 120 1245 1255 -edge_2_0_+disjointig_2_0_44285 6815 7932 44285 -1 -1 935 0.021113
Chain
	Aln	2	-SRR33939694.20942/1 9 1134 1255 +edge_2_0_+disjointig_2_0_44285 36352 37469 44285 -1 -1 935 0.021113
Chain
	Aln	2	+SRR33939694.20907/1 114 1115 1119 +edge_2_0_+disjointig_2_0_44285 20646 21663 44285 -1 -1 782 0.0333459
Chain
	Aln	3	-SRR33939694.20907/1 3 1004 1119 -edge_2_0_+disjointig_2_0_44285 22621 23638 44285 -1 -1 782 0.0333459
Chain
	Aln	3	+SRR33939694.21011/1 110 1396 1424 -edge_2_0_+disjointig_2_0_44285 1659 2949 44285 -1 -1 942 0.0287536
Chain
	Aln	2	-SRR33939694.21011/1 27 1313 1424 +edge_2_0_+disjointig_2_0_44285 41335 42625 44285 -1 -1 942 0.0287536
Chain
	Aln	2	+SRR33939694.21046/1 117 1212 1218 +edge_2_0_+disjointig_2_0_44285 5892 6986 44285 -1 -1 871 0.0224754
Chain
	Aln	3	-SRR33939694.21046/1 5 1100 1218 -edge_2_0_+disjointig_2_0_44285 37298 38392 44285 -1 -1 871 0.0224754
Chain
	Aln	2	+SRR33939694.21073/1 164 1240 1243 +edge_2_0_+disjointig_2_0_44285 26989 28073 44285 -1 -1 807 0.0322613
Chain
	Aln	3	-SRR33939694.21073/1 2 1078 1243 -edge_2_0_+disjointig_2_0_44285 16211 17295 44285 -1 -1 807 0.0322613
Chain
	Aln	3	+SRR33939694.21089/1 142 1227 1234 -edge_2_0_+disjointig_2_0_44285 24165 25244 44285 -1 -1 846 0.0206523
Chain
	Aln	2	-SRR33939694.21089/1 6 1091 1234 +edge_2_0_+disjointig_2_0_44285 19040 20119 44285 -1 -1 846 0.0206523
Chain
	Aln	2	+SRR33939694.21054/1 116 1532 1551 +edge_2_0_+disjointig_2_0_44285 20554 22007 44285 -1 -1 1156 0.024284
Chain
	Aln	3	-SRR33939694.21054/1 18 1434 1551 -edge_2_0_+disjointig_2_0_44285 22277 23730 44285 -1 -1 1156 0.024284
Chain
	Aln	3	+SRR33939694.21107/1 123 1216 1220 -edge_2_0_+disjointig_2_0_44285 18918 20018 44285 -1 -1 840 0.027236
Chain
	Aln	2	-SRR33939694.21107/1 3 1096 1220 +edge_2_0_+disjointig_2_0_44285 24266 25366 44285 -1 -1 840 0.027236
Chain
	Aln	2	+SRR33939694.21159/1 122 1736 1750 +edge_2_0_+disjointig_2_0_44285 14067 15663 44285 -1 -1 1402 0.0149031
Chain
	Aln	3	-SRR33939694.21159/1 13 1627 1750 -edge_2_0_+disjointig_2_0_44285 28621 30217 44285 -1 -1 1402 0.0149031
Chain
	Aln	2	+SRR33939694.21170/1 119 1281 1284 +edge_2_0_+disjointig_2_0_44285 12746 13921 44285 -1 -1 1053 0.0141934
Chain
	Aln	3	-SRR33939694.21170/1 2 1164 1284 -edge_2_0_+disjointig_2_0_44285 30363 31538 44285 -1 -1 1053 0.0141934
Chain
	Aln	2	+SRR33939694.21221/1 117 1319 1325 +edge_2_0_+disjointig_2_0_44285 1597 2799 44285 -1 -1 958 0.0198891
Chain
	Aln	3	-SRR33939694.21221/1 5 1207 1325 -edge_2_0_+disjointig_2_0_44285 41485 42687 44285 -1 -1 958 0.0198891
Chain
	Aln	3	+SRR33939694.21242/1 123 1341 1343 -edge_2_0_+disjointig_2_0_44285 30844 32058 44285 -1 -1 1045 0.0199175
Chain
	Aln	2	-SRR33939694.21242/1 1 1219 1343 +edge_2_0_+disjointig_2_0_44285 12226 13440 44285 -1 -1 1045 0.0199175
Chain
	Aln	3	+SRR33939694.21247/1 142 1553 1555 -edge_2_0_+disjointig_2_0_44285 22300 23732 44285 -1 -1 834 0.0502074
Chain
	Aln	2	-SRR33939694.21247/1 1 1412 1555 +edge_2_0_+disjointig_2_0_44285 20552 21984 44285 -1 -1 834 0.0502074
Chain
	Aln	2	+SRR33939694.21255/1 151 1503 1507 +edge_2_0_+disjointig_2_0_44285 12588 13937 44285 -1 -1 1144 0.0197108
Chain
	Aln	3	-SRR33939694.21255/1 3 1355 1507 -edge_2_0_+disjointig_2_0_44285 30347 31696 44285 -1 -1 1144 0.0197108
Chain
	Aln	2	+SRR33939694.21273/1 123 1142 1150 +edge_2_0_+disjointig_2_0_44285 19561 20594 44285 -1 -1 878 0.0212502
Chain
	Aln	3	-SRR33939694.21273/1 7 1026 1150 -edge_2_0_+disjointig_2_0_44285 23690 24723 44285 -1 -1 878 0.0212502
Chain
	Aln	2	+SRR33939694.21292/1 130 1683 1692 +edge_2_0_+disjointig_2_0_44285 40331 41881 44285 -1 -1 1271 0.0203444
Chain
	Aln	3	-SRR33939694.21292/1 8 1561 1692 -edge_2_0_+disjointig_2_0_44285 2403 3953 44285 -1 -1 1271 0.0203444
Chain
	Aln	0	+SRR33939694.21266/1 453 2983 2991 +edge_1_0_+disjointig_1_0_47382 34103 36658 47382 -1 -1 2176 0.0196408
Chain
	Aln	1	-SRR33939694.21266/1 7 2537 2991 -edge_1_0_+disjointig_1_0_47382 10723 13278 47382 -1 -1 2176 0.0196408
Chain
	Aln	0	+SRR33939694.21271/1 245 2039 2041 +edge_1_0_+disjointig_1_0_47382 19875 21673 47382 -1 -1 1528 0.0212537
Chain
	Aln	1	-SRR33939694.21271/1 1 1795 2041 -edge_1_0_+disjointig_1_0_47382 25708 27506 47382 -1 -1 1528 0.0212537
Chain
	Aln	3	+SRR33939694.21336/1 117 1742 1754 -edge_2_0_+disjointig_2_0_44285 1782 3421 44285 -1 -1 1359 0.0165864
Chain
	Aln	2	-SRR33939694.21336/1 11 1636 1754 +edge_2_0_+disjointig_2_0_44285 40863 42502 44285 -1 -1 1359 0.0165864
Chain
	Aln	3	+SRR33939694.21412/1 139 1287 1297 -edge_2_0_+disjointig_2_0_44285 16018 17162 44285 -1 -1 1012 0.0131771
Chain
	Aln	2	-SRR33939694.21412/1 9 1157 1297 +edge_2_0_+disjointig_2_0_44285 27122 28266 44285 -1 -1 1012 0.0131771
Chain
	Aln	3	+SRR33939694.21443/1 110 1134 1142 -edge_2_0_+disjointig_2_0_44285 43174 44189 44285 -1 -1 866 0.0194035
Chain
	Aln	2	-SRR33939694.21443/1 7 1031 1142 +edge_2_0_+disjointig_2_0_44285 95 1110 44285 -1 -1 866 0.0194035
Chain
	Aln	2	+SRR33939694.21578/1 119 1175 1180 +edge_2_0_+disjointig_2_0_44285 16707 17763 44285 -1 -1 958 0.015767
Chain
	Aln	3	-SRR33939694.21578/1 4 1060 1180 -edge_2_0_+disjointig_2_0_44285 26521 27577 44285 -1 -1 958 0.015767
Chain
	Aln	3	+SRR33939694.21455/1 127 1769 1779 -edge_2_0_+disjointig_2_0_44285 9045 10704 44285 -1 -1 1375 0.023643
Chain
	Aln	2	-SRR33939694.21455/1 9 1651 1779 +edge_2_0_+disjointig_2_0_44285 33580 35239 44285 -1 -1 1375 0.023643
Chain
	Aln	2	+SRR33939694.21586/1 121 1676 1680 +edge_2_0_+disjointig_2_0_44285 24697 26234 44285 -1 -1 1215 0.0279397
Chain
	Aln	3	-SRR33939694.21586/1 3 1558 1680 -edge_2_0_+disjointig_2_0_44285 18050 19587 44285 -1 -1 1215 0.0279397
Chain
	Aln	3	+SRR33939694.21654/1 119 2495 2500 -edge_2_0_+disjointig_2_0_44285 4108 6506 44285 -1 -1 1525 0.0411012
Chain
	Aln	2	-SRR33939694.21654/1 4 2380 2500 +edge_2_0_+disjointig_2_0_44285 37778 40176 44285 -1 -1 1525 0.0411012
Chain
	Aln	1	+SRR33939694.21609/1 1175 4231 4238 -edge_1_0_+disjointig_1_0_47382 43635 46667 47382 -1 -1 2543 0.0190963
Chain
	Aln	0	-SRR33939694.21609/1 6 3062 4238 +edge_1_0_+disjointig_1_0_47382 714 3746 47382 -1 -1 2543 0.0190963
Chain
	Aln	2	+SRR33939694.21735/1 141 1230 1238 +edge_2_0_+disjointig_2_0_44285 23674 24791 44285 -1 -1 821 0.0355941
Chain
	Aln	3	-SRR33939694.21735/1 7 1096 1238 -edge_2_0_+disjointig_2_0_44285 19493 20610 44285 -1 -1 821 0.0355941
Chain
	Aln	3	+SRR33939694.21781/1 122 1254 1257 -edge_2_0_+disjointig_2_0_44285 36626 37766 44285 -1 -1 1010 0.0100133
Chain
	Aln	2	-SRR33939694.21781/1 2 1134 1257 +edge_2_0_+disjointig_2_0_44285 6518 7658 44285 -1 -1 1010 0.0100133
Chain
	Aln	3	+SRR33939694.21714/1 130 1941 2060 -edge_2_0_+disjointig_2_0_44285 33212 35017 44285 -1 -1 1113 0.0447594
Chain
	Aln	2	-SRR33939694.21714/1 118 1929 2060 +edge_2_0_+disjointig_2_0_44285 9267 11072 44285 -1 -1 1113 0.0447594
Chain
	Aln	3	+SRR33939694.21796/1 207 1317 1320 -edge_2_0_+disjointig_2_0_44285 2918 4045 44285 -1 -1 687 0.0497768
Chain
	Aln	2	-SRR33939694.21796/1 2 1112 1320 +edge_2_0_+disjointig_2_0_44285 40239 41366 44285 -1 -1 687 0.0497768
Chain
	Aln	3	+SRR33939694.21802/1 119 1448 1451 -edge_2_0_+disjointig_2_0_44285 28877 30201 44285 -1 -1 1187 0.0160867
Chain
	Aln	2	-SRR33939694.21802/1 2 1331 1451 +edge_2_0_+disjointig_2_0_44285 14083 15407 44285 -1 -1 1187 0.0160867
Chain
	Aln	3	+SRR33939694.21814/1 119 1123 1144 -edge_2_0_+disjointig_2_0_44285 29523 30528 44285 -1 -1 895 0.0214579
Chain
	Aln	2	-SRR33939694.21814/1 20 1024 1144 +edge_2_0_+disjointig_2_0_44285 13756 14761 44285 -1 -1 895 0.0214579
Chain
	Aln	3	+SRR33939694.21812/1 113 1429 1431 -edge_2_0_+disjointig_2_0_44285 14518 15834 44285 -1 -1 983 0.0320062
Chain
	Aln	2	-SRR33939694.21812/1 1 1317 1431 +edge_2_0_+disjointig_2_0_44285 28450 29766 44285 -1 -1 983 0.0320062
Chain
	Aln	3	+SRR33939694.21838/1 119 1136 1146 -edge_2_0_+disjointig_2_0_44285 29187 30217 44285 -1 -1 691 0.0500891
Chain
	Aln	2	-SRR33939694.21838/1 9 1026 1146 +edge_2_0_+disjointig_2_0_44285 14067 15097 44285 -1 -1 691 0.0500891
Chain
	Aln	2	+SRR33939694.21842/1 121 1777 1855 +edge_2_0_+disjointig_2_0_44285 40460 42120 44285 -1 -1 995 0.0381297
Chain
	Aln	3	-SRR33939694.21842/1 77 1733 1855 -edge_2_0_+disjointig_2_0_44285 2164 3824 44285 -1 -1 995 0.0381297
Chain
	Aln	3	+SRR33939694.21869/1 122 1146 1149 -edge_2_0_+disjointig_2_0_44285 40182 41200 44285 -1 -1 858 0.018532
Chain
	Aln	2	-SRR33939694.21869/1 2 1026 1149 +edge_2_0_+disjointig_2_0_44285 3084 4102 44285 -1 -1 858 0.018532
Chain
	Aln	2	+SRR33939694.21925/1 123 1274 1283 +edge_2_0_+disjointig_2_0_44285 13121 14266 44285 -1 -1 932 0.0280635
Chain
	Aln	3	-SRR33939694.21925/1 8 1159 1283 -edge_2_0_+disjointig_2_0_44285 30018 31163 44285 -1 -1 932 0.0280635
Chain
	Aln	3	+SRR33939694.21896/1 99 2351 2355 -edge_2_0_+disjointig_2_0_44285 17393 19647 44285 -1 -1 1940 0.017434
Chain
	Aln	2	-SRR33939694.21896/1 3 2255 2355 +edge_2_0_+disjointig_2_0_44285 24637 26891 44285 -1 -1 1940 0.017434
Chain
	Aln	3	+SRR33939694.21934/1 117 1729 1738 -edge_2_0_+disjointig_2_0_44285 22167 23795 44285 -1 -1 1078 0.0408308
Chain
	Aln	2	-SRR33939694.21934/1 8 1620 1738 +edge_2_0_+disjointig_2_0_44285 20489 22117 44285 -1 -1 1078 0.0408308
Chain
	Aln	3	+SRR33939694.21992/1 119 1489 1501 -edge_2_0_+disjointig_2_0_44285 1679 3048 44285 -1 -1 1198 0.0123839
Chain
	Aln	2	-SRR33939694.21992/1 11 1381 1501 +edge_2_0_+disjointig_2_0_44285 41236 42605 44285 -1 -1 1198 0.0123839
Chain
	Aln	2	+SRR33939694.21900/1 131 2364 2406 +edge_2_0_+disjointig_2_0_44285 22026 24262 44285 -1 -1 1847 0.0203359
Chain
	Aln	3	-SRR33939694.21900/1 41 2274 2406 -edge_2_0_+disjointig_2_0_44285 20022 22258 44285 -1 -1 1847 0.0203359
Chain
	Aln	3	+SRR33939694.21968/1 164 2122 2143 -edge_2_0_+disjointig_2_0_44285 12151 14143 44285 -1 -1 1565 0.0285853
Chain
	Aln	2	-SRR33939694.21968/1 20 1978 2143 +edge_2_0_+disjointig_2_0_44285 30141 32133 44285 -1 -1 1565 0.0285853
Chain
	Aln	3	+SRR33939694.21996/1 146 1585 1596 -edge_2_0_+disjointig_2_0_44285 41472 42904 44285 -1 -1 913 0.0464005
Chain
	Aln	2	-SRR33939694.21996/1 10 1449 1596 +edge_2_0_+disjointig_2_0_44285 1380 2812 44285 -1 -1 913 0.0464005
Chain
	Aln	2	+SRR33939694.22162/1 115 1207 1217 +edge_2_0_+disjointig_2_0_44285 30076 31193 44285 -1 -1 822 0.0324974
Chain
	Aln	3	-SRR33939694.22162/1 9 1101 1217 -edge_2_0_+disjointig_2_0_44285 13091 14208 44285 -1 -1 822 0.0324974
Chain
	Aln	3	+SRR33939694.22092/1 121 1614 1616 -edge_2_0_+disjointig_2_0_44285 34479 35968 44285 -1 -1 1229 0.0213543
Chain
	Aln	2	-SRR33939694.22092/1 1 1494 1616 +edge_2_0_+disjointig_2_0_44285 8316 9805 44285 -1 -1 1229 0.0213543
Chain
	Aln	2	+SRR33939694.22197/1 140 1155 1167 +edge_2_0_+disjointig_2_0_44285 20848 21867 44285 -1 -1 845 0.0208983
Chain
	Aln	3	-SRR33939694.22197/1 11 1026 1167 -edge_2_0_+disjointig_2_0_44285 22417 23436 44285 -1 -1 845 0.0208983
Chain
	Aln	3	+SRR33939694.22177/1 120 1561 1571 -edge_2_0_+disjointig_2_0_44285 30347 31793 44285 -1 -1 1065 0.0334611
Chain
	Aln	2	-SRR33939694.22177/1 9 1450 1571 +edge_2_0_+disjointig_2_0_44285 12491 13937 44285 -1 -1 1065 0.0334611
Chain
	Aln	3	+SRR33939694.22248/1 117 1270 1304 -edge_2_0_+disjointig_2_0_44285 4978 6141 44285 -1 -1 1028 0.0128934
Chain
	Aln	2	-SRR33939694.22248/1 33 1186 1304 +edge_2_0_+disjointig_2_0_44285 38143 39306 44285 -1 -1 1028 0.0128934
Chain
	Aln	2	+SRR33939694.22270/1 138 1140 1169 +edge_2_0_+disjointig_2_0_44285 14828 15869 44285 -1 -1 666 0.0418568
Chain
	Aln	3	-SRR33939694.22270/1 28 1030 1169 -edge_2_0_+disjointig_2_0_44285 28415 29456 44285 -1 -1 666 0.0418568
Chain
	Aln	3	+SRR33939694.22241/1 152 2155 2160 -edge_2_0_+disjointig_2_0_44285 19550 21571 44285 -1 -1 1516 0.0296999
Chain
	Aln	2	-SRR33939694.22241/1 4 2007 2160 +edge_2_0_+disjointig_2_0_44285 22713 24734 44285 -1 -1 1516 0.0296999
Chain
	Aln	3	+SRR33939694.22279/1 136 1177 1190 -edge_2_0_+disjointig_2_0_44285 14291 15341 44285 -1 -1 858 0.0240345
Chain
	Aln	2	-SRR33939694.22279/1 12 1053 1190 +edge_2_0_+disjointig_2_0_44285 28943 29993 44285 -1 -1 858 0.0240345
Chain
	Aln	3	+SRR33939694.22262/1 117 1556 1609 -edge_2_0_+disjointig_2_0_44285 12378 13816 44285 -1 -1 1061 0.0312341
Chain
	Aln	2	-SRR33939694.22262/1 52 1491 1609 +edge_2_0_+disjointig_2_0_44285 30468 31906 44285 -1 -1 1061 0.0312341
Chain
	Aln	2	+SRR33939694.22286/1 128 1364 1366 +edge_2_0_+disjointig_2_0_44285 38599 39853 44285 -1 -1 905 0.0335594
Chain
	Aln	3	-SRR33939694.22286/1 1 1237 1366 -edge_2_0_+disjointig_2_0_44285 4431 5685 44285 -1 -1 905 0.0335594
Chain
	Aln	3	+SRR33939694.22287/1 131 2157 2174 -edge_2_0_+disjointig_2_0_44285 32224 34256 44285 -1 -1 1871 0.0107591
Chain
	Aln	2	-SRR33939694.22287/1 16 2042 2174 +edge_2_0_+disjointig_2_0_44285 10028 12060 44285 -1 -1 1871 0.0107591
Chain
	Aln	1	+SRR33939694.21097/1 453 21702 21710 -edge_1_0_+disjointig_1_0_47382 13280 34403 47382 -1 -1 16984 0.0239457
Chain
	Aln	0	-SRR33939694.21097/1 7 21256 21710 +edge_1_0_+disjointig_1_0_47382 12978 34101 47382 -1 -1 16984 0.0239457
Chain
	Aln	3	+SRR33939694.22485/1 118 1147 1152 -edge_2_0_+disjointig_2_0_44285 16654 17685 44285 -1 -1 904 0.0193669
Chain
	Aln	2	-SRR33939694.22485/1 4 1033 1152 +edge_2_0_+disjointig_2_0_44285 26599 27630 44285 -1 -1 904 0.0193669
Chain
	Aln	3	+SRR33939694.22487/1 118 1228 1231 -edge_2_0_+disjointig_2_0_44285 42984 44097 44285 -1 -1 922 0.0213107
Chain
	Aln	2	-SRR33939694.22487/1 2 1112 1231 +edge_2_0_+disjointig_2_0_44285 187 1300 44285 -1 -1 922 0.0213107
Chain
	Aln	3	+SRR33939694.21686/1 113 14784 14806 -edge_2_0_+disjointig_2_0_44285 29568 44278 44285 -1 -1 11549 0.0249746
Chain
	Aln	2	-SRR33939694.21686/1 21 14692 14806 +edge_2_0_+disjointig_2_0_44285 6 14716 44285 -1 -1 11549 0.0249746
Chain
	Aln	2	+SRR33939694.22554/1 114 1453 1459 +edge_2_0_+disjointig_2_0_44285 18006 19346 44285 -1 -1 1198 0.0119616
Chain
	Aln	3	-SRR33939694.22554/1 5 1344 1459 -edge_2_0_+disjointig_2_0_44285 24938 26278 44285 -1 -1 1198 0.0119616
Chain
	Aln	2	+SRR33939694.22621/1 123 1279 1284 +edge_2_0_+disjointig_2_0_44285 38609 39779 44285 -1 -1 929 0.0230102
Chain
	Aln	3	-SRR33939694.22621/1 4 1160 1284 -edge_2_0_+disjointig_2_0_44285 4505 5675 44285 -1 -1 929 0.0230102
Chain
	Aln	3	+SRR33939694.22640/1 137 1287 1294 -edge_2_0_+disjointig_2_0_44285 31494 32636 44285 -1 -1 911 0.0232344
Chain
	Aln	2	-SRR33939694.22640/1 6 1156 1294 +edge_2_0_+disjointig_2_0_44285 11648 12790 44285 -1 -1 911 0.0232344
Chain
	Aln	3	+SRR33939694.22592/1 114 2512 2514 -edge_2_0_+disjointig_2_0_44285 22045 24528 44285 -1 -1 1555 0.0426105
Chain
	Aln	2	-SRR33939694.22592/1 1 2399 2514 +edge_2_0_+disjointig_2_0_44285 19756 22239 44285 -1 -1 1555 0.0426105
Chain
	Aln	3	+SRR33939694.22709/1 132 1236 1247 -edge_2_0_+disjointig_2_0_44285 12863 13970 44285 -1 -1 936 0.0154242
Chain
	Aln	2	-SRR33939694.22709/1 10 1114 1247 +edge_2_0_+disjointig_2_0_44285 30314 31421 44285 -1 -1 936 0.0154242
Chain
	Aln	2	+SRR33939694.22758/1 115 1154 1160 +edge_2_0_+disjointig_2_0_44285 19269 20324 44285 -1 -1 774 0.0247789
Chain
	Aln	3	-SRR33939694.22758/1 5 1044 1160 -edge_2_0_+disjointig_2_0_44285 23960 25015 44285 -1 -1 774 0.0247789
Chain
	Aln	3	+SRR33939694.22755/1 125 1299 1326 -edge_2_0_+disjointig_2_0_44285 16328 17516 44285 -1 -1 841 0.0341449
Chain
	Aln	2	-SRR33939694.22755/1 26 1200 1326 +edge_2_0_+disjointig_2_0_44285 26768 27956 44285 -1 -1 841 0.0341449
Chain
	Aln	2	+SRR33939694.22839/1 125 1159 1162 +edge_2_0_+disjointig_2_0_44285 17513 18554 44285 -1 -1 988 0.00957415
Chain
	Aln	3	-SRR33939694.22839/1 2 1036 1162 -edge_2_0_+disjointig_2_0_44285 25730 26771 44285 -1 -1 988 0.00957415
Chain
	Aln	3	+SRR33939694.22728/1 126 1526 1541 -edge_2_0_+disjointig_2_0_44285 16612 18031 44285 -1 -1 1102 0.0252924
Chain
	Aln	2	-SRR33939694.22728/1 14 1414 1541 +edge_2_0_+disjointig_2_0_44285 26253 27672 44285 -1 -1 1102 0.0252924
Chain
	Aln	3	+SRR33939694.22359/1 115 5869 5875 -edge_2_0_+disjointig_2_0_44285 10688 16473 44285 -1 -1 4713 0.0267626
Chain
	Aln	2	-SRR33939694.22359/1 5 5759 5875 +edge_2_0_+disjointig_2_0_44285 27811 33596 44285 -1 -1 4713 0.0267626
Chain
	Aln	2	+SRR33939694.22926/1 106 1291 1295 +edge_2_0_+disjointig_2_0_44285 28541 29723 44285 -1 -1 1088 0.0186753
Chain
	Aln	3	-SRR33939694.22926/1 3 1188 1295 -edge_2_0_+disjointig_2_0_44285 14561 15743 44285 -1 -1 1088 0.0186753
Chain
	Aln	2	+SRR33939694.22973/1 114 1179 1181 +edge_2_0_+disjointig_2_0_44285 10296 11361 44285 -1 -1 872 0.0230447
Chain
	Aln	3	-SRR33939694.22973/1 1 1066 1181 -edge_2_0_+disjointig_2_0_44285 32923 33988 44285 -1 -1 872 0.0230447
Chain
	Aln	2	+SRR33939694.22948/1 108 1300 1305 +edge_2_0_+disjointig_2_0_44285 3987 5179 44285 -1 -1 912 0.0301224
Chain
	Aln	3	-SRR33939694.22948/1 4 1196 1305 -edge_2_0_+disjointig_2_0_44285 39105 40297 44285 -1 -1 912 0.0301224
Chain
	Aln	3	+SRR33939694.22974/1 144 1182 1204 -edge_2_0_+disjointig_2_0_44285 21486 22529 44285 -1 -1 757 0.0299933
Chain
	Aln	2	-SRR33939694.22974/1 21 1059 1204 +edge_2_0_+disjointig_2_0_44285 21755 22798 44285 -1 -1 757 0.0299933
Chain
	Aln	2	+SRR33939694.22980/1 166 1553 1557 +edge_2_0_+disjointig_2_0_44285 20079 21468 44285 -1 -1 990 0.0364654
Chain
	Aln	3	-SRR33939694.22980/1 3 1390 1557 -edge_2_0_+disjointig_2_0_44285 22816 24205 44285 -1 -1 990 0.0364654
Chain
	Aln	2	+SRR33939694.23042/1 114 1205 1217 +edge_2_0_+disjointig_2_0_44285 30660 31751 44285 -1 -1 796 0.0291345
Chain
	Aln	3	-SRR33939694.23042/1 11 1102 1217 -edge_2_0_+disjointig_2_0_44285 12533 13624 44285 -1 -1 796 0.0291345
Chain
	Aln	2	+SRR33939694.23031/1 123 1708 1716 +edge_2_0_+disjointig_2_0_44285 14927 16521 44285 -1 -1 967 0.0416109
Chain
	Aln	3	-SRR33939694.23031/1 7 1592 1716 -edge_2_0_+disjointig_2_0_44285 27763 29357 44285 -1 -1 967 0.0416109
Chain
	Aln	3	+SRR33939694.23065/1 126 1129 1133 -edge_2_0_+disjointig_2_0_44285 35154 36160 44285 -1 -1 915 0.0149493
Chain
	Aln	2	-SRR33939694.23065/1 3 1006 1133 +edge_2_0_+disjointig_2_0_44285 8124 9130 44285 -1 -1 915 0.0149493
Chain
	Aln	2	+SRR33939694.23036/1 113 1658 1698 +edge_2_0_+disjointig_2_0_44285 7169 8739 44285 -1 -1 794 0.0577782
Chain
	Aln	3	-SRR33939694.23036/1 39 1584 1698 -edge_2_0_+disjointig_2_0_44285 35545 37115 44285 -1 -1 794 0.0577782
Chain
	Aln	3	+SRR33939694.23054/1 131 2015 2019 -edge_2_0_+disjointig_2_0_44285 28736 30641 44285 -1 -1 1332 0.037587
Chain
	Aln	2	-SRR33939694.23054/1 3 1887 2019 +edge_2_0_+disjointig_2_0_44285 13643 15548 44285 -1 -1 1332 0.037587
Chain
	Aln	2	+SRR33939694.23155/1 122 1237 1263 +edge_2_0_+disjointig_2_0_44285 13938 15061 44285 -1 -1 978 0.0197871
Chain
	Aln	3	-SRR33939694.23155/1 25 1140 1263 -edge_2_0_+disjointig_2_0_44285 29223 30346 44285 -1 -1 978 0.0197871
Chain
	Aln	3	+SRR33939694.23285/1 132 1146 1150 -edge_2_0_+disjointig_2_0_44285 32414 33434 44285 -1 -1 864 0.0214102
Chain
	Aln	2	-SRR33939694.23285/1 3 1017 1150 +edge_2_0_+disjointig_2_0_44285 10850 11870 44285 -1 -1 864 0.0214102
Chain
	Aln	3	+SRR33939694.23240/1 149 1212 1244 -edge_2_0_+disjointig_2_0_44285 2170 3243 44285 -1 -1 819 0.0217157
Chain
	Aln	2	-SRR33939694.23240/1 31 1094 1244 +edge_2_0_+disjointig_2_0_44285 41041 42114 44285 -1 -1 819 0.0217157
Chain
	Aln	3	+SRR33939694.23313/1 124 1495 1503 -edge_2_0_+disjointig_2_0_44285 12936 14290 44285 -1 -1 894 0.0365696
Chain
	Aln	2	-SRR33939694.23313/1 7 1378 1503 +edge_2_0_+disjointig_2_0_44285 29994 31348 44285 -1 -1 894 0.0365696
Chain
	Aln	3	+SRR33939694.23403/1 121 1249 1253 -edge_2_0_+disjointig_2_0_44285 16275 17409 44285 -1 -1 1042 0.010379
Chain
	Aln	2	-SRR33939694.23403/1 3 1131 1253 +edge_2_0_+disjointig_2_0_44285 26875 28009 44285 -1 -1 1042 0.010379
Chain
	Aln	2	+SRR33939694.23428/1 119 1119 1134 +edge_2_0_+disjointig_2_0_44285 15681 16687 44285 -1 -1 835 0.0233989
Chain
	Aln	3	-SRR33939694.23428/1 14 1014 1134 -edge_2_0_+disjointig_2_0_44285 27597 28603 44285 -1 -1 835 0.0233989
Chain
	Aln	2	+SRR33939694.23462/1 146 1175 1178 +edge_2_0_+disjointig_2_0_44285 23133 24163 44285 -1 -1 847 0.0292555
Chain
	Aln	3	-SRR33939694.23462/1 2 1031 1178 -edge_2_0_+disjointig_2_0_44285 20121 21151 44285 -1 -1 847 0.0292555
Chain
	Aln	2	+SRR33939694.23419/1 171 1499 1521 +edge_2_0_+disjointig_2_0_44285 16785 18118 44285 -1 -1 1227 0.01376
Chain
	Aln	3	-SRR33939694.23419/1 21 1349 1521 -edge_2_0_+disjointig_2_0_44285 26166 27499 44285 -1 -1 1227 0.01376
Chain
	Aln	2	+SRR33939694.23468/1 125 1220 1228 +edge_2_0_+disjointig_2_0_44285 23510 24602 44285 -1 -1 782 0.0376928
Chain
	Aln	3	-SRR33939694.23468/1 7 1102 1228 -edge_2_0_+disjointig_2_0_44285 19682 20774 44285 -1 -1 782 0.0376928
Chain
	Aln	2	+SRR33939694.23475/1 117 1436 1450 +edge_2_0_+disjointig_2_0_44285 27389 28708 44285 -1 -1 1092 0.0185924
Chain
	Aln	3	-SRR33939694.23475/1 13 1332 1450 -edge_2_0_+disjointig_2_0_44285 15576 16895 44285 -1 -1 1092 0.0185924
Chain
	Aln	2	+SRR33939694.23504/1 115 1246 1265 +edge_2_0_+disjointig_2_0_44285 42122 43243 44285 -1 -1 886 0.0265816
Chain
	Aln	3	-SRR33939694.23504/1 18 1149 1265 -edge_2_0_+disjointig_2_0_44285 1041 2162 44285 -1 -1 886 0.0265816
Chain
	Aln	2	+SRR33939694.23474/1 120 1994 2011 +edge_2_0_+disjointig_2_0_44285 23313 25180 44285 -1 -1 1549 0.0247301
Chain
	Aln	3	-SRR33939694.23474/1 16 1890 2011 -edge_2_0_+disjointig_2_0_44285 19104 20971 44285 -1 -1 1549 0.0247301
Chain
	Aln	3	+SRR33939694.23541/1 154 1870 1875 -edge_2_0_+disjointig_2_0_44285 2566 4290 44285 -1 -1 1412 0.0214197
Chain
	Aln	2	-SRR33939694.23541/1 4 1720 1875 +edge_2_0_+disjointig_2_0_44285 39994 41718 44285 -1 -1 1412 0.0214197
Chain
	Aln	3	+SRR33939694.23578/1 126 1357 1362 -edge_2_0_+disjointig_2_0_44285 42747 43975 44285 -1 -1 1095 0.015207
Chain
	Aln	2	-SRR33939694.23578/1 4 1235 1362 +edge_2_0_+disjointig_2_0_44285 309 1537 44285 -1 -1 1095 0.015207
Chain
	Aln	2	+SRR33939694.23579/1 130 1354 1366 +edge_2_0_+disjointig_2_0_44285 39172 40431 44285 -1 -1 760 0.0464653
Chain
	Aln	3	-SRR33939694.23579/1 11 1235 1366 -edge_2_0_+disjointig_2_0_44285 3853 5112 44285 -1 -1 760 0.0464653
Chain
	Aln	2	+SRR33939694.23585/1 179 1208 1211 +edge_2_0_+disjointig_2_0_44285 18521 19554 44285 -1 -1 921 0.00985565
Chain
	Aln	3	-SRR33939694.23585/1 2 1031 1211 -edge_2_0_+disjointig_2_0_44285 24730 25763 44285 -1 -1 921 0.00985565
Chain
	Aln	2	+SRR33939694.23544/1 158 1544 1581 +edge_2_0_+disjointig_2_0_44285 30701 32076 44285 -1 -1 855 0.041772
Chain
	Aln	3	-SRR33939694.23544/1 36 1422 1581 -edge_2_0_+disjointig_2_0_44285 12208 13583 44285 -1 -1 855 0.041772
Chain
	Aln	3	+SRR33939694.23553/1 132 1781 1789 -edge_2_0_+disjointig_2_0_44285 12355 13924 44285 -1 -1 1224 0.0244638
Chain
	Aln	2	-SRR33939694.23553/1 7 1656 1789 +edge_2_0_+disjointig_2_0_44285 30360 31929 44285 -1 -1 1224 0.0244638
Chain
	Aln	2	+SRR33939694.23657/1 120 1133 1142 +edge_2_0_+disjointig_2_0_44285 22004 23037 44285 -1 -1 833 0.0212502
Chain
	Aln	3	-SRR33939694.23657/1 8 1021 1142 -edge_2_0_+disjointig_2_0_44285 21247 22280 44285 -1 -1 833 0.0212502
Chain
	Aln	2	+SRR33939694.23670/1 114 1117 1120 +edge_2_0_+disjointig_2_0_44285 13343 14349 44285 -1 -1 877 0.020143
Chain
	Aln	3	-SRR33939694.23670/1 2 1005 1120 -edge_2_0_+disjointig_2_0_44285 29935 30941 44285 -1 -1 877 0.020143
Chain
	Aln	2	+SRR33939694.23634/1 144 2098 2105 +edge_2_0_+disjointig_2_0_44285 9799 11752 44285 -1 -1 1425 0.036564
Chain
	Aln	3	-SRR33939694.23634/1 6 1960 2105 -edge_2_0_+disjointig_2_0_44285 32532 34485 44285 -1 -1 1425 0.036564
Chain
	Aln	2	+SRR33939694.23732/1 130 1230 1246 +edge_2_0_+disjointig_2_0_44285 38243 39342 44285 -1 -1 902 0.016589
Chain
	Aln	3	-SRR33939694.23732/1 15 1115 1246 -edge_2_0_+disjointig_2_0_44285 4942 6041 44285 -1 -1 902 0.016589
Chain
	Aln	3	+SRR33939694.23612/1 121 3183 3199 -edge_2_0_+disjointig_2_0_44285 884 3962 44285 -1 -1 2203 0.0276665
Chain
	Aln	2	-SRR33939694.23612/1 15 3077 3199 +edge_2_0_+disjointig_2_0_44285 40322 43400 44285 -1 -1 2203 0.0276665
Chain
	Aln	3	+SRR33939694.23768/1 142 1211 1228 -edge_2_0_+disjointig_2_0_44285 16725 17795 44285 -1 -1 907 0.021551
Chain
	Aln	2	-SRR33939694.23768/1 16 1085 1228 +edge_2_0_+disjointig_2_0_44285 26489 27559 44285 -1 -1 907 0.021551
Chain
	Aln	2	+SRR33939694.23685/1 140 1740 1780 +edge_2_0_+disjointig_2_0_44285 1291 2872 44285 -1 -1 1214 0.0266842
Chain
	Aln	3	-SRR33939694.23685/1 39 1639 1780 -edge_2_0_+disjointig_2_0_44285 41412 42993 44285 -1 -1 1214 0.0266842
Chain
	Aln	2	+SRR33939694.23761/1 131 1211 1227 +edge_2_0_+disjointig_2_0_44285 2146 3221 44285 -1 -1 854 0.0229762
Chain
	Aln	3	-SRR33939694.23761/1 15 1095 1227 -edge_2_0_+disjointig_2_0_44285 41063 42138 44285 -1 -1 854 0.0229762
Chain
	Aln	3	+SRR33939694.23750/1 150 1834 1837 -edge_2_0_+disjointig_2_0_44285 35156 36839 44285 -1 -1 1461 0.0112803
Chain
	Aln	2	-SRR33939694.23750/1 2 1686 1837 +edge_2_0_+disjointig_2_0_44285 7445 9128 44285 -1 -1 1461 0.0112803
Chain
	Aln	3	+SRR33939694.23796/1 126 1140 1149 -edge_2_0_+disjointig_2_0_44285 30442 31460 44285 -1 -1 673 0.0444656
Chain
	Aln	2	-SRR33939694.23796/1 8 1022 1149 +edge_2_0_+disjointig_2_0_44285 12824 13842 44285 -1 -1 673 0.0444656
Chain
	Aln	2	+SRR33939694.23856/1 120 1197 1202 +edge_2_0_+disjointig_2_0_44285 12319 13403 44285 -1 -1 669 0.0461665
Chain
	Aln	3	-SRR33939694.23856/1 4 1081 1202 -edge_2_0_+disjointig_2_0_44285 30881 31965 44285 -1 -1 669 0.0461665
Chain
	Aln	3	+SRR33939694.23876/1 127 1461 1475 -edge_2_0_+disjointig_2_0_44285 29243 30586 44285 -1 -1 1079 0.0256644
Chain
	Aln	2	-SRR33939694.23876/1 13 1347 1475 +edge_2_0_+disjointig_2_0_44285 13698 15041 44285 -1 -1 1079 0.0256644
Chain
	Aln	2	+SRR33939694.23918/1 112 1247 1259 +edge_2_0_+disjointig_2_0_44285 43130 44272 44285 -1 -1 1036 0.0153877
Chain
	Aln	3	-SRR33939694.23918/1 11 1146 1259 -edge_2_0_+disjointig_2_0_44285 12 1154 44285 -1 -1 1036 0.0153877
Chain
	Aln	3	+SRR33939694.24003/1 121 1705 1712 -edge_2_0_+disjointig_2_0_44285 5684 7292 44285 -1 -1 1213 0.0285893
Chain
	Aln	2	-SRR33939694.24003/1 6 1590 1712 +edge_2_0_+disjointig_2_0_44285 36992 38600 44285 -1 -1 1213 0.0285893
Chain
	Aln	2	+SRR33939694.23909/1 141 2695 2698 +edge_2_0_+disjointig_2_0_44285 33270 35834 44285 -1 -1 1676 0.0371837
Chain
	Aln	3	-SRR33939694.23909/1 2 2556 2698 -edge_2_0_+disjointig_2_0_44285 8450 11014 44285 -1 -1 1676 0.0371837
Chain
	Aln	2	+SRR33939694.24222/1 147 1230 1233 +edge_2_0_+disjointig_2_0_44285 4286 5372 44285 -1 -1 907 0.0194504
Chain
	Aln	3	-SRR33939694.24222/1 2 1085 1233 -edge_2_0_+disjointig_2_0_44285 38912 39998 44285 -1 -1 907 0.0194504
Chain
	Aln	2	+SRR33939694.24101/1 136 1166 1178 +edge_2_0_+disjointig_2_0_44285 7694 8739 44285 -1 -1 825 0.0246874
Chain
	Aln	3	-SRR33939694.24101/1 11 1041 1178 -edge_2_0_+disjointig_2_0_44285 35545 36590 44285 -1 -1 825 0.0246874
Chain
	Aln	2	+SRR33939694.24023/1 129 2531 2538 +edge_2_0_+disjointig_2_0_44285 11857 14260 44285 -1 -1 1919 0.0229613
Chain
	Aln	3	-SRR33939694.24023/1 6 2408 2538 -edge_2_0_+disjointig_2_0_44285 30024 32427 44285 -1 -1 1919 0.0229613
Chain
	Aln	3	+SRR33939694.24266/1 128 1328 1331 -edge_2_0_+disjointig_2_0_44285 31703 32910 44285 -1 -1 994 0.0168339
Chain
	Aln	2	-SRR33939694.24266/1 2 1202 1331 +edge_2_0_+disjointig_2_0_44285 11374 12581 44285 -1 -1 994 0.0168339
Chain
	Aln	2	+SRR33939694.24301/1 114 1147 1152 +edge_2_0_+disjointig_2_0_44285 6012 7055 44285 -1 -1 871 0.0191826
Chain
	Aln	3	-SRR33939694.24301/1 4 1037 1152 -edge_2_0_+disjointig_2_0_44285 37229 38272 44285 -1 -1 871 0.0191826
Chain
	Aln	3	+SRR33939694.24253/1 118 1279 1282 -edge_2_0_+disjointig_2_0_44285 40817 41982 44285 -1 -1 979 0.0180499
Chain
	Aln	2	-SRR33939694.24253/1 2 1163 1282 +edge_2_0_+disjointig_2_0_44285 2302 3467 44285 -1 -1 979 0.0180499
Chain
	Aln	2	+SRR33939694.24333/1 162 1407 1416 +edge_2_0_+disjointig_2_0_44285 26110 27360 44285 -1 -1 833 0.041684
Chain
	Aln	3	-SRR33939694.24333/1 8 1253 1416 -edge_2_0_+disjointig_2_0_44285 16924 18174 44285 -1 -1 833 0.041684
Chain
	Aln	2	+SRR33939694.24341/1 109 1187 1203 +edge_2_0_+disjointig_2_0_44285 22326 23408 44285 -1 -1 921 0.0239763
Chain
	Aln	3	-SRR33939694.24341/1 15 1093 1203 -edge_2_0_+disjointig_2_0_44285 20876 21958 44285 -1 -1 921 0.0239763
Chain
	Aln	2	+SRR33939694.24287/1 154 2818 2822 +edge_2_0_+disjointig_2_0_44285 60 2734 44285 -1 -1 2050 0.0288509
Chain
	Aln	3	-SRR33939694.24287/1 3 2667 2822 -edge_2_0_+disjointig_2_0_44285 41550 44224 44285 -1 -1 2050 0.0288509
Chain
	Aln	3	+SRR33939694.24503/1 113 1359 1363 -edge_2_0_+disjointig_2_0_44285 30086 31345 44285 -1 -1 1044 0.0281455
Chain
	Aln	2	-SRR33939694.24503/1 3 1249 1363 +edge_2_0_+disjointig_2_0_44285 12939 14198 44285 -1 -1 1044 0.0281455
Chain
	Aln	2	+SRR33939694.24498/1 119 1941 1953 +edge_2_0_+disjointig_2_0_44285 4923 6742 44285 -1 -1 1543 0.0156814
Chain
	Aln	3	-SRR33939694.24498/1 11 1833 1953 -edge_2_0_+disjointig_2_0_44285 37542 39361 44285 -1 -1 1543 0.0156814
Chain
	Aln	3	+SRR33939694.24638/1 121 1165 1194 -edge_2_0_+disjointig_2_0_44285 35775 36818 44285 -1 -1 987 0.00517572
Chain
	Aln	2	-SRR33939694.24638/1 28 1072 1194 +edge_2_0_+disjointig_2_0_44285 7466 8509 44285 -1 -1 987 0.00517572
Chain
	Aln	2	+SRR33939694.24530/1 116 1461 1468 +edge_2_0_+disjointig_2_0_44285 17862 19230 44285 -1 -1 1222 0.0125899
Chain
	Aln	3	-SRR33939694.24530/1 6 1351 1468 -edge_2_0_+disjointig_2_0_44285 25054 26422 44285 -1 -1 1222 0.0125899
Chain
	Aln	3	+SRR33939694.24680/1 120 1445 1451 -edge_2_0_+disjointig_2_0_44285 28982 30311 44285 -1 -1 1060 0.0254214
Chain
	Aln	2	-SRR33939694.24680/1 5 1330 1451 +edge_2_0_+disjointig_2_0_44285 13973 15302 44285 -1 -1 1060 0.0254214
Chain
	Aln	3	+SRR33939694.24699/1 147 1567 1572 -edge_2_0_+disjointig_2_0_44285 22363 23795 44285 -1 -1 1117 0.0261801
Chain
	Aln	2	-SRR33939694.24699/1 4 1424 1572 +edge_2_0_+disjointig_2_0_44285 20489 21921 44285 -1 -1 1117 0.0261801
Chain
	Aln	3	+SRR33939694.24750/1 119 1218 1222 -edge_2_0_+disjointig_2_0_44285 26446 27555 44285 -1 -1 989 0.0136628
Chain
	Aln	2	-SRR33939694.24750/1 3 1102 1222 +edge_2_0_+disjointig_2_0_44285 16729 17838 44285 -1 -1 989 0.0136628
Chain
	Aln	2	+SRR33939694.24686/1 123 1579 1592 +edge_2_0_+disjointig_2_0_44285 35566 37026 44285 -1 -1 1172 0.026968
Chain
	Aln	3	-SRR33939694.24686/1 12 1468 1592 -edge_2_0_+disjointig_2_0_44285 7258 8718 44285 -1 -1 1172 0.026968
Chain
	Aln	3	+SRR33939694.24821/1 139 1807 1814 -edge_2_0_+disjointig_2_0_44285 21431 23131 44285 -1 -1 1275 0.025079
Chain
	Aln	2	-SRR33939694.24821/1 6 1674 1814 +edge_2_0_+disjointig_2_0_44285 21153 22853 44285 -1 -1 1275 0.025079
Chain
	Aln	2	+SRR33939694.24840/1 119 1483 1491 +edge_2_0_+disjointig_2_0_44285 2121 3481 44285 -1 -1 1101 0.0189087
Chain
	Aln	3	-SRR33939694.24840/1 7 1371 1491 -edge_2_0_+disjointig_2_0_44285 40803 42163 44285 -1 -1 1101 0.0189087
Chain
	Aln	3	+SRR33939694.24838/1 112 1740 1771 -edge_2_0_+disjointig_2_0_44285 27044 28693 44285 -1 -1 1199 0.0404043
Chain
	Aln	2	-SRR33939694.24838/1 30 1658 1771 +edge_2_0_+disjointig_2_0_44285 15591 17240 44285 -1 -1 1199 0.0404043
Chain
	Aln	3	+SRR33939694.24926/1 134 1252 1255 -edge_2_0_+disjointig_2_0_44285 43058 44171 44285 -1 -1 829 0.0268066
Chain
	Aln	2	-SRR33939694.24926/1 2 1120 1255 +edge_2_0_+disjointig_2_0_44285 113 1226 44285 -1 -1 829 0.0268066
Chain
	Aln	3	+SRR33939694.25002/1 139 1290 1301 -edge_2_0_+disjointig_2_0_44285 34283 35443 44285 -1 -1 1010 0.0193249
Chain
	Aln	2	-SRR33939694.25002/1 10 1161 1301 +edge_2_0_+disjointig_2_0_44285 8841 10001 44285 -1 -1 1010 0.0193249
Chain
	Aln	2	+SRR33939694.24996/1 154 1547 1565 +edge_2_0_+disjointig_2_0_44285 28635 30033 44285 -1 -1 1149 0.0261927
Chain
	Aln	3	-SRR33939694.24996/1 17 1410 1565 -edge_2_0_+disjointig_2_0_44285 14251 15649 44285 -1 -1 1149 0.0261927
Chain
	Aln	2	+SRR33939694.25090/1 123 1178 1182 +edge_2_0_+disjointig_2_0_44285 16657 17708 44285 -1 -1 969 0.0145229
Chain
	Aln	3	-SRR33939694.25090/1 3 1058 1182 -edge_2_0_+disjointig_2_0_44285 26576 27627 44285 -1 -1 969 0.0145229
Chain
	Aln	2	+SRR33939694.25108/1 115 1124 1126 +edge_2_0_+disjointig_2_0_44285 33429 34451 44285 -1 -1 823 0.0238508
Chain
	Aln	3	-SRR33939694.25108/1 1 1010 1126 -edge_2_0_+disjointig_2_0_44285 9833 10855 44285 -1 -1 823 0.0238508
Chain
	Aln	3	+SRR33939694.25079/1 150 1937 1957 -edge_2_0_+disjointig_2_0_44285 7088 8926 44285 -1 -1 1259 0.0381103
Chain
	Aln	2	-SRR33939694.25079/1 19 1806 1957 +edge_2_0_+disjointig_2_0_44285 35358 37196 44285 -1 -1 1259 0.0381103
Chain
	Aln	2	+SRR33939694.25143/1 111 1155 1160 +edge_2_0_+disjointig_2_0_44285 25411 26460 44285 -1 -1 916 0.0122585
Chain
	Aln	3	-SRR33939694.25143/1 4 1048 1160 -edge_2_0_+disjointig_2_0_44285 17824 18873 44285 -1 -1 916 0.0122585
Chain
	Aln	2	+SRR33939694.25130/1 114 1286 1300 +edge_2_0_+disjointig_2_0_44285 13301 14475 44285 -1 -1 875 0.0301394
Chain
	Aln	3	-SRR33939694.25130/1 13 1185 1300 -edge_2_0_+disjointig_2_0_44285 29809 30983 44285 -1 -1 875 0.0301394
Chain
	Aln	2	+SRR33939694.25179/1 122 1308 1311 +edge_2_0_+disjointig_2_0_44285 23319 24495 44285 -1 -1 1008 0.0218014
Chain
	Aln	3	-SRR33939694.25179/1 2 1188 1311 -edge_2_0_+disjointig_2_0_44285 19789 20965 44285 -1 -1 1008 0.0218014
Chain
	Aln	2	+SRR33939694.25447/1 123 1390 1397 +edge_2_0_+disjointig_2_0_44285 29872 31148 44285 -1 -1 1062 0.0193953
Chain
	Aln	3	-SRR33939694.25447/1 6 1273 1397 -edge_2_0_+disjointig_2_0_44285 13136 14412 44285 -1 -1 1062 0.0193953
Chain
	Aln	3	+SRR33939694.25383/1 113 1620 1641 -edge_2_0_+disjointig_2_0_44285 16454 18011 44285 -1 -1 807 0.0606837
Chain
	Aln	2	-SRR33939694.25383/1 20 1527 1641 +edge_2_0_+disjointig_2_0_44285 26273 27830 44285 -1 -1 807 0.0606837
Chain
	Aln	2	+SRR33939694.25385/1 144 2031 2062 +edge_2_0_+disjointig_2_0_44285 18594 20463 44285 -1 -1 1129 0.0467968
Chain
	Aln	3	-SRR33939694.25385/1 30 1917 2062 -edge_2_0_+disjointig_2_0_44285 23821 25690 44285 -1 -1 1129 0.0467968
Chain
	Aln	3	+SRR33939694.25467/1 179 1491 1498 -edge_2_0_+disjointig_2_0_44285 21801 23118 44285 -1 -1 973 0.026406
Chain
	Aln	2	-SRR33939694.25467/1 6 1318 1498 +edge_2_0_+disjointig_2_0_44285 21166 22483 44285 -1 -1 973 0.026406
Chain
	Aln	3	+SRR33939694.25453/1 129 1642 1647 -edge_2_0_+disjointig_2_0_44285 26301 27824 44285 -1 -1 1148 0.0305129
Chain
	Aln	2	-SRR33939694.25453/1 4 1517 1647 +edge_2_0_+disjointig_2_0_44285 16460 17983 44285 -1 -1 1148 0.0305129
Chain
	Aln	2	+SRR33939694.25494/1 148 1215 1226 +edge_2_0_+disjointig_2_0_44285 11326 12398 44285 -1 -1 747 0.0381492
Chain
	Aln	3	-SRR33939694.25494/1 10 1077 1226 -edge_2_0_+disjointig_2_0_44285 31886 32958 44285 -1 -1 747 0.0381492
Chain
	Aln	2	+SRR33939694.25534/1 117 1578 1610 +edge_2_0_+disjointig_2_0_44285 23510 24976 44285 -1 -1 1258 0.0248079
Chain
	Aln	3	-SRR33939694.25534/1 31 1492 1610 -edge_2_0_+disjointig_2_0_44285 19308 20774 44285 -1 -1 1258 0.0248079
Chain
	Aln	3	+SRR33939694.25579/1 118 1141 1158 -edge_2_0_+disjointig_2_0_44285 11794 12825 44285 -1 -1 739 0.0330402
Chain
	Aln	2	-SRR33939694.25579/1 16 1039 1158 +edge_2_0_+disjointig_2_0_44285 31459 32490 44285 -1 -1 739 0.0330402
Chain
	Aln	3	+SRR33939694.25181/1 106 7021 7040 -edge_2_0_+disjointig_2_0_44285 16858 23781 44285 -1 -1 5536 0.0239189
Chain
	Aln	2	-SRR33939694.25181/1 18 6933 7040 +edge_2_0_+disjointig_2_0_44285 20503 27426 44285 -1 -1 5536 0.0239189
Chain
	Aln	3	+SRR33939694.25621/1 103 2606 2610 -edge_2_0_+disjointig_2_0_44285 22306 24816 44285 -1 -1 2135 0.0200259
Chain
	Aln	2	-SRR33939694.25621/1 3 2506 2610 +edge_2_0_+disjointig_2_0_44285 19468 21978 44285 -1 -1 2135 0.0200259
Chain
	Aln	2	+SRR33939694.25759/1 122 1129 1133 +edge_2_0_+disjointig_2_0_44285 12192 13210 44285 -1 -1 680 0.0356884
Chain
	Aln	3	-SRR33939694.25759/1 3 1010 1133 -edge_2_0_+disjointig_2_0_44285 31074 32092 44285 -1 -1 680 0.0356884
Chain
	Aln	2	+SRR33939694.25749/1 181 1492 1497 +edge_2_0_+disjointig_2_0_44285 25782 27079 44285 -1 -1 884 0.0409206
Chain
	Aln	3	-SRR33939694.25749/1 4 1315 1497 -edge_2_0_+disjointig_2_0_44285 17205 18502 44285 -1 -1 884 0.0409206
Chain
	Aln	2	+SRR33939694.25769/1 114 1459 1475 +edge_2_0_+disjointig_2_0_44285 7470 8811 44285 -1 -1 1174 0.0127749
Chain
	Aln	3	-SRR33939694.25769/1 15 1360 1475 -edge_2_0_+disjointig_2_0_44285 35473 36814 44285 -1 -1 1174 0.0127749
Chain
	Aln	3	+SRR33939694.25800/1 118 1370 1372 -edge_2_0_+disjointig_2_0_44285 34791 36053 44285 -1 -1 1121 0.014994
Chain
	Aln	2	-SRR33939694.25800/1 1 1253 1372 +edge_2_0_+disjointig_2_0_44285 8231 9493 44285 -1 -1 1121 0.014994
Chain
	Aln	2	+SRR33939694.25856/1 123 1244 1253 +edge_2_0_+disjointig_2_0_44285 31399 32523 44285 -1 -1 932 0.0163207
Chain
	Aln	3	-SRR33939694.25856/1 8 1129 1253 -edge_2_0_+disjointig_2_0_44285 11761 12885 44285 -1 -1 932 0.0163207
Chain
	Aln	3	+SRR33939694.25861/1 123 1209 1240 -edge_2_0_+disjointig_2_0_44285 14387 15488 44285 -1 -1 865 0.0272894
Chain
	Aln	2	-SRR33939694.25861/1 30 1116 1240 +edge_2_0_+disjointig_2_0_44285 28796 29897 44285 -1 -1 865 0.0272894
Chain
	Aln	3	+SRR33939694.25875/1 110 1669 1690 -edge_2_0_+disjointig_2_0_44285 39866 41446 44285 -1 -1 917 0.0598245
Chain
	Aln	2	-SRR33939694.25875/1 20 1579 1690 +edge_2_0_+disjointig_2_0_44285 2838 4418 44285 -1 -1 917 0.0598245
Chain
	Aln	2	+SRR33939694.25926/1 113 1285 1287 +edge_2_0_+disjointig_2_0_44285 23694 24856 44285 -1 -1 882 0.0319067
Chain
	Aln	3	-SRR33939694.25926/1 1 1173 1287 -edge_2_0_+disjointig_2_0_44285 19428 20590 44285 -1 -1 882 0.0319067
Chain
	Aln	2	+SRR33939694.25915/1 111 1276 1287 +edge_2_0_+disjointig_2_0_44285 18271 19448 44285 -1 -1 929 0.022954
Chain
	Aln	3	-SRR33939694.25915/1 10 1175 1287 -edge_2_0_+disjointig_2_0_44285 24836 26013 44285 -1 -1 929 0.022954
Chain
	Aln	2	+SRR33939694.25934/1 108 1528 1537 +edge_2_0_+disjointig_2_0_44285 34720 36156 44285 -1 -1 840 0.048289
Chain
	Aln	3	-SRR33939694.25934/1 8 1428 1537 -edge_2_0_+disjointig_2_0_44285 8128 9564 44285 -1 -1 840 0.048289
Chain
	Aln	2	+SRR33939694.26042/1 126 1285 1294 +edge_2_0_+disjointig_2_0_44285 33136 34304 44285 -1 -1 659 0.0553197
Chain
	Aln	3	-SRR33939694.26042/1 8 1167 1294 -edge_2_0_+disjointig_2_0_44285 9980 11148 44285 -1 -1 659 0.0553197
Chain
	Aln	2	+SRR33939694.25768/1 121 3676 3711 +edge_2_0_+disjointig_2_0_44285 28019 31597 44285 -1 -1 2324 0.0425321
Chain
	Aln	3	-SRR33939694.25768/1 34 3589 3711 -edge_2_0_+disjointig_2_0_44285 12687 16265 44285 -1 -1 2324 0.0425321
Chain
	Aln	3	+SRR33939694.26073/1 139 1274 1293 -edge_2_0_+disjointig_2_0_44285 19945 21070 44285 -1 -1 905 0.0276943
Chain
	Aln	2	-SRR33939694.26073/1 18 1153 1293 +edge_2_0_+disjointig_2_0_44285 23214 24339 44285 -1 -1 905 0.0276943
Chain
	Aln	3	+SRR33939694.26105/1 126 1219 1254 -edge_2_0_+disjointig_2_0_44285 10801 11898 44285 -1 -1 936 0.0234543
Chain
	Aln	2	-SRR33939694.26105/1 34 1127 1254 +edge_2_0_+disjointig_2_0_44285 32386 33483 44285 -1 -1 936 0.0234543
Chain
	Aln	2	+SRR33939694.26056/1 112 1438 1441 +edge_2_0_+disjointig_2_0_44285 8001 9341 44285 -1 -1 1067 0.0251617
Chain
	Aln	3	-SRR33939694.26056/1 2 1328 1441 -edge_2_0_+disjointig_2_0_44285 34943 36283 44285 -1 -1 1067 0.0251617
Chain
	Aln	3	+SRR33939694.26160/1 129 1175 1191 -edge_2_0_+disjointig_2_0_44285 5441 6497 44285 -1 -1 948 0.0104157
Chain
	Aln	2	-SRR33939694.26160/1 15 1061 1191 +edge_2_0_+disjointig_2_0_44285 37787 38843 44285 -1 -1 948 0.0104157
Chain
	Aln	3	+SRR33939694.26168/1 130 1255 1309 -edge_2_0_+disjointig_2_0_44285 24192 25318 44285 -1 -1 751 0.0427962
Chain
	Aln	2	-SRR33939694.26168/1 53 1178 1309 +edge_2_0_+disjointig_2_0_44285 18966 20092 44285 -1 -1 751 0.0427962
Chain
	Aln	2	+SRR33939694.26257/1 115 1394 1443 +edge_2_0_+disjointig_2_0_44285 3352 4645 44285 -1 -1 1043 0.0241819
Chain
	Aln	3	-SRR33939694.26257/1 48 1327 1443 -edge_2_0_+disjointig_2_0_44285 39639 40932 44285 -1 -1 1043 0.0241819
Chain
	Aln	3	+SRR33939694.26302/1 111 1221 1246 -edge_2_0_+disjointig_2_0_44285 37183 38311 44285 -1 -1 906 0.0172936
Chain
	Aln	2	-SRR33939694.26302/1 24 1134 1246 +edge_2_0_+disjointig_2_0_44285 5973 7101 44285 -1 -1 906 0.0172936
Chain
	Aln	3	+SRR33939694.26324/1 125 1444 1449 -edge_2_0_+disjointig_2_0_44285 32831 34156 44285 -1 -1 1090 0.0216119
Chain
	Aln	2	-SRR33939694.26324/1 4 1323 1449 +edge_2_0_+disjointig_2_0_44285 10128 11453 44285 -1 -1 1090 0.0216119
Chain
	Aln	1	+SRR33939694.26207/1 387 1895 1898 -edge_1_0_+disjointig_1_0_47382 4763 6284 47382 -1 -1 1243 0.0224473
Chain
	Aln	0	-SRR33939694.26207/1 2 1510 1898 +edge_1_0_+disjointig_1_0_47382 41097 42618 47382 -1 -1 1243 0.0224473
Chain
	Aln	2	+SRR33939694.26345/1 111 1549 1555 +edge_2_0_+disjointig_2_0_44285 29091 30547 44285 -1 -1 992 0.0379531
Chain
	Aln	3	-SRR33939694.26345/1 5 1443 1555 -edge_2_0_+disjointig_2_0_44285 13737 15193 44285 -1 -1 992 0.0379531
Chain
	Aln	2	+SRR33939694.26405/1 127 1291 1293 +edge_2_0_+disjointig_2_0_44285 6142 7309 44285 -1 -1 905 0.0212475
Chain
	Aln	3	-SRR33939694.26405/1 1 1165 1293 -edge_2_0_+disjointig_2_0_44285 36975 38142 44285 -1 -1 905 0.0212475
Chain
	Aln	3	+SRR33939694.26473/1 111 1115 1117 -edge_2_0_+disjointig_2_0_44285 23865 24891 44285 -1 -1 796 0.021301
Chain
	Aln	2	-SRR33939694.26473/1 1 1005 1117 +edge_2_0_+disjointig_2_0_44285 19393 20419 44285 -1 -1 796 0.021301
Chain
	Aln	3	+SRR33939694.26402/1 109 2129 2158 -edge_2_0_+disjointig_2_0_44285 30900 32947 44285 -1 -1 1768 0.0189374
Chain
	Aln	2	-SRR33939694.26402/1 28 2048 2158 +edge_2_0_+disjointig_2_0_44285 11337 13384 44285 -1 -1 1768 0.0189374
Chain
	Aln	2	+SRR33939694.26497/1 158 1265 1308 +edge_2_0_+disjointig_2_0_44285 33054 34181 44285 -1 -1 835 0.0361184
Chain
	Aln	3	-SRR33939694.26497/1 42 1149 1308 -edge_2_0_+disjointig_2_0_44285 10103 11230 44285 -1 -1 835 0.0361184
Chain
	Aln	2	+SRR33939694.26544/1 113 1181 1231 +edge_2_0_+disjointig_2_0_44285 12491 13565 44285 -1 -1 889 0.0235398
Chain
	Aln	3	-SRR33939694.26544/1 49 1117 1231 -edge_2_0_+disjointig_2_0_44285 30719 31793 44285 -1 -1 889 0.0235398
Chain
	Aln	3	+SRR33939694.26607/1 137 1288 1292 -edge_2_0_+disjointig_2_0_44285 26736 27890 44285 -1 -1 1081 0.0117484
Chain
	Aln	2	-SRR33939694.26607/1 3 1154 1292 +edge_2_0_+disjointig_2_0_44285 16394 17548 44285 -1 -1 1081 0.0117484
Chain
	Aln	3	+SRR33939694.26591/1 113 1219 1227 -edge_2_0_+disjointig_2_0_44285 21888 22980 44285 -1 -1 896 0.0209396
Chain
	Aln	2	-SRR33939694.26591/1 7 1113 1227 +edge_2_0_+disjointig_2_0_44285 21304 22396 44285 -1 -1 896 0.0209396
Chain
	Aln	3	+SRR33939694.26612/1 125 1367 1379 -edge_2_0_+disjointig_2_0_44285 39907 41142 44285 -1 -1 897 0.0329937
Chain
	Aln	2	-SRR33939694.26612/1 11 1253 1379 +edge_2_0_+disjointig_2_0_44285 3142 4377 44285 -1 -1 897 0.0329937
Chain
	Aln	2	+SRR33939694.26641/1 122 1417 1437 +edge_2_0_+disjointig_2_0_44285 22016 23329 44285 -1 -1 1084 0.0228648
Chain
	Aln	3	-SRR33939694.26641/1 19 1314 1437 -edge_2_0_+disjointig_2_0_44285 20955 22268 44285 -1 -1 1084 0.0228648
Chain
	Aln	3	+SRR33939694.26666/1 120 1343 1349 -edge_2_0_+disjointig_2_0_44285 26623 27852 44285 -1 -1 1157 0.0141
Chain
	Aln	2	-SRR33939694.26666/1 5 1228 1349 +edge_2_0_+disjointig_2_0_44285 16432 17661 44285 -1 -1 1157 0.0141
Chain
	Aln	2	+SRR33939694.26730/1 153 1325 1327 +edge_2_0_+disjointig_2_0_44285 40843 42019 44285 -1 -1 1046 0.0105127
Chain
	Aln	3	-SRR33939694.26730/1 1 1173 1327 -edge_2_0_+disjointig_2_0_44285 2265 3441 44285 -1 -1 1046 0.0105127
Chain
	Aln	3	+SRR33939694.26749/1 100 1182 1185 -edge_2_0_+disjointig_2_0_44285 31344 32417 44285 -1 -1 976 0.0133264
Chain
	Aln	2	-SRR33939694.26749/1 2 1084 1185 +edge_2_0_+disjointig_2_0_44285 11867 12940 44285 -1 -1 976 0.0133264
Chain
	Aln	3	+SRR33939694.26767/1 171 1260 1298 -edge_2_0_+disjointig_2_0_44285 18501 19608 44285 -1 -1 516 0.0665441
Chain
	Aln	2	-SRR33939694.26767/1 37 1126 1298 +edge_2_0_+disjointig_2_0_44285 24676 25783 44285 -1 -1 516 0.0665441
Chain
	Aln	2	+SRR33939694.26766/1 128 1394 1400 +edge_2_0_+disjointig_2_0_44285 23402 24672 44285 -1 -1 1149 0.0170417
Chain
	Aln	3	-SRR33939694.26766/1 5 1271 1400 -edge_2_0_+disjointig_2_0_44285 19612 20882 44285 -1 -1 1149 0.0170417
Chain
	Aln	2	+SRR33939694.26812/1 120 1629 1634 +edge_2_0_+disjointig_2_0_44285 7866 9406 44285 -1 -1 1026 0.0399964
Chain
	Aln	3	-SRR33939694.26812/1 4 1513 1634 -edge_2_0_+disjointig_2_0_44285 34878 36418 44285 -1 -1 1026 0.0399964
Chain
	Aln	3	+SRR33939694.26908/1 127 1592 1595 -edge_2_0_+disjointig_2_0_44285 39803 41288 44285 -1 -1 1033 0.0408308
Chain
	Aln	2	-SRR33939694.26908/1 2 1467 1595 +edge_2_0_+disjointig_2_0_44285 2996 4481 44285 -1 -1 1033 0.0408308
Chain
	Aln	2	+SRR33939694.26957/1 119 1376 1380 +edge_2_0_+disjointig_2_0_44285 42111 43385 44285 -1 -1 1005 0.0221906
Chain
	Aln	3	-SRR33939694.26957/1 3 1260 1380 -edge_2_0_+disjointig_2_0_44285 899 2173 44285 -1 -1 1005 0.0221906
Chain
	Aln	2	+SRR33939694.27043/1 102 1269 1305 +edge_2_0_+disjointig_2_0_44285 16497 17726 44285 -1 -1 874 0.0381182
Chain
	Aln	3	-SRR33939694.27043/1 35 1202 1305 -edge_2_0_+disjointig_2_0_44285 26558 27787 44285 -1 -1 874 0.0381182
Chain
	Aln	3	+SRR33939694.27166/1 109 1175 1179 -edge_2_0_+disjointig_2_0_44285 40438 41502 44285 -1 -1 1009 0.0109701
Chain
	Aln	2	-SRR33939694.27166/1 3 1069 1179 +edge_2_0_+disjointig_2_0_44285 2782 3846 44285 -1 -1 1009 0.0109701
Chain
	Aln	3	+SRR33939694.27197/1 172 1278 1288 -edge_2_0_+disjointig_2_0_44285 25933 27044 44285 -1 -1 935 0.0175652
Chain
	Aln	2	-SRR33939694.27197/1 9 1115 1288 +edge_2_0_+disjointig_2_0_44285 17240 18351 44285 -1 -1 935 0.0175652
Chain
	Aln	3	+SRR33939694.27262/1 134 1419 1427 -edge_2_0_+disjointig_2_0_44285 40286 41579 44285 -1 -1 770 0.0521316
Chain
	Aln	2	-SRR33939694.27262/1 7 1292 1427 +edge_2_0_+disjointig_2_0_44285 2705 3998 44285 -1 -1 770 0.0521316
Chain
	Aln	2	+SRR33939694.27329/1 149 1262 1267 +edge_2_0_+disjointig_2_0_44285 40925 42044 44285 -1 -1 961 0.0175964
Chain
	Aln	3	-SRR33939694.27329/1 4 1117 1267 -edge_2_0_+disjointig_2_0_44285 2240 3359 44285 -1 -1 961 0.0175964
Chain
	Aln	2	+SRR33939694.27354/1 125 1178 1182 +edge_2_0_+disjointig_2_0_44285 11733 12792 44285 -1 -1 939 0.0109491
Chain
	Aln	3	-SRR33939694.27354/1 3 1056 1182 -edge_2_0_+disjointig_2_0_44285 31492 32551 44285 -1 -1 939 0.0109491
Chain
	Aln	3	+SRR33939694.27345/1 118 2072 2092 -edge_2_0_+disjointig_2_0_44285 1569 3534 44285 -1 -1 1282 0.0394111
Chain
	Aln	2	-SRR33939694.27345/1 19 1973 2092 +edge_2_0_+disjointig_2_0_44285 40750 42715 44285 -1 -1 1282 0.0394111
Chain
	Aln	2	+SRR33939694.27443/1 137 1186 1208 +edge_2_0_+disjointig_2_0_44285 17944 19000 44285 -1 -1 788 0.0339024
Chain
	Aln	3	-SRR33939694.27443/1 21 1070 1208 -edge_2_0_+disjointig_2_0_44285 25284 26340 44285 -1 -1 788 0.0339024
Chain
	Aln	3	+SRR33939694.27460/1 130 1243 1253 -edge_2_0_+disjointig_2_0_44285 5628 6745 44285 -1 -1 853 0.0305199
Chain
	Aln	2	-SRR33939694.27460/1 9 1122 1253 +edge_2_0_+disjointig_2_0_44285 37539 38656 44285 -1 -1 853 0.0305199
Chain
	Aln	2	+SRR33939694.27463/1 137 2259 2262 +edge_2_0_+disjointig_2_0_44285 39749 41869 44285 -1 -1 1738 0.018288
Chain
	Aln	3	-SRR33939694.27463/1 2 2124 2262 -edge_2_0_+disjointig_2_0_44285 2415 4535 44285 -1 -1 1738 0.018288
Chain
	Aln	3	+SRR33939694.27503/1 111 2371 2386 -edge_2_0_+disjointig_2_0_44285 2658 4937 44285 -1 -1 1511 0.0408824
Chain
	Aln	2	-SRR33939694.27503/1 14 2274 2386 +edge_2_0_+disjointig_2_0_44285 39347 41626 44285 -1 -1 1511 0.0408824
Chain
	Aln	2	+SRR33939694.27554/1 120 1848 1850 +edge_2_0_+disjointig_2_0_44285 18483 20207 44285 -1 -1 1528 0.0142094
Chain
	Aln	3	-SRR33939694.27554/1 1 1729 1850 -edge_2_0_+disjointig_2_0_44285 24077 25801 44285 -1 -1 1528 0.0142094
Chain
	Aln	2	+SRR33939694.27657/1 120 1355 1357 +edge_2_0_+disjointig_2_0_44285 24873 26121 44285 -1 -1 1069 0.0140082
Chain
	Aln	3	-SRR33939694.27657/1 1 1236 1357 -edge_2_0_+disjointig_2_0_44285 18163 19411 44285 -1 -1 1069 0.0140082
Chain
	Aln	3	+SRR33939694.27672/1 137 1615 1617 -edge_2_0_+disjointig_2_0_44285 5657 7145 44285 -1 -1 1153 0.0273893
Chain
	Aln	2	-SRR33939694.27672/1 1 1479 1617 +edge_2_0_+disjointig_2_0_44285 37139 38627 44285 -1 -1 1153 0.0273893
Chain
	Aln	2	+SRR33939694.27688/1 112 1287 1291 +edge_2_0_+disjointig_2_0_44285 33988 35177 44285 -1 -1 992 0.0185
Chain
	Aln	3	-SRR33939694.27688/1 3 1178 1291 -edge_2_0_+disjointig_2_0_44285 9107 10296 44285 -1 -1 992 0.0185
Chain
	Aln	2	+SRR33939694.27732/1 156 1178 1186 +edge_2_0_+disjointig_2_0_44285 40927 41942 44285 -1 -1 882 0.0146477
Chain
	Aln	3	-SRR33939694.27732/1 7 1029 1186 -edge_2_0_+disjointig_2_0_44285 2342 3357 44285 -1 -1 882 0.0146477
Chain
	Aln	2	+SRR33939694.26802/1 110 13151 13157 +edge_2_0_+disjointig_2_0_44285 19977 33049 44285 -1 -1 10366 0.0239263
Chain
	Aln	3	-SRR33939694.26802/1 5 13046 13157 -edge_2_0_+disjointig_2_0_44285 11235 24307 44285 -1 -1 10366 0.0239263
Chain
	Aln	3	+SRR33939694.27704/1 114 1598 1616 -edge_2_0_+disjointig_2_0_44285 36921 38407 44285 -1 -1 1256 0.0157266
Chain
	Aln	2	-SRR33939694.27704/1 17 1501 1616 +edge_2_0_+disjointig_2_0_44285 5877 7363 44285 -1 -1 1256 0.0157266
Chain
	Aln	2	+SRR33939694.27758/1 121 1536 1552 +edge_2_0_+disjointig_2_0_44285 10829 12245 44285 -1 -1 1176 0.0194978
Chain
	Aln	3	-SRR33939694.27758/1 15 1430 1552 -edge_2_0_+disjointig_2_0_44285 32039 33455 44285 -1 -1 1176 0.0194978
Chain
	Aln	3	+SRR33939694.27772/1 119 1138 1143 -edge_2_0_+disjointig_2_0_44285 31044 32066 44285 -1 -1 867 0.0210712
Chain
	Aln	2	-SRR33939694.27772/1 4 1023 1143 +edge_2_0_+disjointig_2_0_44285 12218 13240 44285 -1 -1 867 0.0210712
Chain
	Aln	2	+SRR33939694.27798/1 171 1565 1573 +edge_2_0_+disjointig_2_0_44285 32386 33796 44285 -1 -1 760 0.0590752
Chain
	Aln	3	-SRR33939694.27798/1 7 1401 1573 -edge_2_0_+disjointig_2_0_44285 10488 11898 44285 -1 -1 760 0.0590752
Chain
	Aln	3	+SRR33939694.27848/1 112 1200 1209 -edge_2_0_+disjointig_2_0_44285 37764 38872 44285 -1 -1 890 0.0290797
Chain
	Aln	2	-SRR33939694.27848/1 8 1096 1209 +edge_2_0_+disjointig_2_0_44285 5412 6520 44285 -1 -1 890 0.0290797
Chain
	Aln	2	+SRR33939694.27858/1 133 1329 1331 +edge_2_0_+disjointig_2_0_44285 9 1216 44285 -1 -1 1033 0.0236287
Chain
	Aln	3	-SRR33939694.27858/1 1 1197 1331 -edge_2_0_+disjointig_2_0_44285 43068 44275 44285 -1 -1 1033 0.0236287
Chain
	Aln	1	+SRR33939694.27824/1 179 2268 2326 -edge_1_0_+disjointig_1_0_47382 42742 44815 47382 -1 -1 1378 0.0426902
Chain
	Aln	0	-SRR33939694.27824/1 57 2146 2326 +edge_1_0_+disjointig_1_0_47382 2566 4639 47382 -1 -1 1378 0.0426902
Chain
	Aln	3	+SRR33939694.27989/1 114 1618 1634 -edge_2_0_+disjointig_2_0_44285 41751 43268 44285 -1 -1 1166 0.0306383
Chain
	Aln	2	-SRR33939694.27989/1 15 1519 1634 +edge_2_0_+disjointig_2_0_44285 1016 2533 44285 -1 -1 1166 0.0306383
Chain
	Aln	3	+SRR33939694.28033/1 122 1338 1348 -edge_2_0_+disjointig_2_0_44285 8880 10103 44285 -1 -1 1007 0.0224358
Chain
	Aln	2	-SRR33939694.28033/1 9 1225 1348 +edge_2_0_+disjointig_2_0_44285 34181 35404 44285 -1 -1 1007 0.0224358
Chain
	Aln	2	+SRR33939694.28106/1 200 1305 1314 +edge_2_0_+disjointig_2_0_44285 9754 10839 44285 -1 -1 652 0.0506575
Chain
	Aln	3	-SRR33939694.28106/1 8 1113 1314 -edge_2_0_+disjointig_2_0_44285 33445 34530 44285 -1 -1 652 0.0506575
Chain
	Aln	2	+SRR33939694.28126/1 124 1294 1308 +edge_2_0_+disjointig_2_0_44285 24376 25561 44285 -1 -1 813 0.0330319
Chain
	Aln	3	-SRR33939694.28126/1 13 1183 1308 -edge_2_0_+disjointig_2_0_44285 18723 19908 44285 -1 -1 813 0.0330319
Chain
	Aln	2	+SRR33939694.28338/1 110 1464 1553 +edge_2_0_+disjointig_2_0_44285 9521 10885 44285 -1 -1 1131 0.0209029
Chain
	Aln	3	-SRR33939694.28338/1 88 1442 1553 -edge_2_0_+disjointig_2_0_44285 33399 34763 44285 -1 -1 1131 0.0209029
Chain
	Aln	2	+SRR33939694.28350/1 128 1190 1193 +edge_2_0_+disjointig_2_0_44285 28672 29744 44285 -1 -1 794 0.0375753
Chain
	Aln	3	-SRR33939694.28350/1 2 1064 1193 -edge_2_0_+disjointig_2_0_44285 14540 15612 44285 -1 -1 794 0.0375753
Chain
	Aln	2	+SRR33939694.28329/1 124 1691 1697 +edge_2_0_+disjointig_2_0_44285 7999 9574 44285 -1 -1 1173 0.0273695
Chain
	Aln	3	-SRR33939694.28329/1 5 1572 1697 -edge_2_0_+disjointig_2_0_44285 34710 36285 44285 -1 -1 1173 0.0273695
Chain
	Aln	3	+SRR33939694.28332/1 112 2348 2361 -edge_2_0_+disjointig_2_0_44285 39196 41437 44285 -1 -1 1759 0.0290266
Chain
	Aln	2	-SRR33939694.28332/1 12 2248 2361 +edge_2_0_+disjointig_2_0_44285 2847 5088 44285 -1 -1 1759 0.0290266
Chain
	Aln	3	+SRR33939694.28361/1 113 1239 1242 -edge_2_0_+disjointig_2_0_44285 31294 32407 44285 -1 -1 973 0.016806
Chain
	Aln	2	-SRR33939694.28361/1 2 1128 1242 +edge_2_0_+disjointig_2_0_44285 11877 12990 44285 -1 -1 973 0.016806
Chain
	Aln	3	+SRR33939694.26191/1 116 23133 23171 -edge_2_0_+disjointig_2_0_44285 21153 44264 44285 -1 -1 19825 0.0163764
Chain
	Aln	2	-SRR33939694.26191/1 37 23054 23171 +edge_2_0_+disjointig_2_0_44285 20 23131 44285 -1 -1 19825 0.0163764
Chain
	Aln	3	+SRR33939694.28367/1 161 1364 1377 -edge_2_0_+disjointig_2_0_44285 34156 35379 44285 -1 -1 809 0.0430859
Chain
	Aln	2	-SRR33939694.28367/1 12 1215 1377 +edge_2_0_+disjointig_2_0_44285 8905 10128 44285 -1 -1 809 0.0430859
Chain
	Aln	3	+SRR33939694.28411/1 124 1172 1186 -edge_2_0_+disjointig_2_0_44285 38707 39758 44285 -1 -1 848 0.0171106
Chain
	Aln	2	-SRR33939694.28411/1 13 1061 1186 +edge_2_0_+disjointig_2_0_44285 4526 5577 44285 -1 -1 848 0.0171106
Chain
	Aln	3	+SRR33939694.28363/1 123 2070 2074 -edge_2_0_+disjointig_2_0_44285 18727 20698 44285 -1 -1 1523 0.0287586
Chain
	Aln	2	-SRR33939694.28363/1 3 1950 2074 +edge_2_0_+disjointig_2_0_44285 23586 25557 44285 -1 -1 1523 0.0287586
Chain
	Aln	2	+SRR33939694.28425/1 133 1163 1191 +edge_2_0_+disjointig_2_0_44285 5097 6151 44285 -1 -1 811 0.0275932
Chain
	Aln	3	-SRR33939694.28425/1 27 1057 1191 -edge_2_0_+disjointig_2_0_44285 38133 39187 44285 -1 -1 811 0.0275932
Chain
	Aln	3	+SRR33939694.28456/1 127 1570 1624 -edge_2_0_+disjointig_2_0_44285 4580 6032 44285 -1 -1 949 0.0403868
Chain
	Aln	2	-SRR33939694.28456/1 53 1496 1624 +edge_2_0_+disjointig_2_0_44285 38252 39704 44285 -1 -1 949 0.0403868
Chain
	Aln	2	+SRR33939694.28499/1 132 1714 1740 +edge_2_0_+disjointig_2_0_44285 40925 42516 44285 -1 -1 900 0.0462085
Chain
	Aln	3	-SRR33939694.28499/1 25 1607 1740 -edge_2_0_+disjointig_2_0_44285 1768 3359 44285 -1 -1 900 0.0462085
Chain
	Aln	2	+SRR33939694.28592/1 124 1198 1201 +edge_2_0_+disjointig_2_0_44285 17069 18156 44285 -1 -1 845 0.0260716
Chain
	Aln	3	-SRR33939694.28592/1 2 1076 1201 -edge_2_0_+disjointig_2_0_44285 26128 27215 44285 -1 -1 845 0.0260716
Chain
	Aln	3	+SRR33939694.28377/1 121 3224 3240 -edge_2_0_+disjointig_2_0_44285 33584 36711 44285 -1 -1 2101 0.0400645
Chain
	Aln	2	-SRR33939694.28377/1 15 3118 3240 +edge_2_0_+disjointig_2_0_44285 7573 10700 44285 -1 -1 2101 0.0400645
Chain
	Aln	3	+SRR33939694.28558/1 116 1878 1889 -edge_2_0_+disjointig_2_0_44285 28806 30580 44285 -1 -1 1623 0.014343
Chain
	Aln	2	-SRR33939694.28558/1 10 1772 1889 +edge_2_0_+disjointig_2_0_44285 13704 15478 44285 -1 -1 1623 0.014343
Chain
	Aln	2	+SRR33939694.28568/1 118 1888 1892 +edge_2_0_+disjointig_2_0_44285 33241 35007 44285 -1 -1 1482 0.0232391
Chain
	Aln	3	-SRR33939694.28568/1 3 1773 1892 -edge_2_0_+disjointig_2_0_44285 9277 11043 44285 -1 -1 1482 0.0232391
Chain
	Aln	2	+SRR33939694.28607/1 440 1480 1489 +edge_2_0_+disjointig_2_0_44285 7483 8530 44285 -1 -1 786 0.026713
Chain
	Aln	3	-SRR33939694.28607/1 8 1048 1489 -edge_2_0_+disjointig_2_0_44285 35754 36801 44285 -1 -1 786 0.026713
Chain
	Aln	3	+SRR33939694.28672/1 161 1334 1345 -edge_2_0_+disjointig_2_0_44285 24232 25412 44285 -1 -1 1013 0.012379
Chain
	Aln	2	-SRR33939694.28672/1 10 1183 1345 +edge_2_0_+disjointig_2_0_44285 18872 20052 44285 -1 -1 1013 0.012379
Chain
	Aln	2	+SRR33939694.28723/1 113 1367 1385 +edge_2_0_+disjointig_2_0_44285 29151 30396 44285 -1 -1 1038 0.0212598
Chain
	Aln	3	-SRR33939694.28723/1 17 1271 1385 -edge_2_0_+disjointig_2_0_44285 13888 15133 44285 -1 -1 1038 0.0212598
Chain
	Aln	2	+SRR33939694.28717/1 122 1139 1148 +edge_2_0_+disjointig_2_0_44285 36262 37295 44285 -1 -1 913 0.0160944
Chain
	Aln	3	-SRR33939694.28717/1 8 1025 1148 -edge_2_0_+disjointig_2_0_44285 6989 8022 44285 -1 -1 913 0.0160944
Chain
	Aln	3	+SRR33939694.28745/1 115 1290 1298 -edge_2_0_+disjointig_2_0_44285 19226 20416 44285 -1 -1 969 0.0244172
Chain
	Aln	2	-SRR33939694.28745/1 7 1182 1298 +edge_2_0_+disjointig_2_0_44285 23868 25058 44285 -1 -1 969 0.0244172
Chain
	Aln	0	+SRR33939694.28797/1 232 1322 1363 +edge_1_0_+disjointig_1_0_47382 22082 23196 47382 -1 -1 777 0.0392676
Chain
	Aln	1	-SRR33939694.28797/1 40 1130 1363 -edge_1_0_+disjointig_1_0_47382 24185 25299 47382 -1 -1 777 0.0392676
Chain
	Aln	2	+SRR33939694.28834/1 125 1163 1166 +edge_2_0_+disjointig_2_0_44285 4459 5504 44285 -1 -1 979 0.00907352
Chain
	Aln	3	-SRR33939694.28834/1 2 1040 1166 -edge_2_0_+disjointig_2_0_44285 38780 39825 44285 -1 -1 979 0.00907352
Chain
	Aln	2	+SRR33939694.28814/1 146 1178 1186 +edge_2_0_+disjointig_2_0_44285 36010 37051 44285 -1 -1 805 0.0325187
Chain
	Aln	3	-SRR33939694.28814/1 7 1039 1186 -edge_2_0_+disjointig_2_0_44285 7233 8274 44285 -1 -1 805 0.0325187
Chain
	Aln	3	+SRR33939694.28843/1 118 1130 1132 -edge_2_0_+disjointig_2_0_44285 28677 29689 44285 -1 -1 883 0.0144764
Chain
	Aln	2	-SRR33939694.28843/1 1 1013 1132 +edge_2_0_+disjointig_2_0_44285 14595 15607 44285 -1 -1 883 0.0144764
Chain
	Aln	3	+SRR33939694.28882/1 127 1132 1138 -edge_2_0_+disjointig_2_0_44285 1371 2366 44285 -1 -1 949 0.0075039
Chain
	Aln	2	-SRR33939694.28882/1 5 1010 1138 +edge_2_0_+disjointig_2_0_44285 41918 42913 44285 -1 -1 949 0.0075039
Chain
	Aln	2	+SRR33939694.28911/1 121 1134 1140 +edge_2_0_+disjointig_2_0_44285 22413 23426 44285 -1 -1 907 0.0145345
Chain
	Aln	3	-SRR33939694.28911/1 5 1018 1140 -edge_2_0_+disjointig_2_0_44285 20858 21871 44285 -1 -1 907 0.0145345
Chain
	Aln	3	+SRR33939694.28899/1 111 1220 1231 -edge_2_0_+disjointig_2_0_44285 10054 11171 44285 -1 -1 947 0.0227868
Chain
	Aln	2	-SRR33939694.28899/1 10 1119 1231 +edge_2_0_+disjointig_2_0_44285 33113 34230 44285 -1 -1 947 0.0227868
Chain
	Aln	2	+SRR33939694.28909/1 118 1639 1644 +edge_2_0_+disjointig_2_0_44285 3217 4748 44285 -1 -1 1179 0.0244099
Chain
	Aln	3	-SRR33939694.28909/1 4 1525 1644 -edge_2_0_+disjointig_2_0_44285 39536 41067 44285 -1 -1 1179 0.0244099
Chain
	Aln	2	+SRR33939694.29068/1 122 1155 1162 +edge_2_0_+disjointig_2_0_44285 40892 41927 44285 -1 -1 970 0.00534648
Chain
	Aln	3	-SRR33939694.29068/1 6 1039 1162 -edge_2_0_+disjointig_2_0_44285 2357 3392 44285 -1 -1 970 0.00534648
Chain
	Aln	2	+SRR33939694.28992/1 148 1244 1249 +edge_2_0_+disjointig_2_0_44285 13065 14152 44285 -1 -1 763 0.0377465
Chain
	Aln	3	-SRR33939694.28992/1 4 1100 1249 -edge_2_0_+disjointig_2_0_44285 30132 31219 44285 -1 -1 763 0.0377465
Chain
	Aln	2	+SRR33939694.29044/1 115 1626 1629 +edge_2_0_+disjointig_2_0_44285 4095 5602 44285 -1 -1 1311 0.0150272
Chain
	Aln	3	-SRR33939694.29044/1 2 1513 1629 -edge_2_0_+disjointig_2_0_44285 38682 40189 44285 -1 -1 1311 0.0150272
Chain
	Aln	3	+SRR33939694.28920/1 125 1912 1915 -edge_2_0_+disjointig_2_0_44285 27166 28948 44285 -1 -1 1501 0.0191139
Chain
	Aln	2	-SRR33939694.28920/1 2 1789 1915 +edge_2_0_+disjointig_2_0_44285 15336 17118 44285 -1 -1 1501 0.0191139
Chain
	Aln	3	+SRR33939694.29085/1 129 1195 1198 -edge_2_0_+disjointig_2_0_44285 35195 36262 44285 -1 -1 830 0.0254442
Chain
	Aln	2	-SRR33939694.29085/1 2 1068 1198 +edge_2_0_+disjointig_2_0_44285 8022 9089 44285 -1 -1 830 0.0254442
Chain
	Aln	2	+SRR33939694.29213/1 113 1618 1643 +edge_2_0_+disjointig_2_0_44285 30076 31570 44285 -1 -1 1169 0.0237229
Chain
	Aln	3	-SRR33939694.29213/1 24 1529 1643 -edge_2_0_+disjointig_2_0_44285 12714 14208 44285 -1 -1 1169 0.0237229
Chain
	Aln	3	+SRR33939694.29289/1 141 1144 1147 -edge_2_0_+disjointig_2_0_44285 40584 41599 44285 -1 -1 883 0.0184469
Chain
	Aln	2	-SRR33939694.29289/1 2 1005 1147 +edge_2_0_+disjointig_2_0_44285 2685 3700 44285 -1 -1 883 0.0184469
Chain
	Aln	2	+SRR33939694.29273/1 139 1401 1407 +edge_2_0_+disjointig_2_0_44285 18483 19756 44285 -1 -1 948 0.028796
Chain
	Aln	3	-SRR33939694.29273/1 5 1267 1407 -edge_2_0_+disjointig_2_0_44285 24528 25801 44285 -1 -1 948 0.028796
Chain
	Aln	3	+SRR33939694.29245/1 133 1569 1586 -edge_2_0_+disjointig_2_0_44285 18918 20361 44285 -1 -1 1177 0.0245539
Chain
	Aln	2	-SRR33939694.29245/1 16 1452 1586 +edge_2_0_+disjointig_2_0_44285 23923 25366 44285 -1 -1 1177 0.0245539
Chain
	Aln	2	+SRR33939694.29326/1 145 1280 1299 +edge_2_0_+disjointig_2_0_44285 22887 24045 44285 -1 -1 932 0.0293322
Chain
	Aln	3	-SRR33939694.29326/1 18 1153 1299 -edge_2_0_+disjointig_2_0_44285 20239 21397 44285 -1 -1 932 0.0293322
Chain
	Aln	2	+SRR33939694.29440/1 123 1323 1329 +edge_2_0_+disjointig_2_0_44285 10612 11813 44285 -1 -1 1094 0.0137556
Chain
	Aln	3	-SRR33939694.29440/1 5 1205 1329 -edge_2_0_+disjointig_2_0_44285 32471 33672 44285 -1 -1 1094 0.0137556
Chain
	Aln	3	+SRR33939694.29449/1 125 1287 1294 -edge_2_0_+disjointig_2_0_44285 1172 2335 44285 -1 -1 998 0.0179488
Chain
	Aln	2	-SRR33939694.29449/1 6 1168 1294 +edge_2_0_+disjointig_2_0_44285 41949 43112 44285 -1 -1 998 0.0179488
Chain
	Aln	2	+SRR33939694.29513/1 336 1585 1589 +edge_2_0_+disjointig_2_0_44285 26671 27919 44285 -1 -1 1001 0.0264466
Chain
	Aln	3	-SRR33939694.29513/1 3 1252 1589 -edge_2_0_+disjointig_2_0_44285 16365 17613 44285 -1 -1 1001 0.0264466
Chain
	Aln	3	+SRR33939694.29468/1 121 1318 1352 -edge_2_0_+disjointig_2_0_44285 1410 2606 44285 -1 -1 981 0.0177881
Chain
	Aln	2	-SRR33939694.29468/1 33 1230 1352 +edge_2_0_+disjointig_2_0_44285 41678 42874 44285 -1 -1 981 0.0177881
Chain
	Aln	3	+SRR33939694.29535/1 115 1385 1394 -edge_2_0_+disjointig_2_0_44285 33611 34888 44285 -1 -1 987 0.0257566
Chain
	Aln	2	-SRR33939694.29535/1 8 1278 1394 +edge_2_0_+disjointig_2_0_44285 9396 10673 44285 -1 -1 987 0.0257566
Chain
	Aln	2	+SRR33939694.29595/1 154 1313 1315 +edge_2_0_+disjointig_2_0_44285 8677 9843 44285 -1 -1 932 0.0228088
Chain
	Aln	3	-SRR33939694.29595/1 1 1160 1315 -edge_2_0_+disjointig_2_0_44285 34441 35607 44285 -1 -1 932 0.0228088
Chain
	Aln	0	+SRR33939694.29532/1 235 1285 1293 +edge_1_0_+disjointig_1_0_47382 32483 33544 47382 -1 -1 858 0.0251125
Chain
	Aln	1	-SRR33939694.29532/1 7 1057 1293 -edge_1_0_+disjointig_1_0_47382 13837 14898 47382 -1 -1 858 0.0251125
Chain
	Aln	3	+SRR33939694.29597/1 116 1121 1125 -edge_2_0_+disjointig_2_0_44285 39727 40739 44285 -1 -1 714 0.0441179
Chain
	Aln	2	-SRR33939694.29597/1 3 1008 1125 +edge_2_0_+disjointig_2_0_44285 3545 4557 44285 -1 -1 714 0.0441179
Chain
	Aln	2	+SRR33939694.29628/1 126 1489 1540 +edge_2_0_+disjointig_2_0_44285 25907 27266 44285 -1 -1 964 0.036666
Chain
	Aln	3	-SRR33939694.29628/1 50 1413 1540 -edge_2_0_+disjointig_2_0_44285 17018 18377 44285 -1 -1 964 0.036666
Chain
	Aln	2	+SRR33939694.29525/1 114 2814 2835 +edge_2_0_+disjointig_2_0_44285 15995 18691 44285 -1 -1 2270 0.0243182
Chain
	Aln	3	-SRR33939694.29525/1 20 2720 2835 -edge_2_0_+disjointig_2_0_44285 25593 28289 44285 -1 -1 2270 0.0243182
Chain
	Aln	2	+SRR33939694.29671/1 132 1475 1477 +edge_2_0_+disjointig_2_0_44285 14980 16327 44285 -1 -1 1020 0.0277309
Chain
	Aln	3	-SRR33939694.29671/1 1 1344 1477 -edge_2_0_+disjointig_2_0_44285 27957 29304 44285 -1 -1 1020 0.0277309
Chain
	Aln	2	+SRR33939694.29815/1 116 1129 1140 +edge_2_0_+disjointig_2_0_44285 7022 8056 44285 -1 -1 646 0.0433887
Chain
	Aln	3	-SRR33939694.29815/1 10 1023 1140 -edge_2_0_+disjointig_2_0_44285 36228 37262 44285 -1 -1 646 0.0433887
Chain
	Aln	3	+SRR33939694.29785/1 116 1477 1481 -edge_2_0_+disjointig_2_0_44285 15404 16761 44285 -1 -1 1123 0.0257076
Chain
	Aln	2	-SRR33939694.29785/1 3 1364 1481 +edge_2_0_+disjointig_2_0_44285 27523 28880 44285 -1 -1 1123 0.0257076
Chain
	Aln	2	+SRR33939694.29832/1 119 1331 1344 +edge_2_0_+disjointig_2_0_44285 18984 20194 44285 -1 -1 940 0.0280161
Chain
	Aln	3	-SRR33939694.29832/1 12 1224 1344 -edge_2_0_+disjointig_2_0_44285 24090 25300 44285 -1 -1 940 0.0280161
Chain
	Aln	3	+SRR33939694.29860/1 113 1183 1190 -edge_2_0_+disjointig_2_0_44285 19592 20668 44285 -1 -1 889 0.0273558
Chain
	Aln	2	-SRR33939694.29860/1 6 1076 1190 +edge_2_0_+disjointig_2_0_44285 23616 24692 44285 -1 -1 889 0.0273558
Chain
	Aln	2	+SRR33939694.29855/1 123 1331 1346 +edge_2_0_+disjointig_2_0_44285 26608 27830 44285 -1 -1 952 0.0284995
Chain
	Aln	3	-SRR33939694.29855/1 14 1222 1346 -edge_2_0_+disjointig_2_0_44285 16454 17676 44285 -1 -1 952 0.0284995
Chain
	Aln	2	+SRR33939694.29906/1 116 1596 1601 +edge_2_0_+disjointig_2_0_44285 12670 14156 44285 -1 -1 1397 0.0121437
Chain
	Aln	3	-SRR33939694.29906/1 4 1484 1601 -edge_2_0_+disjointig_2_0_44285 30128 31614 44285 -1 -1 1397 0.0121437
Chain
	Aln	2	+SRR33939694.29891/1 138 1890 1892 +edge_2_0_+disjointig_2_0_44285 40020 41775 44285 -1 -1 1462 0.0203481
Chain
	Aln	3	-SRR33939694.29891/1 1 1753 1892 -edge_2_0_+disjointig_2_0_44285 2509 4264 44285 -1 -1 1462 0.0203481
Chain
	Aln	3	+SRR33939694.29948/1 119 1547 1558 -edge_2_0_+disjointig_2_0_44285 26748 28177 44285 -1 -1 1198 0.0253564
Chain
	Aln	2	-SRR33939694.29948/1 10 1438 1558 +edge_2_0_+disjointig_2_0_44285 16107 17536 44285 -1 -1 1198 0.0253564
Chain
	Aln	3	+SRR33939694.29953/1 115 1282 1289 -edge_2_0_+disjointig_2_0_44285 30330 31517 44285 -1 -1 991 0.0276551
Chain
	Aln	2	-SRR33939694.29953/1 6 1173 1289 +edge_2_0_+disjointig_2_0_44285 12767 13954 44285 -1 -1 991 0.0276551
Chain
	Aln	2	+SRR33939694.30014/1 170 1211 1215 +edge_2_0_+disjointig_2_0_44285 8288 9332 44285 -1 -1 1002 0.0079444
Chain
	Aln	3	-SRR33939694.30014/1 3 1044 1215 -edge_2_0_+disjointig_2_0_44285 34952 35996 44285 -1 -1 1002 0.0079444
Chain
	Aln	2	+SRR33939694.30061/1 137 1190 1197 +edge_2_0_+disjointig_2_0_44285 26088 27145 44285 -1 -1 935 0.0186927
Chain
	Aln	3	-SRR33939694.30061/1 6 1059 1197 -edge_2_0_+disjointig_2_0_44285 17139 18196 44285 -1 -1 935 0.0186927
Chain
	Aln	3	+SRR33939694.30067/1 114 1405 1411 -edge_2_0_+disjointig_2_0_44285 28446 29765 44285 -1 -1 847 0.0432897
Chain
	Aln	2	-SRR33939694.30067/1 5 1296 1411 +edge_2_0_+disjointig_2_0_44285 14519 15838 44285 -1 -1 847 0.0432897
Chain
	Aln	2	+SRR33939694.30115/1 128 1467 1479 +edge_2_0_+disjointig_2_0_44285 25287 26624 44285 -1 -1 1210 0.0107471
Chain
	Aln	3	-SRR33939694.30115/1 11 1350 1479 -edge_2_0_+disjointig_2_0_44285 17660 18997 44285 -1 -1 1210 0.0107471
Chain
	Aln	2	+SRR33939694.30130/1 114 1342 1349 +edge_2_0_+disjointig_2_0_44285 7285 8530 44285 -1 -1 1006 0.0208361
Chain
	Aln	3	-SRR33939694.30130/1 6 1234 1349 -edge_2_0_+disjointig_2_0_44285 35754 36999 44285 -1 -1 1006 0.0208361
Chain
	Aln	2	+SRR33939694.30147/1 123 1638 1657 +edge_2_0_+disjointig_2_0_44285 31198 32723 44285 -1 -1 1226 0.0207634
Chain
	Aln	3	-SRR33939694.30147/1 18 1533 1657 -edge_2_0_+disjointig_2_0_44285 11561 13086 44285 -1 -1 1226 0.0207634
Chain
	Aln	2	+SRR33939694.30200/1 120 1175 1178 +edge_2_0_+disjointig_2_0_44285 15499 16552 44285 -1 -1 906 0.0173341
Chain
	Aln	3	-SRR33939694.30200/1 2 1057 1178 -edge_2_0_+disjointig_2_0_44285 27732 28785 44285 -1 -1 906 0.0173341
Chain
	Aln	2	+SRR33939694.30257/1 118 1246 1257 +edge_2_0_+disjointig_2_0_44285 40017 41178 44285 -1 -1 900 0.0242131
Chain
	Aln	3	-SRR33939694.30257/1 10 1138 1257 -edge_2_0_+disjointig_2_0_44285 3106 4267 44285 -1 -1 900 0.0242131
Chain
	Aln	3	+SRR33939694.30245/1 117 2701 2714 -edge_2_0_+disjointig_2_0_44285 38342 40939 44285 -1 -1 2306 0.0129885
Chain
	Aln	2	-SRR33939694.30245/1 12 2596 2714 +edge_2_0_+disjointig_2_0_44285 3345 5942 44285 -1 -1 2306 0.0129885
Chain
	Aln	2	+SRR33939694.30341/1 131 1415 1464 +edge_2_0_+disjointig_2_0_44285 28995 30274 44285 -1 -1 817 0.0511174
Chain
	Aln	3	-SRR33939694.30341/1 48 1332 1464 -edge_2_0_+disjointig_2_0_44285 14010 15289 44285 -1 -1 817 0.0511174
Chain
	Aln	3	+SRR33939694.30149/1 131 3097 3104 -edge_2_0_+disjointig_2_0_44285 29617 32581 44285 -1 -1 2750 0.00852165
Chain
	Aln	2	-SRR33939694.30149/1 6 2972 3104 +edge_2_0_+disjointig_2_0_44285 11703 14667 44285 -1 -1 2750 0.00852165
Chain
	Aln	0	+SRR33939694.30350/1 111 1634 1700 +edge_1_0_+disjointig_1_0_47382 21941 23467 47382 -1 -1 1335 0.0196075
Chain
	Aln	1	-SRR33939694.30350/1 65 1588 1700 -edge_1_0_+disjointig_1_0_47382 23914 25440 47382 -1 -1 1335 0.0196075
Chain
	Aln	2	+SRR33939694.30403/1 121 1291 1334 +edge_2_0_+disjointig_2_0_44285 39360 40537 44285 -1 -1 1055 0.0146446
Chain
	Aln	3	-SRR33939694.30403/1 42 1212 1334 -edge_2_0_+disjointig_2_0_44285 3747 4924 44285 -1 -1 1055 0.0146446
Chain
	Aln	3	+SRR33939694.30550/1 115 1344 1347 -edge_2_0_+disjointig_2_0_44285 12323 13565 44285 -1 -1 921 0.0343779
Chain
	Aln	2	-SRR33939694.30550/1 2 1231 1347 +edge_2_0_+disjointig_2_0_44285 30719 31961 44285 -1 -1 921 0.0343779
Chain
	Aln	3	+SRR33939694.30666/1 118 1153 1159 -edge_2_0_+disjointig_2_0_44285 23737 24786 44285 -1 -1 865 0.014977
Chain
	Aln	2	-SRR33939694.30666/1 5 1040 1159 +edge_2_0_+disjointig_2_0_44285 19498 20547 44285 -1 -1 865 0.014977
Chain
	Aln	2	+SRR33939694.30781/1 119 1167 1177 +edge_2_0_+disjointig_2_0_44285 35700 36762 44285 -1 -1 756 0.0310552
Chain
	Aln	3	-SRR33939694.30781/1 9 1057 1177 -edge_2_0_+disjointig_2_0_44285 7522 8584 44285 -1 -1 756 0.0310552
Chain
	Aln	2	+SRR33939694.30328/1 114 4983 4985 +edge_2_0_+disjointig_2_0_44285 15851 20772 44285 -1 -1 3791 0.0280427
Chain
	Aln	3	-SRR33939694.30328/1 1 4870 4985 -edge_2_0_+disjointig_2_0_44285 23512 28433 44285 -1 -1 3791 0.0280427
Chain
	Aln	3	+SRR33939694.30810/1 116 1328 1330 -edge_2_0_+disjointig_2_0_44285 37642 38847 44285 -1 -1 733 0.0508033
Chain
	Aln	2	-SRR33939694.30810/1 1 1213 1330 +edge_2_0_+disjointig_2_0_44285 5437 6642 44285 -1 -1 733 0.0508033
Chain
	Aln	1	+SRR33939694.30616/1 256 3216 3231 -edge_1_0_+disjointig_1_0_47382 13321 16268 47382 -1 -1 2424 0.0227376
Chain
	Aln	0	-SRR33939694.30616/1 14 2974 3231 +edge_1_0_+disjointig_1_0_47382 31113 34060 47382 -1 -1 2424 0.0227376
Chain
	Aln	2	+SRR33939694.30950/1 127 1261 1263 +edge_2_0_+disjointig_2_0_44285 11293 12447 44285 -1 -1 741 0.0402222
Chain
	Aln	3	-SRR33939694.30950/1 1 1135 1263 -edge_2_0_+disjointig_2_0_44285 31837 32991 44285 -1 -1 741 0.0402222
Chain
	Aln	1	+SRR33939694.30865/1 237 1888 1894 -edge_1_0_+disjointig_1_0_47382 40864 42541 47382 -1 -1 1460 0.0148782
Chain
	Aln	0	-SRR33939694.30865/1 5 1656 1894 +edge_1_0_+disjointig_1_0_47382 4840 6517 47382 -1 -1 1460 0.0148782
Chain
	Aln	3	+SRR33939694.30936/1 114 1621 1625 -edge_2_0_+disjointig_2_0_44285 18450 19957 44285 -1 -1 1159 0.0288318
Chain
	Aln	2	-SRR33939694.30936/1 3 1510 1625 +edge_2_0_+disjointig_2_0_44285 24327 25834 44285 -1 -1 1159 0.0288318
Chain
	Aln	3	+SRR33939694.29779/1 126 14853 14862 -edge_2_0_+disjointig_2_0_44285 9794 24726 44285 -1 -1 11770 0.0247574
Chain
	Aln	2	-SRR33939694.29779/1 8 14735 14862 +edge_2_0_+disjointig_2_0_44285 19558 34490 44285 -1 -1 11770 0.0247574
Chain
	Aln	3	+SRR33939694.31007/1 112 2631 2650 -edge_2_0_+disjointig_2_0_44285 29131 31639 44285 -1 -1 2145 0.0215173
Chain
	Aln	2	-SRR33939694.31007/1 18 2537 2650 +edge_2_0_+disjointig_2_0_44285 12645 15153 44285 -1 -1 2145 0.0215173
Chain
	Aln	2	+SRR33939694.31010/1 125 1210 1212 +edge_2_0_+disjointig_2_0_44285 39816 40908 44285 -1 -1 962 0.0146217
Chain
	Aln	3	-SRR33939694.31010/1 1 1086 1212 -edge_2_0_+disjointig_2_0_44285 3376 4468 44285 -1 -1 962 0.0146217
Chain
	Aln	2	+SRR33939694.30977/1 132 3261 3265 +edge_2_0_+disjointig_2_0_44285 39719 42826 44285 -1 -1 2422 0.0231796
Chain
	Aln	3	-SRR33939694.30977/1 3 3132 3265 -edge_2_0_+disjointig_2_0_44285 1458 4565 44285 -1 -1 2422 0.0231796
Chain
	Aln	1	+SRR33939694.31154/1 426 2156 2213 -edge_1_0_+disjointig_1_0_47382 40548 42279 47382 -1 -1 1394 0.0203242
Chain
	Aln	0	-SRR33939694.31154/1 56 1786 2213 +edge_1_0_+disjointig_1_0_47382 5102 6833 47382 -1 -1 1394 0.0203242
Chain
	Aln	3	+SRR33939694.31209/1 119 1217 1225 -edge_2_0_+disjointig_2_0_44285 1892 2984 44285 -1 -1 1038 0.00814224
Chain
	Aln	2	-SRR33939694.31209/1 7 1105 1225 +edge_2_0_+disjointig_2_0_44285 41300 42392 44285 -1 -1 1038 0.00814224
Chain
	Aln	2	+SRR33939694.31329/1 127 1253 1259 +edge_2_0_+disjointig_2_0_44285 17996 19122 44285 -1 -1 913 0.0219938
Chain
	Aln	3	-SRR33939694.31329/1 5 1131 1259 -edge_2_0_+disjointig_2_0_44285 25162 26288 44285 -1 -1 913 0.0219938
Chain
	Aln	2	+SRR33939694.31293/1 140 1185 1190 +edge_2_0_+disjointig_2_0_44285 12746 13811 44285 -1 -1 907 0.0221535
Chain
	Aln	3	-SRR33939694.31293/1 4 1049 1190 -edge_2_0_+disjointig_2_0_44285 30473 31538 44285 -1 -1 907 0.0221535
Chain
	Aln	3	+SRR33939694.31339/1 123 1262 1270 -edge_2_0_+disjointig_2_0_44285 13994 15128 44285 -1 -1 1070 0.0109788
Chain
	Aln	2	-SRR33939694.31339/1 7 1146 1270 +edge_2_0_+disjointig_2_0_44285 29156 30290 44285 -1 -1 1070 0.0109788
Chain
	Aln	3	+SRR33939694.31351/1 128 1243 1249 -edge_2_0_+disjointig_2_0_44285 22011 23118 44285 -1 -1 737 0.032392
Chain
	Aln	2	-SRR33939694.31351/1 5 1120 1249 +edge_2_0_+disjointig_2_0_44285 21166 22273 44285 -1 -1 737 0.032392
Chain
	Aln	3	+SRR33939694.31419/1 119 1413 1420 -edge_2_0_+disjointig_2_0_44285 13812 15109 44285 -1 -1 1017 0.0278591
Chain
	Aln	2	-SRR33939694.31419/1 6 1300 1420 +edge_2_0_+disjointig_2_0_44285 29175 30472 44285 -1 -1 1017 0.0278591
Chain
	Aln	2	+SRR33939694.31388/1 114 1244 1266 +edge_2_0_+disjointig_2_0_44285 12896 14025 44285 -1 -1 960 0.0205569
Chain
	Aln	3	-SRR33939694.31388/1 21 1151 1266 -edge_2_0_+disjointig_2_0_44285 30259 31388 44285 -1 -1 960 0.0205569
Chain
	Aln	3	+SRR33939694.31486/1 117 1205 1258 -edge_2_0_+disjointig_2_0_44285 11545 12644 44285 -1 -1 789 0.0295643
Chain
	Aln	2	-SRR33939694.31486/1 52 1140 1258 +edge_2_0_+disjointig_2_0_44285 31640 32739 44285 -1 -1 789 0.0295643
Chain
	Aln	2	+SRR33939694.31519/1 120 1249 1262 +edge_2_0_+disjointig_2_0_44285 2931 4080 44285 -1 -1 867 0.0288732
Chain
	Aln	3	-SRR33939694.31519/1 12 1141 1262 -edge_2_0_+disjointig_2_0_44285 40204 41353 44285 -1 -1 867 0.0288732
Chain
	Aln	3	+SRR33939694.31496/1 145 1365 1368 -edge_2_0_+disjointig_2_0_44285 1392 2613 44285 -1 -1 1090 0.00829194
Chain
	Aln	2	-SRR33939694.31496/1 2 1222 1368 +edge_2_0_+disjointig_2_0_44285 41671 42892 44285 -1 -1 1090 0.00829194
Chain
	Aln	3	+SRR33939694.31492/1 118 1598 1618 -edge_2_0_+disjointig_2_0_44285 5096 6575 44285 -1 -1 1139 0.0246986
Chain
	Aln	2	-SRR33939694.31492/1 19 1499 1618 +edge_2_0_+disjointig_2_0_44285 37709 39188 44285 -1 -1 1139 0.0246986
Chain
	Aln	2	+SRR33939694.31534/1 163 1675 1680 +edge_2_0_+disjointig_2_0_44285 40925 42462 44285 -1 -1 997 0.0424212
Chain
	Aln	3	-SRR33939694.31534/1 4 1516 1680 -edge_2_0_+disjointig_2_0_44285 1822 3359 44285 -1 -1 997 0.0424212
Chain
	Aln	3	+SRR33939694.31581/1 144 1150 1168 -edge_2_0_+disjointig_2_0_44285 2705 3732 44285 -1 -1 599 0.0456634
Chain
	Aln	2	-SRR33939694.31581/1 17 1023 1168 +edge_2_0_+disjointig_2_0_44285 40552 41579 44285 -1 -1 599 0.0456634
Chain
	Aln	2	+SRR33939694.31617/1 129 1150 1153 +edge_2_0_+disjointig_2_0_44285 5917 6931 44285 -1 -1 878 0.0129894
Chain
	Aln	3	-SRR33939694.31617/1 2 1023 1153 -edge_2_0_+disjointig_2_0_44285 37353 38367 44285 -1 -1 878 0.0129894
Chain
	Aln	2	+SRR33939694.31605/1 121 1128 1133 +edge_2_0_+disjointig_2_0_44285 23529 24527 44285 -1 -1 874 0.0197507
Chain
	Aln	3	-SRR33939694.31605/1 4 1011 1133 -edge_2_0_+disjointig_2_0_44285 19757 20755 44285 -1 -1 874 0.0197507
Chain
	Aln	0	+SRR33939694.31619/1 323 1342 1353 +edge_1_0_+disjointig_1_0_47382 26641 27666 47382 -1 -1 882 0.0216978
Chain
	Aln	1	-SRR33939694.31619/1 10 1029 1353 -edge_1_0_+disjointig_1_0_47382 19715 20740 47382 -1 -1 882 0.0216978
Chain
	Aln	3	+SRR33939694.31677/1 142 1355 1399 -edge_2_0_+disjointig_2_0_44285 8791 9989 44285 -1 -1 984 0.0204249
Chain
	Aln	2	-SRR33939694.31677/1 43 1256 1399 +edge_2_0_+disjointig_2_0_44285 34295 35493 44285 -1 -1 984 0.0204249
Chain
	Aln	2	+SRR33939694.31703/1 106 1220 1223 +edge_2_0_+disjointig_2_0_44285 20256 21377 44285 -1 -1 966 0.021732
Chain
	Aln	3	-SRR33939694.31703/1 2 1116 1223 -edge_2_0_+disjointig_2_0_44285 22907 24028 44285 -1 -1 966 0.021732
Chain
	Aln	2	+SRR33939694.31794/1 122 1629 1634 +edge_2_0_+disjointig_2_0_44285 8198 9711 44285 -1 -1 1388 0.012143
Chain
	Aln	3	-SRR33939694.31794/1 4 1511 1634 -edge_2_0_+disjointig_2_0_44285 34573 36086 44285 -1 -1 1388 0.012143
Chain
	Aln	2	+SRR33939694.31787/1 117 2189 2192 +edge_2_0_+disjointig_2_0_44285 15548 17638 44285 -1 -1 1832 0.0137669
Chain
	Aln	3	-SRR33939694.31787/1 2 2074 2192 -edge_2_0_+disjointig_2_0_44285 26646 28736 44285 -1 -1 1832 0.0137669
Chain
	Aln	2	+SRR33939694.32027/1 123 1152 1157 +edge_2_0_+disjointig_2_0_44285 33106 34142 44285 -1 -1 802 0.0290834
Chain
	Aln	3	-SRR33939694.32027/1 4 1033 1157 -edge_2_0_+disjointig_2_0_44285 10142 11178 44285 -1 -1 802 0.0290834
Chain
	Aln	3	+SRR33939694.31960/1 105 1720 1740 -edge_2_0_+disjointig_2_0_44285 42583 44193 44285 -1 -1 1275 0.0253556
Chain
	Aln	2	-SRR33939694.31960/1 19 1634 1740 +edge_2_0_+disjointig_2_0_44285 91 1701 44285 -1 -1 1275 0.0253556
Chain
	Aln	3	+SRR33939694.32098/1 193 1772 1798 -edge_2_0_+disjointig_2_0_44285 29682 31259 44285 -1 -1 1337 0.0222101
Chain
	Aln	2	-SRR33939694.32098/1 25 1604 1798 +edge_2_0_+disjointig_2_0_44285 13025 14602 44285 -1 -1 1337 0.0222101
Chain
	Aln	3	+SRR33939694.32166/1 113 1380 1401 -edge_2_0_+disjointig_2_0_44285 26748 28014 44285 -1 -1 953 0.0301989
Chain
	Aln	2	-SRR33939694.32166/1 20 1287 1401 +edge_2_0_+disjointig_2_0_44285 16270 17536 44285 -1 -1 953 0.0301989
Chain
	Aln	3	+SRR33939694.32154/1 116 1255 1274 -edge_2_0_+disjointig_2_0_44285 29041 30185 44285 -1 -1 961 0.0246196
Chain
	Aln	2	-SRR33939694.32154/1 18 1157 1274 +edge_2_0_+disjointig_2_0_44285 14099 15243 44285 -1 -1 961 0.0246196
Chain
	Aln	3	+SRR33939694.32183/1 123 1381 1383 -edge_2_0_+disjointig_2_0_44285 27722 28992 44285 -1 -1 1085 0.0160304
Chain
	Aln	2	-SRR33939694.32183/1 1 1259 1383 +edge_2_0_+disjointig_2_0_44285 15292 16562 44285 -1 -1 1085 0.0160304
Chain
	Aln	3	+SRR33939694.32225/1 112 1491 1493 -edge_2_0_+disjointig_2_0_44285 27232 28618 44285 -1 -1 1101 0.0239083
Chain
	Aln	2	-SRR33939694.32225/1 1 1380 1493 +edge_2_0_+disjointig_2_0_44285 15666 17052 44285 -1 -1 1101 0.0239083
Chain
	Aln	2	+SRR33939694.32303/1 127 1161 1166 +edge_2_0_+disjointig_2_0_44285 8574 9600 44285 -1 -1 779 0.0326639
Chain
	Aln	3	-SRR33939694.32303/1 4 1038 1166 -edge_2_0_+disjointig_2_0_44285 34684 35710 44285 -1 -1 779 0.0326639
Chain
	Aln	3	+SRR33939694.32273/1 118 1523 1525 -edge_2_0_+disjointig_2_0_44285 31460 32859 44285 -1 -1 1147 0.0209785
Chain
	Aln	2	-SRR33939694.32273/1 1 1406 1525 +edge_2_0_+disjointig_2_0_44285 11425 12824 44285 -1 -1 1147 0.0209785
Chain
	Aln	3	+SRR33939694.32243/1 122 1736 1864 -edge_2_0_+disjointig_2_0_44285 33809 35464 44285 -1 -1 1054 0.0394607
Chain
	Aln	2	-SRR33939694.32243/1 127 1741 1864 +edge_2_0_+disjointig_2_0_44285 8820 10475 44285 -1 -1 1054 0.0394607
Chain
	Aln	3	+SRR33939694.32458/1 107 1152 1163 -edge_2_0_+disjointig_2_0_44285 40710 41765 44285 -1 -1 911 0.0194277
Chain
	Aln	2	-SRR33939694.32458/1 10 1055 1163 +edge_2_0_+disjointig_2_0_44285 2519 3574 44285 -1 -1 911 0.0194277
Chain
	Aln	3	+SRR33939694.32342/1 109 1330 1339 -edge_2_0_+disjointig_2_0_44285 35294 36524 44285 -1 -1 1003 0.0227716
Chain
	Aln	2	-SRR33939694.32342/1 8 1229 1339 +edge_2_0_+disjointig_2_0_44285 7760 8990 44285 -1 -1 1003 0.0227716
Chain
	Aln	3	+SRR33939694.32396/1 108 1255 1262 -edge_2_0_+disjointig_2_0_44285 14349 15509 44285 -1 -1 998 0.0189391
Chain
	Aln	2	-SRR33939694.32396/1 6 1153 1262 +edge_2_0_+disjointig_2_0_44285 28775 29935 44285 -1 -1 998 0.0189391
Chain
	Aln	3	+SRR33939694.32477/1 121 1494 1500 -edge_2_0_+disjointig_2_0_44285 14473 15850 44285 -1 -1 1201 0.0197944
Chain
	Aln	2	-SRR33939694.32477/1 5 1378 1500 +edge_2_0_+disjointig_2_0_44285 28434 29811 44285 -1 -1 1201 0.0197944
Chain
	Aln	2	+SRR33939694.32491/1 138 1315 1321 +edge_2_0_+disjointig_2_0_44285 3860 5041 44285 -1 -1 1104 0.0091417
Chain
	Aln	3	-SRR33939694.32491/1 5 1182 1321 -edge_2_0_+disjointig_2_0_44285 39243 40424 44285 -1 -1 1104 0.0091417
Chain
	Aln	2	+SRR33939694.32533/1 137 1479 1499 +edge_2_0_+disjointig_2_0_44285 11448 12800 44285 -1 -1 1149 0.0207221
Chain
	Aln	3	-SRR33939694.32533/1 19 1361 1499 -edge_2_0_+disjointig_2_0_44285 31484 32836 44285 -1 -1 1149 0.0207221
Chain
	Aln	3	+SRR33939694.32570/1 124 1280 1285 -edge_2_0_+disjointig_2_0_44285 1666 2835 44285 -1 -1 1058 0.0075896
Chain
	Aln	2	-SRR33939694.32570/1 4 1160 1285 +edge_2_0_+disjointig_2_0_44285 41449 42618 44285 -1 -1 1058 0.0075896
Chain
	Aln	2	+SRR33939694.32587/1 118 1337 1362 +edge_2_0_+disjointig_2_0_44285 35613 36828 44285 -1 -1 1075 0.0146307
Chain
	Aln	3	-SRR33939694.32587/1 24 1243 1362 -edge_2_0_+disjointig_2_0_44285 7456 8671 44285 -1 -1 1075 0.0146307
Chain
	Aln	3	+SRR33939694.32675/1 112 1364 1372 -edge_2_0_+disjointig_2_0_44285 40182 41437 44285 -1 -1 1141 0.0130372
Chain
	Aln	2	-SRR33939694.32675/1 7 1259 1372 +edge_2_0_+disjointig_2_0_44285 2847 4102 44285 -1 -1 1141 0.0130372
Chain
	Aln	3	+SRR33939694.32723/1 120 1153 1155 -edge_2_0_+disjointig_2_0_44285 6743 7787 44285 -1 -1 898 0.017546
Chain
	Aln	2	-SRR33939694.32723/1 1 1034 1155 +edge_2_0_+disjointig_2_0_44285 36497 37541 44285 -1 -1 898 0.017546
Chain
	Aln	2	+SRR33939694.32659/1 219 2513 2521 +edge_2_0_+disjointig_2_0_44285 23564 25876 44285 -1 -1 1337 0.0496235
Chain
	Aln	3	-SRR33939694.32659/1 7 2301 2521 -edge_2_0_+disjointig_2_0_44285 18408 20720 44285 -1 -1 1337 0.0496235
Chain
	Aln	2	+SRR33939694.32817/1 193 1327 1329 +edge_2_0_+disjointig_2_0_44285 14848 15977 44285 -1 -1 958 0.0207647
Chain
	Aln	3	-SRR33939694.32817/1 1 1135 1329 -edge_2_0_+disjointig_2_0_44285 28307 29436 44285 -1 -1 958 0.0207647
Chain
	Aln	2	+SRR33939694.32813/1 136 1536 1573 +edge_2_0_+disjointig_2_0_44285 8054 9484 44285 -1 -1 944 0.04038
Chain
	Aln	3	-SRR33939694.32813/1 36 1436 1573 -edge_2_0_+disjointig_2_0_44285 34800 36230 44285 -1 -1 944 0.04038
Chain
	Aln	3	+SRR33939694.32804/1 111 1837 1845 -edge_2_0_+disjointig_2_0_44285 32411 34132 44285 -1 -1 1491 0.0163246
Chain
	Aln	2	-SRR33939694.32804/1 7 1733 1845 +edge_2_0_+disjointig_2_0_44285 10152 11873 44285 -1 -1 1491 0.0163246
Chain
	Aln	3	+SRR33939694.32840/1 123 1239 1255 -edge_2_0_+disjointig_2_0_44285 41550 42687 44285 -1 -1 864 0.0251236
Chain
	Aln	2	-SRR33939694.32840/1 15 1131 1255 +edge_2_0_+disjointig_2_0_44285 1597 2734 44285 -1 -1 864 0.0251236
Chain
	Aln	3	+SRR33939694.32930/1 115 1174 1176 -edge_2_0_+disjointig_2_0_44285 12566 13627 44285 -1 -1 918 0.0180805
Chain
	Aln	2	-SRR33939694.32930/1 1 1060 1176 +edge_2_0_+disjointig_2_0_44285 30657 31718 44285 -1 -1 918 0.0180805
Chain
	Aln	2	+SRR33939694.33003/1 125 1241 1250 +edge_2_0_+disjointig_2_0_44285 22723 23835 44285 -1 -1 1041 0.0144018
Chain
	Aln	3	-SRR33939694.33003/1 8 1124 1250 -edge_2_0_+disjointig_2_0_44285 20449 21561 44285 -1 -1 1041 0.0144018
Chain
	Aln	2	+SRR33939694.33005/1 111 1310 1315 +edge_2_0_+disjointig_2_0_44285 16626 17829 44285 -1 -1 1027 0.017718
Chain
	Aln	3	-SRR33939694.33005/1 4 1203 1315 -edge_2_0_+disjointig_2_0_44285 26455 27658 44285 -1 -1 1027 0.017718
Chain
	Aln	2	+SRR33939694.32981/1 126 1312 1320 +edge_2_0_+disjointig_2_0_44285 20146 21331 44285 -1 -1 1012 0.0194791
Chain
	Aln	3	-SRR33939694.32981/1 7 1193 1320 -edge_2_0_+disjointig_2_0_44285 22953 24138 44285 -1 -1 1012 0.0194791
Chain
	Aln	2	+SRR33939694.33143/1 120 1150 1185 +edge_2_0_+disjointig_2_0_44285 22850 23884 44285 -1 -1 815 0.0274549
Chain
	Aln	3	-SRR33939694.33143/1 34 1064 1185 -edge_2_0_+disjointig_2_0_44285 20400 21434 44285 -1 -1 815 0.0274549
Chain
	Aln	3	+SRR33939694.33164/1 126 1241 1243 -edge_2_0_+disjointig_2_0_44285 26975 28092 44285 -1 -1 950 0.0202833
Chain
	Aln	2	-SRR33939694.33164/1 1 1116 1243 +edge_2_0_+disjointig_2_0_44285 16192 17309 44285 -1 -1 950 0.0202833
Chain
	Aln	2	+SRR33939694.33100/1 120 1393 1432 +edge_2_0_+disjointig_2_0_44285 27555 28829 44285 -1 -1 860 0.0428027
Chain
	Aln	3	-SRR33939694.33100/1 38 1311 1432 -edge_2_0_+disjointig_2_0_44285 15455 16729 44285 -1 -1 860 0.0428027
Chain
	Aln	2	+SRR33939694.33176/1 122 1376 1393 +edge_2_0_+disjointig_2_0_44285 16807 18078 44285 -1 -1 1081 0.0227965
Chain
	Aln	3	-SRR33939694.33176/1 16 1270 1393 -edge_2_0_+disjointig_2_0_44285 26206 27477 44285 -1 -1 1081 0.0227965
Chain
	Aln	2	+SRR33939694.33174/1 131 1307 1309 +edge_2_0_+disjointig_2_0_44285 41918 43121 44285 -1 -1 610 0.059962
Chain
	Aln	3	-SRR33939694.33174/1 1 1177 1309 -edge_2_0_+disjointig_2_0_44285 1163 2366 44285 -1 -1 610 0.059962
Chain
	Aln	2	+SRR33939694.33289/1 113 1380 1384 +edge_2_0_+disjointig_2_0_44285 15905 17167 44285 -1 -1 1118 0.0169026
Chain
	Aln	3	-SRR33939694.33289/1 3 1270 1384 -edge_2_0_+disjointig_2_0_44285 27117 28379 44285 -1 -1 1118 0.0169026
Chain
	Aln	2	+SRR33939694.33333/1 108 1324 1334 +edge_2_0_+disjointig_2_0_44285 30680 31906 44285 -1 -1 958 0.0237526
Chain
	Aln	3	-SRR33939694.33333/1 9 1225 1334 -edge_2_0_+disjointig_2_0_44285 12378 13604 44285 -1 -1 958 0.0237526
Chain
	Aln	3	+SRR33939694.33418/1 124 1151 1190 -edge_2_0_+disjointig_2_0_44285 13745 14785 44285 -1 -1 602 0.049205
Chain
	Aln	2	-SRR33939694.33418/1 38 1065 1190 +edge_2_0_+disjointig_2_0_44285 29499 30539 44285 -1 -1 602 0.049205
Chain
	Aln	2	+SRR33939694.33460/1 131 1471 1474 +edge_2_0_+disjointig_2_0_44285 23214 24598 44285 -1 -1 945 0.0371248
Chain
	Aln	3	-SRR33939694.33460/1 2 1342 1474 -edge_2_0_+disjointig_2_0_44285 19686 21070 44285 -1 -1 945 0.0371248
Chain
	Aln	2	+SRR33939694.33546/1 112 1190 1219 +edge_2_0_+disjointig_2_0_44285 30667 31760 44285 -1 -1 824 0.0317247
Chain
	Aln	3	-SRR33939694.33546/1 28 1106 1219 -edge_2_0_+disjointig_2_0_44285 12524 13617 44285 -1 -1 824 0.0317247
Chain
	Aln	2	+SRR33939694.33586/1 116 1414 1420 +edge_2_0_+disjointig_2_0_44285 23838 25153 44285 -1 -1 776 0.050747
Chain
	Aln	3	-SRR33939694.33586/1 5 1303 1420 -edge_2_0_+disjointig_2_0_44285 19131 20446 44285 -1 -1 776 0.050747
Chain
	Aln	3	+SRR33939694.33594/1 114 1214 1224 -edge_2_0_+disjointig_2_0_44285 12545 13647 44285 -1 -1 861 0.0232844
Chain
	Aln	2	-SRR33939694.33594/1 9 1109 1224 +edge_2_0_+disjointig_2_0_44285 30637 31739 44285 -1 -1 861 0.0232844
Chain
	Aln	3	+SRR33939694.33588/1 123 1381 1417 -edge_2_0_+disjointig_2_0_44285 3420 4677 44285 -1 -1 998 0.0214472
Chain
	Aln	2	-SRR33939694.33588/1 35 1293 1417 +edge_2_0_+disjointig_2_0_44285 39607 40864 44285 -1 -1 998 0.0214472
Chain
	Aln	3	+SRR33939694.33602/1 122 1237 1248 -edge_2_0_+disjointig_2_0_44285 1595 2709 44285 -1 -1 967 0.0128875
Chain
	Aln	2	-SRR33939694.33602/1 10 1125 1248 +edge_2_0_+disjointig_2_0_44285 41575 42689 44285 -1 -1 967 0.0128875
Chain
	Aln	2	+SRR33939694.33472/1 125 2476 2486 +edge_2_0_+disjointig_2_0_44285 23377 25712 44285 -1 -1 1815 0.0277397
Chain
	Aln	3	-SRR33939694.33472/1 9 2360 2486 -edge_2_0_+disjointig_2_0_44285 18572 20907 44285 -1 -1 1815 0.0277397
Chain
	Aln	2	+SRR33939694.33632/1 117 1236 1267 +edge_2_0_+disjointig_2_0_44285 36602 37733 44285 -1 -1 928 0.0226731
Chain
	Aln	3	-SRR33939694.33632/1 30 1149 1267 -edge_2_0_+disjointig_2_0_44285 6551 7682 44285 -1 -1 928 0.0226731
Chain
	Aln	2	+SRR33939694.33616/1 113 1300 1314 +edge_2_0_+disjointig_2_0_44285 36955 38142 44285 -1 -1 819 0.0397019
Chain
	Aln	3	-SRR33939694.33616/1 13 1200 1314 -edge_2_0_+disjointig_2_0_44285 6142 7329 44285 -1 -1 819 0.0397019
Chain
	Aln	2	+SRR33939694.33658/1 132 1565 1573 +edge_2_0_+disjointig_2_0_44285 37180 38608 44285 -1 -1 945 0.037869
Chain
	Aln	3	-SRR33939694.33658/1 7 1440 1573 -edge_2_0_+disjointig_2_0_44285 5676 7104 44285 -1 -1 945 0.037869
Chain
	Aln	1	+SRR33939694.31645/1 624 18561 18573 -edge_1_0_+disjointig_1_0_47382 9165 27163 47382 -1 -1 14537 0.0244113
Chain
	Aln	0	-SRR33939694.31645/1 11 17948 18573 +edge_1_0_+disjointig_1_0_47382 20218 38216 47382 -1 -1 14537 0.0244113
Chain
	Aln	2	+SRR33939694.33703/1 122 1390 1474 +edge_2_0_+disjointig_2_0_44285 33489 34774 44285 -1 -1 895 0.0314565
Chain
	Aln	3	-SRR33939694.33703/1 83 1351 1474 -edge_2_0_+disjointig_2_0_44285 9510 10795 44285 -1 -1 895 0.0314565
Chain
	Aln	2	+SRR33939694.33680/1 106 1223 1232 +edge_2_0_+disjointig_2_0_44285 20462 21582 44285 -1 -1 764 0.0368214
Chain
	Aln	3	-SRR33939694.33680/1 8 1125 1232 -edge_2_0_+disjointig_2_0_44285 22702 23822 44285 -1 -1 764 0.0368214
Chain
	Aln	3	+SRR33939694.33718/1 131 1402 1423 -edge_2_0_+disjointig_2_0_44285 33075 34363 44285 -1 -1 1018 0.0262611
Chain
	Aln	2	-SRR33939694.33718/1 20 1291 1423 +edge_2_0_+disjointig_2_0_44285 9921 11209 44285 -1 -1 1018 0.0262611
Chain
	Aln	2	+SRR33939694.33746/1 125 1565 1584 +edge_2_0_+disjointig_2_0_44285 2554 4003 44285 -1 -1 771 0.0619452
Chain
	Aln	3	-SRR33939694.33746/1 18 1458 1584 -edge_2_0_+disjointig_2_0_44285 40281 41730 44285 -1 -1 771 0.0619452
Chain
	Aln	3	+SRR33939694.33721/1 125 1654 1661 -edge_2_0_+disjointig_2_0_44285 27130 28665 44285 -1 -1 1273 0.0220599
Chain
	Aln	2	-SRR33939694.33721/1 6 1535 1661 +edge_2_0_+disjointig_2_0_44285 15619 17154 44285 -1 -1 1273 0.0220599
Chain
	Aln	3	+SRR33939694.33763/1 143 1484 1492 -edge_2_0_+disjointig_2_0_44285 32912 34256 44285 -1 -1 1170 0.0170675
Chain
	Aln	2	-SRR33939694.33763/1 7 1348 1492 +edge_2_0_+disjointig_2_0_44285 10028 11372 44285 -1 -1 1170 0.0170675
Chain
	Aln	2	+SRR33939694.33818/1 150 1382 1398 +edge_2_0_+disjointig_2_0_44285 23689 24925 44285 -1 -1 1034 0.0230578
Chain
	Aln	3	-SRR33939694.33818/1 15 1247 1398 -edge_2_0_+disjointig_2_0_44285 19359 20595 44285 -1 -1 1034 0.0230578
Chain
	Aln	3	+SRR33939694.33813/1 139 1182 1185 -edge_2_0_+disjointig_2_0_44285 14387 15426 44285 -1 -1 817 0.0348308
Chain
	Aln	2	-SRR33939694.33813/1 2 1045 1185 +edge_2_0_+disjointig_2_0_44285 28858 29897 44285 -1 -1 817 0.0348308
Chain
	Aln	3	+SRR33939694.33839/1 140 1541 1580 -edge_2_0_+disjointig_2_0_44285 22082 23528 44285 -1 -1 977 0.0414853
Chain
	Aln	2	-SRR33939694.33839/1 38 1439 1580 +edge_2_0_+disjointig_2_0_44285 20756 22202 44285 -1 -1 977 0.0414853
Chain
	Aln	2	+SRR33939694.33961/1 122 1149 1153 +edge_2_0_+disjointig_2_0_44285 23313 24346 44285 -1 -1 937 0.0136767
Chain
	Aln	3	-SRR33939694.33961/1 3 1030 1153 -edge_2_0_+disjointig_2_0_44285 19938 20971 44285 -1 -1 937 0.0136767
Chain
	Aln	2	+SRR33939694.33957/1 143 1272 1280 +edge_2_0_+disjointig_2_0_44285 32388 33528 44285 -1 -1 641 0.0531879
Chain
	Aln	3	-SRR33939694.33957/1 7 1136 1280 -edge_2_0_+disjointig_2_0_44285 10756 11896 44285 -1 -1 641 0.0531879
Chain
	Aln	2	+SRR33939694.33825/1 133 2097 2139 +edge_2_0_+disjointig_2_0_44285 2106 4070 44285 -1 -1 1359 0.0341558
Chain
	Aln	3	-SRR33939694.33825/1 41 2005 2139 -edge_2_0_+disjointig_2_0_44285 40214 42178 44285 -1 -1 1359 0.0341558
Chain
	Aln	3	+SRR33939694.33984/1 118 1281 1287 -edge_2_0_+disjointig_2_0_44285 28488 29633 44285 -1 -1 933 0.0260195
Chain
	Aln	2	-SRR33939694.33984/1 5 1168 1287 +edge_2_0_+disjointig_2_0_44285 14651 15796 44285 -1 -1 933 0.0260195
Chain
	Aln	2	+SRR33939694.33971/1 142 1246 1252 +edge_2_0_+disjointig_2_0_44285 22145 23251 44285 -1 -1 898 0.0222047
Chain
	Aln	3	-SRR33939694.33971/1 5 1109 1252 -edge_2_0_+disjointig_2_0_44285 21033 22139 44285 -1 -1 898 0.0222047
Chain
	Aln	2	+SRR33939694.34097/1 125 1205 1213 +edge_2_0_+disjointig_2_0_44285 3049 4134 44285 -1 -1 797 0.0297906
Chain
	Aln	3	-SRR33939694.34097/1 7 1087 1213 -edge_2_0_+disjointig_2_0_44285 40150 41235 44285 -1 -1 797 0.0297906
Chain
	Aln	3	+SRR33939694.34138/1 124 1206 1208 -edge_2_0_+disjointig_2_0_44285 13596 14672 44285 -1 -1 904 0.0196491
Chain
	Aln	2	-SRR33939694.34138/1 1 1083 1208 +edge_2_0_+disjointig_2_0_44285 29612 30688 44285 -1 -1 904 0.0196491
Chain
	Aln	3	+SRR33939694.34213/1 117 1162 1171 -edge_2_0_+disjointig_2_0_44285 19428 20477 44285 -1 -1 915 0.021707
Chain
	Aln	2	-SRR33939694.34213/1 8 1053 1171 +edge_2_0_+disjointig_2_0_44285 23807 24856 44285 -1 -1 915 0.021707
Chain
	Aln	3	+SRR33939694.34208/1 139 1268 1274 -edge_2_0_+disjointig_2_0_44285 11721 12859 44285 -1 -1 982 0.0144505
Chain
	Aln	2	-SRR33939694.34208/1 5 1134 1274 +edge_2_0_+disjointig_2_0_44285 31425 32563 44285 -1 -1 982 0.0144505
Chain
	Aln	3	+SRR33939694.34190/1 118 1314 1317 -edge_2_0_+disjointig_2_0_44285 37707 38902 44285 -1 -1 1044 0.0181054
Chain
	Aln	2	-SRR33939694.34190/1 2 1198 1317 +edge_2_0_+disjointig_2_0_44285 5382 6577 44285 -1 -1 1044 0.0181054
Chain
	Aln	2	+SRR33939694.34275/1 113 1307 1319 +edge_2_0_+disjointig_2_0_44285 35059 36250 44285 -1 -1 1025 0.0144408
Chain
	Aln	3	-SRR33939694.34275/1 11 1205 1319 -edge_2_0_+disjointig_2_0_44285 8034 9225 44285 -1 -1 1025 0.0144408
Chain
	Aln	3	+SRR33939694.34316/1 154 1587 1620 -edge_2_0_+disjointig_2_0_44285 28100 29539 44285 -1 -1 1259 0.013836
Chain
	Aln	2	-SRR33939694.34316/1 32 1465 1620 +edge_2_0_+disjointig_2_0_44285 14745 16184 44285 -1 -1 1259 0.013836
Chain
	Aln	2	+SRR33939694.34353/1 128 1457 1521 +edge_2_0_+disjointig_2_0_44285 30188 31538 44285 -1 -1 792 0.0511388
Chain
	Aln	3	-SRR33939694.34353/1 63 1392 1521 -edge_2_0_+disjointig_2_0_44285 12746 14096 44285 -1 -1 792 0.0511388
Chain
	Aln	2	+SRR33939694.34449/1 112 1186 1190 +edge_2_0_+disjointig_2_0_44285 30166 31247 44285 -1 -1 836 0.025746
Chain
	Aln	3	-SRR33939694.34449/1 3 1077 1190 -edge_2_0_+disjointig_2_0_44285 13037 14118 44285 -1 -1 836 0.025746
Chain
	Aln	2	+SRR33939694.34419/1 117 1529 1534 +edge_2_0_+disjointig_2_0_44285 6852 8265 44285 -1 -1 1167 0.0159755
Chain
	Aln	3	-SRR33939694.34419/1 4 1416 1534 -edge_2_0_+disjointig_2_0_44285 36019 37432 44285 -1 -1 1167 0.0159755
Chain
	Aln	2	+SRR33939694.34509/1 132 1680 1687 +edge_2_0_+disjointig_2_0_44285 39693 41252 44285 -1 -1 1303 0.0149647
Chain
	Aln	3	-SRR33939694.34509/1 6 1554 1687 -edge_2_0_+disjointig_2_0_44285 3032 4591 44285 -1 -1 1303 0.0149647
Chain
	Aln	2	+SRR33939694.34553/1 133 1161 1181 +edge_2_0_+disjointig_2_0_44285 18874 19897 44285 -1 -1 684 0.0417535
Chain
	Aln	3	-SRR33939694.34553/1 19 1047 1181 -edge_2_0_+disjointig_2_0_44285 24387 25410 44285 -1 -1 684 0.0417535
Chain
	Aln	1	+SRR33939694.34243/1 587 4204 4212 -edge_1_0_+disjointig_1_0_47382 12764 16415 47382 -1 -1 2699 0.0316458
Chain
	Aln	0	-SRR33939694.34243/1 7 3624 4212 +edge_1_0_+disjointig_1_0_47382 30966 34617 47382 -1 -1 2699 0.0316458
Chain
	Aln	3	+SRR33939694.34536/1 114 1652 1695 -edge_2_0_+disjointig_2_0_44285 37232 38757 44285 -1 -1 1125 0.0276282
Chain
	Aln	2	-SRR33939694.34536/1 42 1580 1695 +edge_2_0_+disjointig_2_0_44285 5527 7052 44285 -1 -1 1125 0.0276282
Chain
	Aln	2	+SRR33939694.34520/1 139 1648 1700 +edge_2_0_+disjointig_2_0_44285 30657 32183 44285 -1 -1 894 0.0460262
Chain
	Aln	3	-SRR33939694.34520/1 51 1560 1700 -edge_2_0_+disjointig_2_0_44285 12101 13627 44285 -1 -1 894 0.0460262
Chain
	Aln	3	+SRR33939694.34567/1 119 1367 1382 -edge_2_0_+disjointig_2_0_44285 14308 15560 44285 -1 -1 1094 0.0211659
Chain
	Aln	2	-SRR33939694.34567/1 14 1262 1382 +edge_2_0_+disjointig_2_0_44285 28724 29976 44285 -1 -1 1094 0.0211659
Chain
	Aln	0	+SRR33939694.34518/1 249 3564 3573 +edge_1_0_+disjointig_1_0_47382 32648 35919 47382 -1 -1 2484 0.0284439
Chain
	Aln	1	-SRR33939694.34518/1 8 3323 3573 -edge_1_0_+disjointig_1_0_47382 11462 14733 47382 -1 -1 2484 0.0284439
Chain
	Aln	3	+SRR33939694.34725/1 119 1166 1173 -edge_2_0_+disjointig_2_0_44285 37217 38274 44285 -1 -1 870 0.0178583
Chain
	Aln	2	-SRR33939694.34725/1 6 1053 1173 +edge_2_0_+disjointig_2_0_44285 6010 7067 44285 -1 -1 870 0.0178583
Chain
	Aln	3	+SRR33939694.34611/1 126 1876 1929 -edge_2_0_+disjointig_2_0_44285 2038 3818 44285 -1 -1 1179 0.0375843
Chain
	Aln	2	-SRR33939694.34611/1 52 1802 1929 +edge_2_0_+disjointig_2_0_44285 40466 42246 44285 -1 -1 1179 0.0375843
Chain
	Aln	2	+SRR33939694.34972/1 159 1613 1618 +edge_2_0_+disjointig_2_0_44285 9830 11291 44285 -1 -1 1246 0.0185439
Chain
	Aln	3	-SRR33939694.34972/1 4 1458 1618 -edge_2_0_+disjointig_2_0_44285 32993 34454 44285 -1 -1 1246 0.0185439
Chain
	Aln	2	+SRR33939694.34975/1 109 1382 1385 +edge_2_0_+disjointig_2_0_44285 40831 42114 44285 -1 -1 851 0.0339992
Chain
	Aln	3	-SRR33939694.34975/1 2 1275 1385 -edge_2_0_+disjointig_2_0_44285 2170 3453 44285 -1 -1 851 0.0339992
Chain
	Aln	2	+SRR33939694.35000/1 138 1718 1738 +edge_2_0_+disjointig_2_0_44285 1025 2591 44285 -1 -1 1194 0.024998
Chain
	Aln	3	-SRR33939694.35000/1 19 1599 1738 -edge_2_0_+disjointig_2_0_44285 41693 43259 44285 -1 -1 1194 0.024998
Chain
	Aln	3	+SRR33939694.34997/1 134 1589 1592 -edge_2_0_+disjointig_2_0_44285 4625 6089 44285 -1 -1 1086 0.0307389
Chain
	Aln	2	-SRR33939694.34997/1 2 1457 1592 +edge_2_0_+disjointig_2_0_44285 38195 39659 44285 -1 -1 1086 0.0307389
Chain
	Aln	2	+SRR33939694.35030/1 109 1314 1335 +edge_2_0_+disjointig_2_0_44285 28300 29509 44285 -1 -1 1099 0.0169312
Chain
	Aln	3	-SRR33939694.35030/1 20 1225 1335 -edge_2_0_+disjointig_2_0_44285 14775 15984 44285 -1 -1 1099 0.0169312
Chain
	Aln	2	+SRR33939694.35027/1 126 1780 1811 +edge_2_0_+disjointig_2_0_44285 28775 30472 44285 -1 -1 1186 0.03832
Chain
	Aln	3	-SRR33939694.35027/1 30 1684 1811 -edge_2_0_+disjointig_2_0_44285 13812 15509 44285 -1 -1 1186 0.03832
Chain
	Aln	2	+SRR33939694.35110/1 130 1307 1311 +edge_2_0_+disjointig_2_0_44285 13836 15015 44285 -1 -1 934 0.0276947
Chain
	Aln	3	-SRR33939694.35110/1 3 1180 1311 -edge_2_0_+disjointig_2_0_44285 29269 30448 44285 -1 -1 934 0.0276947
Chain
	Aln	2	+SRR33939694.35074/1 194 1401 1406 +edge_2_0_+disjointig_2_0_44285 31960 33202 44285 -1 -1 664 0.0535204
Chain
	Aln	3	-SRR33939694.35074/1 4 1211 1406 -edge_2_0_+disjointig_2_0_44285 11082 12324 44285 -1 -1 664 0.0535204
Chain
	Aln	2	+SRR33939694.35141/1 121 1150 1153 +edge_2_0_+disjointig_2_0_44285 9022 10052 44285 -1 -1 899 0.0193098
Chain
	Aln	3	-SRR33939694.35141/1 2 1031 1153 -edge_2_0_+disjointig_2_0_44285 34232 35262 44285 -1 -1 899 0.0193098
Chain
	Aln	2	+SRR33939694.35135/1 198 1351 1373 +edge_2_0_+disjointig_2_0_44285 16976 18143 44285 -1 -1 761 0.0431439
Chain
	Aln	3	-SRR33939694.35135/1 21 1174 1373 -edge_2_0_+disjointig_2_0_44285 26141 27308 44285 -1 -1 761 0.0431439
Chain
	Aln	3	+SRR33939694.35192/1 124 1142 1177 -edge_2_0_+disjointig_2_0_44285 4660 5675 44285 -1 -1 883 0.0132124
Chain
	Aln	2	-SRR33939694.35192/1 34 1052 1177 +edge_2_0_+disjointig_2_0_44285 38609 39624 44285 -1 -1 883 0.0132124
Chain
	Aln	2	+SRR33939694.35178/1 146 1216 1304 +edge_2_0_+disjointig_2_0_44285 5674 6735 44285 -1 -1 794 0.0294681
Chain
	Aln	3	-SRR33939694.35178/1 87 1157 1304 -edge_2_0_+disjointig_2_0_44285 37549 38610 44285 -1 -1 794 0.0294681
Chain
	Aln	3	+SRR33939694.35196/1 143 1344 1354 -edge_2_0_+disjointig_2_0_44285 31794 32991 44285 -1 -1 1094 0.0114224
Chain
	Aln	2	-SRR33939694.35196/1 9 1210 1354 +edge_2_0_+disjointig_2_0_44285 11293 12490 44285 -1 -1 1094 0.0114224
Chain
	Aln	2	+SRR33939694.35210/1 126 1136 1152 +edge_2_0_+disjointig_2_0_44285 10529 11526 44285 -1 -1 811 0.0281021
Chain
	Aln	3	-SRR33939694.35210/1 15 1025 1152 -edge_2_0_+disjointig_2_0_44285 32758 33755 44285 -1 -1 811 0.0281021
Chain
	Aln	3	+SRR33939694.35391/1 184 1196 1200 -edge_2_0_+disjointig_2_0_44285 29215 30236 44285 -1 -1 717 0.0364468
Chain
	Aln	2	-SRR33939694.35391/1 3 1015 1200 +edge_2_0_+disjointig_2_0_44285 14048 15069 44285 -1 -1 717 0.0364468
Chain
	Aln	2	+SRR33939694.35326/1 123 1432 1437 +edge_2_0_+disjointig_2_0_44285 6983 8288 44285 -1 -1 1111 0.0158376
Chain
	Aln	3	-SRR33939694.35326/1 4 1313 1437 -edge_2_0_+disjointig_2_0_44285 35996 37301 44285 -1 -1 1111 0.0158376
Chain
	Aln	3	+SRR33939694.35403/1 117 1129 1136 -edge_2_0_+disjointig_2_0_44285 33817 34829 44285 -1 -1 836 0.020947
Chain
	Aln	2	-SRR33939694.35403/1 6 1018 1136 +edge_2_0_+disjointig_2_0_44285 9455 10467 44285 -1 -1 836 0.020947
Chain
	Aln	3	+SRR33939694.35360/1 114 2138 2140 -edge_2_0_+disjointig_2_0_44285 37836 39890 44285 -1 -1 1516 0.0275559
Chain
	Aln	2	-SRR33939694.35360/1 1 2025 2140 +edge_2_0_+disjointig_2_0_44285 4394 6448 44285 -1 -1 1516 0.0275559
Chain
	Aln	2	+SRR33939694.35411/1 122 1428 1441 +edge_2_0_+disjointig_2_0_44285 18240 19557 44285 -1 -1 1146 0.013976
Chain
	Aln	3	-SRR33939694.35411/1 12 1318 1441 -edge_2_0_+disjointig_2_0_44285 24727 26044 44285 -1 -1 1146 0.013976
Chain
	Aln	2	+SRR33939694.35393/1 120 2065 2078 +edge_2_0_+disjointig_2_0_44285 7182 9127 44285 -1 -1 1590 0.0197562
Chain
	Aln	3	-SRR33939694.35393/1 12 1957 2078 -edge_2_0_+disjointig_2_0_44285 35157 37102 44285 -1 -1 1590 0.0197562
Chain
	Aln	2	+SRR33939694.35413/1 130 1347 1381 +edge_2_0_+disjointig_2_0_44285 28841 30063 44285 -1 -1 1079 0.0208598
Chain
	Aln	3	-SRR33939694.35413/1 33 1250 1381 -edge_2_0_+disjointig_2_0_44285 14221 15443 44285 -1 -1 1079 0.0208598
Chain
	Aln	3	+SRR33939694.35501/1 109 1225 1233 -edge_2_0_+disjointig_2_0_44285 8791 9900 44285 -1 -1 971 0.0125804
Chain
	Aln	2	-SRR33939694.35501/1 7 1123 1233 +edge_2_0_+disjointig_2_0_44285 34384 35493 44285 -1 -1 971 0.0125804
Chain
	Aln	2	+SRR33939694.35433/1 126 1652 1654 +edge_2_0_+disjointig_2_0_44285 3624 5139 44285 -1 -1 895 0.0483889
Chain
	Aln	3	-SRR33939694.35433/1 1 1527 1654 -edge_2_0_+disjointig_2_0_44285 39145 40660 44285 -1 -1 895 0.0483889
Chain
	Aln	3	+SRR33939694.35430/1 126 1746 1752 -edge_2_0_+disjointig_2_0_44285 17230 18864 44285 -1 -1 1301 0.0279211
Chain
	Aln	2	-SRR33939694.35430/1 5 1625 1752 +edge_2_0_+disjointig_2_0_44285 25420 27054 44285 -1 -1 1301 0.0279211
Chain
	Aln	2	+SRR33939694.35530/1 125 1196 1198 +edge_2_0_+disjointig_2_0_44285 16903 17976 44285 -1 -1 866 0.0286441
Chain
	Aln	3	-SRR33939694.35530/1 1 1072 1198 -edge_2_0_+disjointig_2_0_44285 26308 27381 44285 -1 -1 866 0.0286441
Chain
	Aln	3	+SRR33939694.35561/1 113 1496 1508 -edge_2_0_+disjointig_2_0_44285 38251 39627 44285 -1 -1 820 0.0430852
Chain
	Aln	2	-SRR33939694.35561/1 11 1394 1508 +edge_2_0_+disjointig_2_0_44285 4657 6033 44285 -1 -1 820 0.0430852
Chain
	Aln	2	+SRR33939694.35562/1 117 1593 1708 +edge_2_0_+disjointig_2_0_44285 40521 41997 44285 -1 -1 1273 0.0150459
Chain
	Aln	3	-SRR33939694.35562/1 114 1590 1708 -edge_2_0_+disjointig_2_0_44285 2287 3763 44285 -1 -1 1273 0.0150459
Chain
	Aln	3	+SRR33939694.35608/1 147 1485 1497 -edge_2_0_+disjointig_2_0_44285 1595 2965 44285 -1 -1 1140 0.0175552
Chain
	Aln	2	-SRR33939694.35608/1 11 1349 1497 +edge_2_0_+disjointig_2_0_44285 41319 42689 44285 -1 -1 1140 0.0175552
Chain
	Aln	2	+SRR33939694.35566/1 112 2533 2538 +edge_2_0_+disjointig_2_0_44285 32954 35356 44285 -1 -1 2004 0.0188143
Chain
	Aln	3	-SRR33939694.35566/1 4 2425 2538 -edge_2_0_+disjointig_2_0_44285 8928 11330 44285 -1 -1 2004 0.0188143
Chain
	Aln	2	+SRR33939694.35641/1 166 1725 1731 +edge_2_0_+disjointig_2_0_44285 29873 31445 44285 -1 -1 1182 0.0269315
Chain
	Aln	3	-SRR33939694.35641/1 5 1564 1731 -edge_2_0_+disjointig_2_0_44285 12839 14411 44285 -1 -1 1182 0.0269315
Chain
	Aln	2	+SRR33939694.35801/1 115 1471 1477 +edge_2_0_+disjointig_2_0_44285 8960 10320 44285 -1 -1 1181 0.0171242
Chain
	Aln	3	-SRR33939694.35801/1 5 1361 1477 -edge_2_0_+disjointig_2_0_44285 33964 35324 44285 -1 -1 1181 0.0171242
Chain
	Aln	3	+SRR33939694.35816/1 112 1325 1330 -edge_2_0_+disjointig_2_0_44285 6583 7812 44285 -1 -1 975 0.0292664
Chain
	Aln	2	-SRR33939694.35816/1 4 1217 1330 +edge_2_0_+disjointig_2_0_44285 36472 37701 44285 -1 -1 975 0.0292664
Chain
	Aln	3	+SRR33939694.35697/1 129 2168 2174 -edge_2_0_+disjointig_2_0_44285 26324 28348 44285 -1 -1 1690 0.0227655
Chain
	Aln	2	-SRR33939694.35697/1 5 2044 2174 +edge_2_0_+disjointig_2_0_44285 15936 17960 44285 -1 -1 1690 0.0227655
Chain
	Aln	3	+SRR33939694.35884/1 115 1233 1245 -edge_2_0_+disjointig_2_0_44285 12352 13486 44285 -1 -1 901 0.0249682
Chain
	Aln	2	-SRR33939694.35884/1 11 1129 1245 +edge_2_0_+disjointig_2_0_44285 30798 31932 44285 -1 -1 901 0.0249682
Chain
	Aln	1	+SRR33939694.35846/1 857 2082 2084 -edge_1_0_+disjointig_1_0_47382 3562 4797 47382 -1 -1 734 0.0476402
Chain
	Aln	0	-SRR33939694.35846/1 1 1226 2084 +edge_1_0_+disjointig_1_0_47382 42584 43819 47382 -1 -1 734 0.0476402
Chain
	Aln	3	+SRR33939694.35720/1 126 3001 3012 -edge_2_0_+disjointig_2_0_44285 32867 35760 44285 -1 -1 2181 0.0311591
Chain
	Aln	2	-SRR33939694.35720/1 10 2885 3012 +edge_2_0_+disjointig_2_0_44285 8524 11417 44285 -1 -1 2181 0.0311591
Chain
	Aln	2	+SRR33939694.35926/1 157 1168 1205 +edge_2_0_+disjointig_2_0_44285 8533 9564 44285 -1 -1 624 0.0472762
Chain
	Aln	3	-SRR33939694.35926/1 36 1047 1205 -edge_2_0_+disjointig_2_0_44285 34720 35751 44285 -1 -1 624 0.0472762
Chain
	Aln	2	+SRR33939694.35902/1 141 1799 1808 +edge_2_0_+disjointig_2_0_44285 6818 8482 44285 -1 -1 1415 0.0187988
Chain
	Aln	3	-SRR33939694.35902/1 8 1666 1808 -edge_2_0_+disjointig_2_0_44285 35802 37466 44285 -1 -1 1415 0.0187988
Chain
	Aln	2	+SRR33939694.35924/1 159 1325 1329 +edge_2_0_+disjointig_2_0_44285 1937 3123 44285 -1 -1 922 0.025888
Chain
	Aln	3	-SRR33939694.35924/1 3 1169 1329 -edge_2_0_+disjointig_2_0_44285 41161 42347 44285 -1 -1 922 0.025888
Chain
	Aln	2	+SRR33939694.36059/1 123 1141 1178 +edge_2_0_+disjointig_2_0_44285 28173 29201 44285 -1 -1 725 0.0368487
Chain
	Aln	3	-SRR33939694.36059/1 36 1054 1178 -edge_2_0_+disjointig_2_0_44285 15083 16111 44285 -1 -1 725 0.0368487
Chain
	Aln	2	+SRR33939694.36254/1 125 1286 1300 +edge_2_0_+disjointig_2_0_44285 27286 28458 44285 -1 -1 896 0.0269071
Chain
	Aln	3	-SRR33939694.36254/1 13 1174 1300 -edge_2_0_+disjointig_2_0_44285 15826 16998 44285 -1 -1 896 0.0269071
Chain
	Aln	1	+SRR33939694.36241/1 212 2108 2149 -edge_1_0_+disjointig_1_0_47382 20094 22012 47382 -1 -1 1387 0.0310229
Chain
	Aln	0	-SRR33939694.36241/1 40 1936 2149 +edge_1_0_+disjointig_1_0_47382 25369 27287 47382 -1 -1 1387 0.0310229
Chain
	Aln	0	+SRR33939694.36236/1 282 2303 2320 +edge_1_0_+disjointig_1_0_47382 13596 15616 47382 -1 -1 1710 0.0197307
Chain
	Aln	1	-SRR33939694.36236/1 16 2037 2320 -edge_1_0_+disjointig_1_0_47382 31765 33785 47382 -1 -1 1710 0.0197307
Chain
	Aln	2	+SRR33939694.36301/1 141 1374 1381 +edge_2_0_+disjointig_2_0_44285 17576 18815 44285 -1 -1 997 0.0259738
Chain
	Aln	3	-SRR33939694.36301/1 6 1239 1381 -edge_2_0_+disjointig_2_0_44285 25469 26708 44285 -1 -1 997 0.0259738
Chain
	Aln	2	+SRR33939694.36336/1 133 1477 1488 +edge_2_0_+disjointig_2_0_44285 21897 23242 44285 -1 -1 1090 0.0200778
Chain
	Aln	3	-SRR33939694.36336/1 10 1354 1488 -edge_2_0_+disjointig_2_0_44285 21042 22387 44285 -1 -1 1090 0.0200778
Chain
	Aln	3	+SRR33939694.36258/1 133 2525 2532 -edge_2_0_+disjointig_2_0_44285 5486 7892 44285 -1 -1 1866 0.0254691
Chain
	Aln	2	-SRR33939694.36258/1 6 2398 2532 +edge_2_0_+disjointig_2_0_44285 36392 38798 44285 -1 -1 1866 0.0254691
Chain
	Aln	2	+SRR33939694.36368/1 109 1136 1150 +edge_2_0_+disjointig_2_0_44285 31329 32396 44285 -1 -1 676 0.0439439
Chain
	Aln	3	-SRR33939694.36368/1 13 1040 1150 -edge_2_0_+disjointig_2_0_44285 11888 12955 44285 -1 -1 676 0.0439439
Chain
	Aln	1	+SRR33939694.36322/1 1019 3277 3287 -edge_1_0_+disjointig_1_0_47382 7852 10111 47382 -1 -1 1814 0.0217607
Chain
	Aln	0	-SRR33939694.36322/1 9 2267 3287 +edge_1_0_+disjointig_1_0_47382 37270 39529 47382 -1 -1 1814 0.0217607
Chain
	Aln	3	+SRR33939694.36379/1 116 1624 1629 -edge_2_0_+disjointig_2_0_44285 7346 8854 44285 -1 -1 1217 0.0241624
Chain
	Aln	2	-SRR33939694.36379/1 4 1512 1629 +edge_2_0_+disjointig_2_0_44285 35430 36938 44285 -1 -1 1217 0.0241624
Chain
	Aln	2	+SRR33939694.36278/1 150 5557 5581 +edge_2_0_+disjointig_2_0_44285 15120 20519 44285 -1 -1 3922 0.031097
Chain
	Aln	3	-SRR33939694.36278/1 23 5430 5581 -edge_2_0_+disjointig_2_0_44285 23765 29164 44285 -1 -1 3922 0.031097
Chain
	Aln	2	+SRR33939694.36743/1 205 1313 1323 +edge_2_0_+disjointig_2_0_44285 1941 3042 44285 -1 -1 898 0.0223109
Chain
	Aln	3	-SRR33939694.36743/1 9 1117 1323 -edge_2_0_+disjointig_2_0_44285 41242 42343 44285 -1 -1 898 0.0223109
Chain
	Aln	3	+SRR33939694.36876/1 122 1342 1347 -edge_2_0_+disjointig_2_0_44285 39983 41200 44285 -1 -1 942 0.0271289
Chain
	Aln	2	-SRR33939694.36876/1 4 1224 1347 +edge_2_0_+disjointig_2_0_44285 3084 4301 44285 -1 -1 942 0.0271289
Chain
	Aln	2	+SRR33939694.36895/1 119 1307 1313 +edge_2_0_+disjointig_2_0_44285 9095 10285 44285 -1 -1 1081 0.0128754
Chain
	Aln	3	-SRR33939694.36895/1 5 1193 1313 -edge_2_0_+disjointig_2_0_44285 33999 35189 44285 -1 -1 1081 0.0128754
Chain
	Aln	2	+SRR33939694.36938/1 130 1527 1536 +edge_2_0_+disjointig_2_0_44285 27846 29243 44285 -1 -1 1227 0.019022
Chain
	Aln	3	-SRR33939694.36938/1 8 1405 1536 -edge_2_0_+disjointig_2_0_44285 15041 16438 44285 -1 -1 1227 0.019022
Chain
	Aln	2	+SRR33939694.36940/1 136 1479 1489 +edge_2_0_+disjointig_2_0_44285 25228 26592 44285 -1 -1 1080 0.022618
Chain
	Aln	3	-SRR33939694.36940/1 9 1352 1489 -edge_2_0_+disjointig_2_0_44285 17692 19056 44285 -1 -1 1080 0.022618
Chain
	Aln	2	+SRR33939694.36951/1 114 1387 1390 +edge_2_0_+disjointig_2_0_44285 35665 36931 44285 -1 -1 988 0.0309046
Chain
	Aln	3	-SRR33939694.36951/1 2 1275 1390 -edge_2_0_+disjointig_2_0_44285 7353 8619 44285 -1 -1 988 0.0309046
Chain
	Aln	3	+SRR33939694.36758/1 125 2933 2955 -edge_2_0_+disjointig_2_0_44285 30093 32913 44285 -1 -1 1811 0.0388818
Chain
	Aln	2	-SRR33939694.36758/1 21 2829 2955 +edge_2_0_+disjointig_2_0_44285 11371 14191 44285 -1 -1 1811 0.0388818
Chain
	Aln	2	+SRR33939694.36966/1 116 1278 1284 +edge_2_0_+disjointig_2_0_44285 7242 8410 44285 -1 -1 1053 0.0128007
Chain
	Aln	3	-SRR33939694.36966/1 5 1167 1284 -edge_2_0_+disjointig_2_0_44285 35874 37042 44285 -1 -1 1053 0.0128007
Chain
	Aln	3	+SRR33939694.36996/1 119 1252 1259 -edge_2_0_+disjointig_2_0_44285 15357 16501 44285 -1 -1 1049 0.0133251
Chain
	Aln	2	-SRR33939694.36996/1 6 1139 1259 +edge_2_0_+disjointig_2_0_44285 27783 28927 44285 -1 -1 1049 0.0133251
Chain
	Aln	3	+SRR33939694.37007/1 115 1479 1484 -edge_2_0_+disjointig_2_0_44285 4479 5853 44285 -1 -1 1185 0.0167804
Chain
	Aln	2	-SRR33939694.37007/1 4 1368 1484 +edge_2_0_+disjointig_2_0_44285 38431 39805 44285 -1 -1 1185 0.0167804
Chain
	Aln	2	+SRR33939694.37041/1 133 1733 1773 +edge_2_0_+disjointig_2_0_44285 6246 7853 44285 -1 -1 1327 0.0162162
Chain
	Aln	3	-SRR33939694.37041/1 39 1639 1773 -edge_2_0_+disjointig_2_0_44285 36431 38038 44285 -1 -1 1327 0.0162162
Chain
	Aln	2	+SRR33939694.36387/1 139 5609 5648 +edge_2_0_+disjointig_2_0_44285 36222 41705 44285 -1 -1 3028 0.0513264
Chain
	Aln	3	-SRR33939694.36387/1 38 5508 5648 -edge_2_0_+disjointig_2_0_44285 2579 8062 44285 -1 -1 3028 0.0513264
Chain
	Aln	2	+SRR33939694.37086/1 117 1601 1688 +edge_2_0_+disjointig_2_0_44285 10912 12407 44285 -1 -1 1278 0.0192938
Chain
	Aln	3	-SRR33939694.37086/1 86 1570 1688 -edge_2_0_+disjointig_2_0_44285 31877 33372 44285 -1 -1 1278 0.0192938
Chain
	Aln	2	+SRR33939694.37241/1 114 1216 1242 +edge_2_0_+disjointig_2_0_44285 33652 34791 44285 -1 -1 799 0.0302266
Chain
	Aln	3	-SRR33939694.37241/1 25 1127 1242 -edge_2_0_+disjointig_2_0_44285 9493 10632 44285 -1 -1 799 0.0302266
Chain
	Aln	3	+SRR33939694.37318/1 129 1157 1160 -edge_2_0_+disjointig_2_0_44285 29791 30814 44285 -1 -1 916 0.0183304
Chain
	Aln	2	-SRR33939694.37318/1 2 1030 1160 +edge_2_0_+disjointig_2_0_44285 13470 14493 44285 -1 -1 916 0.0183304
Chain
	Aln	3	+SRR33939694.37336/1 156 1189 1199 -edge_2_0_+disjointig_2_0_44285 36518 37548 44285 -1 -1 700 0.0299449
Chain
	Aln	2	-SRR33939694.37336/1 9 1042 1199 +edge_2_0_+disjointig_2_0_44285 6736 7766 44285 -1 -1 700 0.0299449
Chain
	Aln	3	+SRR33939694.37377/1 129 1489 1495 -edge_2_0_+disjointig_2_0_44285 29465 30823 44285 -1 -1 1075 0.0275319
Chain
	Aln	2	-SRR33939694.37377/1 5 1365 1495 +edge_2_0_+disjointig_2_0_44285 13461 14819 44285 -1 -1 1075 0.0275319
Chain
	Aln	3	+SRR33939694.37350/1 115 1634 1639 -edge_2_0_+disjointig_2_0_44285 11457 12944 44285 -1 -1 1213 0.0229957
Chain
	Aln	2	-SRR33939694.37350/1 4 1523 1639 +edge_2_0_+disjointig_2_0_44285 31340 32827 44285 -1 -1 1213 0.0229957
Chain
	Aln	2	+SRR33939694.37388/1 139 1392 1403 +edge_2_0_+disjointig_2_0_44285 24154 25427 44285 -1 -1 897 0.045443
Chain
	Aln	3	-SRR33939694.37388/1 10 1263 1403 -edge_2_0_+disjointig_2_0_44285 18857 20130 44285 -1 -1 897 0.045443
Chain
	Aln	3	+SRR33939694.37416/1 118 1240 1244 -edge_2_0_+disjointig_2_0_44285 13149 14260 44285 -1 -1 960 0.0181447
Chain
	Aln	2	-SRR33939694.37416/1 3 1125 1244 +edge_2_0_+disjointig_2_0_44285 30024 31135 44285 -1 -1 960 0.0181447
Chain
	Aln	0	+SRR33939694.37389/1 508 1581 1591 +edge_1_0_+disjointig_1_0_47382 1932 3008 47382 -1 -1 879 0.0172722
Chain
	Aln	1	-SRR33939694.37389/1 9 1082 1591 -edge_1_0_+disjointig_1_0_47382 44373 45449 47382 -1 -1 879 0.0172722
Chain
	Aln	3	+SRR33939694.37479/1 128 1176 1198 -edge_2_0_+disjointig_2_0_44285 15812 16860 44285 -1 -1 903 0.0165326
Chain
	Aln	2	-SRR33939694.37479/1 21 1069 1198 +edge_2_0_+disjointig_2_0_44285 27424 28472 44285 -1 -1 903 0.0165326
Chain
	Aln	2	+SRR33939694.37421/1 122 1359 1383 +edge_2_0_+disjointig_2_0_44285 21788 23018 44285 -1 -1 1095 0.00905776
Chain
	Aln	3	-SRR33939694.37421/1 23 1260 1383 -edge_2_0_+disjointig_2_0_44285 21266 22496 44285 -1 -1 1095 0.00905776
Chain
	Aln	2	+SRR33939694.37462/1 120 1660 1680 +edge_2_0_+disjointig_2_0_44285 6737 8295 44285 -1 -1 1258 0.0190809
Chain
	Aln	3	-SRR33939694.37462/1 19 1559 1680 -edge_2_0_+disjointig_2_0_44285 35989 37547 44285 -1 -1 1258 0.0190809
Chain
	Aln	3	+SRR33939694.37420/1 125 1556 1560 -edge_2_0_+disjointig_2_0_44285 21135 22565 44285 -1 -1 1001 0.0336426
Chain
	Aln	2	-SRR33939694.37420/1 3 1434 1560 +edge_2_0_+disjointig_2_0_44285 21719 23149 44285 -1 -1 1001 0.0336426
Chain
	Aln	2	+SRR33939694.37489/1 113 1566 1570 +edge_2_0_+disjointig_2_0_44285 28134 29592 44285 -1 -1 1273 0.0196485
Chain
	Aln	3	-SRR33939694.37489/1 3 1456 1570 -edge_2_0_+disjointig_2_0_44285 14692 16150 44285 -1 -1 1273 0.0196485
Chain
	Aln	2	+SRR33939694.37517/1 138 1342 1346 +edge_2_0_+disjointig_2_0_44285 29164 30385 44285 -1 -1 1010 0.0251129
Chain
	Aln	3	-SRR33939694.37517/1 3 1207 1346 -edge_2_0_+disjointig_2_0_44285 13899 15120 44285 -1 -1 1010 0.0251129
Chain
	Aln	3	+SRR33939694.37555/1 115 1603 1613 -edge_2_0_+disjointig_2_0_44285 25685 27167 44285 -1 -1 1210 0.0227341
Chain
	Aln	2	-SRR33939694.37555/1 9 1497 1613 +edge_2_0_+disjointig_2_0_44285 17117 18599 44285 -1 -1 1210 0.0227341
Chain
	Aln	2	+SRR33939694.37557/1 125 1440 1445 +edge_2_0_+disjointig_2_0_44285 30330 31651 44285 -1 -1 1170 0.0163744
Chain
	Aln	3	-SRR33939694.37557/1 4 1319 1445 -edge_2_0_+disjointig_2_0_44285 12633 13954 44285 -1 -1 1170 0.0163744
Chain
	Aln	2	+SRR33939694.37547/1 178 1478 1495 +edge_2_0_+disjointig_2_0_44285 23510 24829 44285 -1 -1 1170 0.0213449
Chain
	Aln	3	-SRR33939694.37547/1 16 1316 1495 -edge_2_0_+disjointig_2_0_44285 19455 20774 44285 -1 -1 1170 0.0213449
Chain
	Aln	3	+SRR33939694.37604/1 149 1568 1589 -edge_2_0_+disjointig_2_0_44285 17683 19101 44285 -1 -1 776 0.0512826
Chain
	Aln	2	-SRR33939694.37604/1 20 1439 1589 +edge_2_0_+disjointig_2_0_44285 25183 26601 44285 -1 -1 776 0.0512826
Chain
	Aln	3	+SRR33939694.37698/1 124 1220 1226 -edge_2_0_+disjointig_2_0_44285 32793 33901 44285 -1 -1 881 0.0240412
Chain
	Aln	2	-SRR33939694.37698/1 5 1101 1226 +edge_2_0_+disjointig_2_0_44285 10383 11491 44285 -1 -1 881 0.0240412
Chain
	Aln	3	+SRR33939694.37625/1 131 2037 2067 -edge_2_0_+disjointig_2_0_44285 36951 38872 44285 -1 -1 1437 0.0275151
Chain
	Aln	2	-SRR33939694.37625/1 29 1935 2067 +edge_2_0_+disjointig_2_0_44285 5412 7333 44285 -1 -1 1437 0.0275151
Chain
	Aln	2	+SRR33939694.37716/1 125 1321 1329 +edge_2_0_+disjointig_2_0_44285 313 1508 44285 -1 -1 1062 0.0141943
Chain
	Aln	3	-SRR33939694.37716/1 7 1203 1329 -edge_2_0_+disjointig_2_0_44285 42776 43971 44285 -1 -1 1062 0.0141943
Chain
	Aln	3	+SRR33939694.37628/1 113 1750 1755 -edge_2_0_+disjointig_2_0_44285 26242 27881 44285 -1 -1 1490 0.0147842
Chain
	Aln	2	-SRR33939694.37628/1 4 1641 1755 +edge_2_0_+disjointig_2_0_44285 16403 18042 44285 -1 -1 1490 0.0147842
Chain
	Aln	3	+SRR33939694.37720/1 121 1409 1416 -edge_2_0_+disjointig_2_0_44285 32426 33698 44285 -1 -1 889 0.0384149
Chain
	Aln	2	-SRR33939694.37720/1 6 1294 1416 +edge_2_0_+disjointig_2_0_44285 10586 11858 44285 -1 -1 889 0.0384149
Chain
	Aln	1	+SRR33939694.37752/1 209 1247 1253 -edge_1_0_+disjointig_1_0_47382 16768 17810 47382 -1 -1 870 0.0235846
Chain
	Aln	0	-SRR33939694.37752/1 5 1043 1253 +edge_1_0_+disjointig_1_0_47382 29571 30613 47382 -1 -1 870 0.0235846
Chain
	Aln	3	+SRR33939694.37754/1 136 1182 1200 -edge_2_0_+disjointig_2_0_44285 15774 16844 44285 -1 -1 906 0.0233203
Chain
	Aln	2	-SRR33939694.37754/1 17 1063 1200 +edge_2_0_+disjointig_2_0_44285 27440 28510 44285 -1 -1 906 0.0233203
Chain
	Aln	2	+SRR33939694.37728/1 118 1516 1531 +edge_2_0_+disjointig_2_0_44285 31875 33294 44285 -1 -1 762 0.0564009
Chain
	Aln	3	-SRR33939694.37728/1 14 1412 1531 -edge_2_0_+disjointig_2_0_44285 10990 12409 44285 -1 -1 762 0.0564009
Chain
	Aln	3	+SRR33939694.37770/1 116 1123 1127 -edge_2_0_+disjointig_2_0_44285 1204 2218 44285 -1 -1 787 0.0219823
Chain
	Aln	2	-SRR33939694.37770/1 3 1010 1127 +edge_2_0_+disjointig_2_0_44285 42066 43080 44285 -1 -1 787 0.0219823
Chain
	Aln	3	+SRR33939694.37795/1 145 1624 1642 -edge_2_0_+disjointig_2_0_44285 24122 25609 44285 -1 -1 1224 0.020807
Chain
	Aln	2	-SRR33939694.37795/1 17 1496 1642 +edge_2_0_+disjointig_2_0_44285 18675 20162 44285 -1 -1 1224 0.020807
Chain
	Aln	2	+SRR33939694.37906/1 142 1293 1306 +edge_2_0_+disjointig_2_0_44285 27419 28571 44285 -1 -1 982 0.0200904
Chain
	Aln	3	-SRR33939694.37906/1 12 1163 1306 -edge_2_0_+disjointig_2_0_44285 15713 16865 44285 -1 -1 982 0.0200904
Chain
	Aln	2	+SRR33939694.38003/1 129 1413 1419 +edge_2_0_+disjointig_2_0_44285 20823 22117 44285 -1 -1 1049 0.0212856
Chain
	Aln	3	-SRR33939694.38003/1 5 1289 1419 -edge_2_0_+disjointig_2_0_44285 22167 23461 44285 -1 -1 1049 0.0212856
Chain
	Aln	3	+SRR33939694.38048/1 105 1237 1245 -edge_2_0_+disjointig_2_0_44285 8880 10018 44285 -1 -1 919 0.0197672
Chain
	Aln	2	-SRR33939694.38048/1 7 1139 1245 +edge_2_0_+disjointig_2_0_44285 34266 35404 44285 -1 -1 919 0.0197672
Chain
	Aln	2	+SRR33939694.38092/1 116 1133 1152 +edge_2_0_+disjointig_2_0_44285 41759 42792 44285 -1 -1 768 0.0259212
Chain
	Aln	3	-SRR33939694.38092/1 18 1035 1152 -edge_2_0_+disjointig_2_0_44285 1492 2525 44285 -1 -1 768 0.0259212
Chain
	Aln	2	+SRR33939694.38313/1 142 1176 1213 +edge_2_0_+disjointig_2_0_44285 457 1495 44285 -1 -1 798 0.0318117
Chain
	Aln	3	-SRR33939694.38313/1 36 1070 1213 -edge_2_0_+disjointig_2_0_44285 42789 43827 44285 -1 -1 798 0.0318117
Chain
	Aln	3	+SRR33939694.38380/1 127 1225 1231 -edge_2_0_+disjointig_2_0_44285 20332 21450 44285 -1 -1 685 0.0486405
Chain
	Aln	2	-SRR33939694.38380/1 5 1103 1231 +edge_2_0_+disjointig_2_0_44285 22834 23952 44285 -1 -1 685 0.0486405
Chain
	Aln	2	+SRR33939694.38367/1 129 1462 1471 +edge_2_0_+disjointig_2_0_44285 38252 39591 44285 -1 -1 1156 0.0140242
Chain
	Aln	3	-SRR33939694.38367/1 8 1341 1471 -edge_2_0_+disjointig_2_0_44285 4693 6032 44285 -1 -1 1156 0.0140242
Chain
	Aln	3	+SRR33939694.38431/1 112 1300 1315 -edge_2_0_+disjointig_2_0_44285 21933 23131 44285 -1 -1 987 0.0178372
Chain
	Aln	2	-SRR33939694.38431/1 14 1202 1315 +edge_2_0_+disjointig_2_0_44285 21153 22351 44285 -1 -1 987 0.0178372
Chain
	Aln	2	+SRR33939694.38432/1 118 1683 1704 +edge_2_0_+disjointig_2_0_44285 17274 18834 44285 -1 -1 1069 0.0373288
Chain
	Aln	3	-SRR33939694.38432/1 20 1585 1704 -edge_2_0_+disjointig_2_0_44285 25450 27010 44285 -1 -1 1069 0.0373288
Chain
	Aln	3	+SRR33939694.38493/1 110 1194 1205 -edge_2_0_+disjointig_2_0_44285 28634 29730 44285 -1 -1 842 0.0274904
Chain
	Aln	2	-SRR33939694.38493/1 10 1094 1205 +edge_2_0_+disjointig_2_0_44285 14554 15650 44285 -1 -1 842 0.0274904
Chain
	Aln	2	+SRR33939694.38447/1 114 1844 1855 +edge_2_0_+disjointig_2_0_44285 40347 42087 44285 -1 -1 1499 0.0132046
Chain
	Aln	3	-SRR33939694.38447/1 10 1740 1855 -edge_2_0_+disjointig_2_0_44285 2197 3937 44285 -1 -1 1499 0.0132046
Chain
	Aln	3	+SRR33939694.38544/1 141 1641 1644 -edge_2_0_+disjointig_2_0_44285 10636 12123 44285 -1 -1 1252 0.0210103
Chain
	Aln	2	-SRR33939694.38544/1 2 1502 1644 +edge_2_0_+disjointig_2_0_44285 32161 33648 44285 -1 -1 1252 0.0210103
Chain
	Aln	3	+SRR33939694.38565/1 141 1327 1336 -edge_2_0_+disjointig_2_0_44285 18807 19990 44285 -1 -1 1004 0.0229978
Chain
	Aln	2	-SRR33939694.38565/1 8 1194 1336 +edge_2_0_+disjointig_2_0_44285 24294 25477 44285 -1 -1 1004 0.0229978
Chain
	Aln	3	+SRR33939694.38692/1 107 1407 1416 -edge_2_0_+disjointig_2_0_44285 22526 23829 44285 -1 -1 1112 0.0195796
Chain
	Aln	2	-SRR33939694.38692/1 8 1308 1416 +edge_2_0_+disjointig_2_0_44285 20455 21758 44285 -1 -1 1112 0.0195796
Chain
	Aln	2	+SRR33939694.38614/1 208 1490 1497 +edge_2_0_+disjointig_2_0_44285 31511 32808 44285 -1 -1 1164 0.0140171
Chain
	Aln	3	-SRR33939694.38614/1 6 1288 1497 -edge_2_0_+disjointig_2_0_44285 11476 12773 44285 -1 -1 1164 0.0140171
Chain
	Aln	2	+SRR33939694.38559/1 144 1935 1937 +edge_2_0_+disjointig_2_0_44285 170 1973 44285 -1 -1 1335 0.0324522
Chain
	Aln	3	-SRR33939694.38559/1 1 1792 1937 -edge_2_0_+disjointig_2_0_44285 42311 44114 44285 -1 -1 1335 0.0324522
Chain
	Aln	2	+SRR33939694.38716/1 126 1366 1375 +edge_2_0_+disjointig_2_0_44285 39007 40253 44285 -1 -1 934 0.0254993
Chain
	Aln	3	-SRR33939694.38716/1 8 1248 1375 -edge_2_0_+disjointig_2_0_44285 4031 5277 44285 -1 -1 934 0.0254993
Chain
	Aln	3	+SRR33939694.38704/1 133 1887 1893 -edge_2_0_+disjointig_2_0_44285 3588 5357 44285 -1 -1 1587 0.0137138
Chain
	Aln	2	-SRR33939694.38704/1 5 1759 1893 +edge_2_0_+disjointig_2_0_44285 38927 40696 44285 -1 -1 1587 0.0137138
Chain
	Aln	2	+SRR33939694.38701/1 117 2049 2073 +edge_2_0_+disjointig_2_0_44285 37795 39739 44285 -1 -1 1316 0.0404087
Chain
	Aln	3	-SRR33939694.38701/1 23 1955 2073 -edge_2_0_+disjointig_2_0_44285 4545 6489 44285 -1 -1 1316 0.0404087
Chain
	Aln	3	+SRR33939694.38770/1 163 1339 1353 -edge_2_0_+disjointig_2_0_44285 21608 22776 44285 -1 -1 888 0.0307009
Chain
	Aln	2	-SRR33939694.38770/1 13 1189 1353 +edge_2_0_+disjointig_2_0_44285 21508 22676 44285 -1 -1 888 0.0307009
Chain
	Aln	3	+SRR33939694.38747/1 122 1491 1498 -edge_2_0_+disjointig_2_0_44285 28932 30291 44285 -1 -1 1199 0.0224862
Chain
	Aln	2	-SRR33939694.38747/1 6 1375 1498 +edge_2_0_+disjointig_2_0_44285 13993 15352 44285 -1 -1 1199 0.0224862
Chain
	Aln	3	+SRR33939694.38794/1 117 1953 1982 -edge_2_0_+disjointig_2_0_44285 30120 31950 44285 -1 -1 1215 0.0400985
Chain
	Aln	2	-SRR33939694.38794/1 28 1864 1982 +edge_2_0_+disjointig_2_0_44285 12334 14164 44285 -1 -1 1215 0.0400985
Chain
	Aln	2	+SRR33939694.38834/1 118 1675 1698 +edge_2_0_+disjointig_2_0_44285 22581 24151 44285 -1 -1 1221 0.0268566
Chain
	Aln	3	-SRR33939694.38834/1 22 1579 1698 -edge_2_0_+disjointig_2_0_44285 20133 21703 44285 -1 -1 1221 0.0268566
Chain
	Aln	2	+SRR33939694.38846/1 121 1590 1611 +edge_2_0_+disjointig_2_0_44285 26158 27612 44285 -1 -1 1146 0.028747
Chain
	Aln	3	-SRR33939694.38846/1 20 1489 1611 -edge_2_0_+disjointig_2_0_44285 16672 18126 44285 -1 -1 1146 0.028747
Chain
	Aln	3	+SRR33939694.39003/1 150 2086 2102 -edge_2_0_+disjointig_2_0_44285 34116 36053 44285 -1 -1 1434 0.028003
Chain
	Aln	2	-SRR33939694.39003/1 15 1951 2102 +edge_2_0_+disjointig_2_0_44285 8231 10168 44285 -1 -1 1434 0.028003
Chain
	Aln	2	+SRR33939694.37811/1 113 14101 14107 +edge_2_0_+disjointig_2_0_44285 13221 27282 44285 -1 -1 10416 0.0271128
Chain
	Aln	3	-SRR33939694.37811/1 5 13993 14107 -edge_2_0_+disjointig_2_0_44285 17002 31063 44285 -1 -1 10416 0.0271128
Chain
	Aln	3	+SRR33939694.39121/1 110 1150 1161 -edge_2_0_+disjointig_2_0_44285 26946 27986 44285 -1 -1 805 0.0335515
Chain
	Aln	2	-SRR33939694.39121/1 10 1050 1161 +edge_2_0_+disjointig_2_0_44285 16298 17338 44285 -1 -1 805 0.0335515
Chain
	Aln	2	+SRR33939694.39151/1 115 1256 1280 +edge_2_0_+disjointig_2_0_44285 33588 34722 44285 -1 -1 540 0.0639643
Chain
	Aln	3	-SRR33939694.39151/1 23 1164 1280 -edge_2_0_+disjointig_2_0_44285 9562 10696 44285 -1 -1 540 0.0639643
Chain
	Aln	0	+SRR33939694.39081/1 542 2834 3528 +edge_1_0_+disjointig_1_0_47382 14698 16976 47382 -1 -1 2029 0.0139618
Chain
	Aln	1	-SRR33939694.39081/1 693 2985 3528 -edge_1_0_+disjointig_1_0_47382 30405 32683 47382 -1 -1 2029 0.0139618
Chain
	Aln	3	+SRR33939694.39224/1 183 1334 1342 -edge_2_0_+disjointig_2_0_44285 7451 8630 44285 -1 -1 937 0.0218493
Chain
	Aln	2	-SRR33939694.39224/1 7 1158 1342 +edge_2_0_+disjointig_2_0_44285 35654 36833 44285 -1 -1 937 0.0218493
Chain
	Aln	2	+SRR33939694.39263/1 117 1523 1526 +edge_2_0_+disjointig_2_0_44285 14452 15867 44285 -1 -1 1183 0.016966
Chain
	Aln	3	-SRR33939694.39263/1 2 1408 1526 -edge_2_0_+disjointig_2_0_44285 28417 29832 44285 -1 -1 1183 0.016966
Chain
	Aln	2	+SRR33939694.39291/1 120 1560 1566 +edge_2_0_+disjointig_2_0_44285 8111 9600 44285 -1 -1 1138 0.0247238
Chain
	Aln	3	-SRR33939694.39291/1 5 1445 1566 -edge_2_0_+disjointig_2_0_44285 34684 36173 44285 -1 -1 1138 0.0247238
Chain
	Aln	1	+SRR33939694.39225/1 371 2697 2704 -edge_1_0_+disjointig_1_0_47382 22521 24853 47382 -1 -1 1871 0.0224017
Chain
	Aln	0	-SRR33939694.39225/1 6 2332 2704 +edge_1_0_+disjointig_1_0_47382 22528 24860 47382 -1 -1 1871 0.0224017
Chain
	Aln	3	+SRR33939694.39379/1 116 1176 1185 -edge_2_0_+disjointig_2_0_44285 28427 29490 44285 -1 -1 802 0.0295826
Chain
	Aln	2	-SRR33939694.39379/1 8 1068 1185 +edge_2_0_+disjointig_2_0_44285 14794 15857 44285 -1 -1 802 0.0295826
Chain
	Aln	2	+SRR33939694.39387/1 112 1233 1237 +edge_2_0_+disjointig_2_0_44285 27675 28800 44285 -1 -1 973 0.0215258
Chain
	Aln	3	-SRR33939694.39387/1 3 1124 1237 -edge_2_0_+disjointig_2_0_44285 15484 16609 44285 -1 -1 973 0.0215258
Chain
	Aln	3	+SRR33939694.39376/1 122 1224 1228 -edge_2_0_+disjointig_2_0_44285 36233 37364 44285 -1 -1 720 0.0418803
Chain
	Aln	2	-SRR33939694.39376/1 3 1105 1228 +edge_2_0_+disjointig_2_0_44285 6920 8051 44285 -1 -1 720 0.0418803
Chain
	Aln	3	+SRR33939694.39362/1 142 1655 1657 -edge_2_0_+disjointig_2_0_44285 11965 13476 44285 -1 -1 1238 0.0194006
Chain
	Aln	2	-SRR33939694.39362/1 1 1514 1657 +edge_2_0_+disjointig_2_0_44285 30808 32319 44285 -1 -1 1238 0.0194006
Chain
	Aln	2	+SRR33939694.39406/1 260 1292 1311 +edge_2_0_+disjointig_2_0_44285 30874 31915 44285 -1 -1 897 0.0182171
Chain
	Aln	3	-SRR33939694.39406/1 18 1050 1311 -edge_2_0_+disjointig_2_0_44285 12369 13410 44285 -1 -1 897 0.0182171
Chain
	Aln	2	+SRR33939694.39430/1 141 1963 1980 +edge_2_0_+disjointig_2_0_44285 21912 23741 44285 -1 -1 1510 0.0230384
Chain
	Aln	3	-SRR33939694.39430/1 16 1838 1980 -edge_2_0_+disjointig_2_0_44285 20543 22372 44285 -1 -1 1510 0.0230384
Chain
	Aln	3	+SRR33939694.39498/1 127 1380 1407 -edge_2_0_+disjointig_2_0_44285 1371 2664 44285 -1 -1 747 0.0436735
Chain
	Aln	2	-SRR33939694.39498/1 26 1279 1407 +edge_2_0_+disjointig_2_0_44285 41620 42913 44285 -1 -1 747 0.0436735
Chain
	Aln	3	+SRR33939694.39486/1 110 1192 1198 -edge_2_0_+disjointig_2_0_44285 34813 35898 44285 -1 -1 841 0.0307876
Chain
	Aln	2	-SRR33939694.39486/1 5 1087 1198 +edge_2_0_+disjointig_2_0_44285 8386 9471 44285 -1 -1 841 0.0307876
Chain
	Aln	3	+SRR33939694.39474/1 127 1635 1642 -edge_2_0_+disjointig_2_0_44285 16948 18444 44285 -1 -1 1368 0.0138159
Chain
	Aln	2	-SRR33939694.39474/1 6 1514 1642 +edge_2_0_+disjointig_2_0_44285 25840 27336 44285 -1 -1 1368 0.0138159
Chain
	Aln	3	+SRR33939694.39419/1 92 2679 2733 -edge_2_0_+disjointig_2_0_44285 34292 36881 44285 -1 -1 2027 0.0248184
Chain
	Aln	2	-SRR33939694.39419/1 53 2640 2733 +edge_2_0_+disjointig_2_0_44285 7403 9992 44285 -1 -1 2027 0.0248184
Chain
	Aln	3	+SRR33939694.39582/1 114 1306 1309 -edge_2_0_+disjointig_2_0_44285 4978 6193 44285 -1 -1 866 0.0335537
Chain
	Aln	2	-SRR33939694.39582/1 2 1194 1309 +edge_2_0_+disjointig_2_0_44285 38091 39306 44285 -1 -1 866 0.0335537
Chain
	Aln	1	+SRR33939694.39589/1 278 1814 1818 -edge_1_0_+disjointig_1_0_47382 26537 28073 47382 -1 -1 1366 0.0112204
Chain
	Aln	0	-SRR33939694.39589/1 3 1539 1818 +edge_1_0_+disjointig_1_0_47382 19308 20844 47382 -1 -1 1366 0.0112204
Chain
	Aln	3	+SRR33939694.39592/1 111 1243 1247 -edge_2_0_+disjointig_2_0_44285 4043 5165 44285 -1 -1 792 0.0353283
Chain
	Aln	2	-SRR33939694.39592/1 3 1135 1247 +edge_2_0_+disjointig_2_0_44285 39119 40241 44285 -1 -1 792 0.0353283
Chain
	Aln	2	+SRR33939694.39603/1 121 1458 1488 +edge_2_0_+disjointig_2_0_44285 31701 33040 44285 -1 -1 1159 0.0208378
Chain
	Aln	3	-SRR33939694.39603/1 29 1366 1488 -edge_2_0_+disjointig_2_0_44285 11244 12583 44285 -1 -1 1159 0.0208378
Chain
	Aln	3	+SRR33939694.39745/1 148 1243 1264 -edge_2_0_+disjointig_2_0_44285 19238 20338 44285 -1 -1 879 0.0263096
Chain
	Aln	2	-SRR33939694.39745/1 20 1115 1264 +edge_2_0_+disjointig_2_0_44285 23946 25046 44285 -1 -1 879 0.0263096
Chain
	Aln	2	+SRR33939694.39750/1 117 1370 1374 +edge_2_0_+disjointig_2_0_44285 9754 11016 44285 -1 -1 953 0.0321372
Chain
	Aln	3	-SRR33939694.39750/1 3 1256 1374 -edge_2_0_+disjointig_2_0_44285 33268 34530 44285 -1 -1 953 0.0321372
Chain
	Aln	3	+SRR33939694.39834/1 117 1305 1308 -edge_2_0_+disjointig_2_0_44285 43134 44238 44285 -1 -1 727 0.0336608
Chain
	Aln	2	-SRR33939694.39834/1 2 1190 1308 +edge_2_0_+disjointig_2_0_44285 46 1150 44285 -1 -1 727 0.0336608
Chain
	Aln	2	+SRR33939694.39757/1 116 1565 1567 +edge_2_0_+disjointig_2_0_44285 24801 26246 44285 -1 -1 1119 0.023122
Chain
	Aln	3	-SRR33939694.39757/1 1 1450 1567 -edge_2_0_+disjointig_2_0_44285 18038 19483 44285 -1 -1 1119 0.023122
Chain
	Aln	3	+SRR33939694.39947/1 139 1468 1477 -edge_2_0_+disjointig_2_0_44285 14876 16203 44285 -1 -1 1191 0.0138904
Chain
	Aln	2	-SRR33939694.39947/1 8 1337 1477 +edge_2_0_+disjointig_2_0_44285 28081 29408 44285 -1 -1 1191 0.0138904
Chain
	Aln	2	+SRR33939694.39981/1 107 1580 1602 +edge_2_0_+disjointig_2_0_44285 42776 44260 44285 -1 -1 1193 0.0248573
Chain
	Aln	3	-SRR33939694.39981/1 21 1494 1602 -edge_2_0_+disjointig_2_0_44285 24 1508 44285 -1 -1 1193 0.0248573
Chain
	Aln	2	+SRR33939694.40034/1 114 1277 1319 +edge_2_0_+disjointig_2_0_44285 15851 17008 44285 -1 -1 923 0.0273316
Chain
	Aln	3	-SRR33939694.40034/1 41 1204 1319 -edge_2_0_+disjointig_2_0_44285 27276 28433 44285 -1 -1 923 0.0273316
Chain
	Aln	3	+SRR33939694.40040/1 115 1223 1227 -edge_2_0_+disjointig_2_0_44285 42457 43553 44285 -1 -1 979 0.0154773
Chain
	Aln	2	-SRR33939694.40040/1 3 1111 1227 +edge_2_0_+disjointig_2_0_44285 731 1827 44285 -1 -1 979 0.0154773
Chain
	Aln	3	+SRR33939694.40011/1 120 1964 1970 -edge_2_0_+disjointig_2_0_44285 562 2401 44285 -1 -1 1294 0.0369726
Chain
	Aln	2	-SRR33939694.40011/1 5 1849 1970 +edge_2_0_+disjointig_2_0_44285 41883 43722 44285 -1 -1 1294 0.0369726
Chain
	Aln	2	+SRR33939694.40104/1 127 1489 1492 +edge_2_0_+disjointig_2_0_44285 13938 15308 44285 -1 -1 1212 0.017874
Chain
	Aln	3	-SRR33939694.40104/1 2 1364 1492 -edge_2_0_+disjointig_2_0_44285 28976 30346 44285 -1 -1 1212 0.017874
Chain
	Aln	2	+SRR33939694.40074/1 119 1189 1208 +edge_2_0_+disjointig_2_0_44285 19906 20989 44285 -1 -1 974 0.0148988
Chain
	Aln	3	-SRR33939694.40074/1 18 1088 1208 -edge_2_0_+disjointig_2_0_44285 23295 24378 44285 -1 -1 974 0.0148988
Chain
	Aln	3	+SRR33939694.40112/1 174 2042 2046 -edge_2_0_+disjointig_2_0_44285 1316 3191 44285 -1 -1 1418 0.0263586
Chain
	Aln	2	-SRR33939694.40112/1 3 1871 2046 +edge_2_0_+disjointig_2_0_44285 41093 42968 44285 -1 -1 1418 0.0263586
Chain
	Aln	3	+SRR33939694.40145/1 122 1347 1361 -edge_2_0_+disjointig_2_0_44285 9420 10655 44285 -1 -1 1066 0.0160818
Chain
	Aln	2	-SRR33939694.40145/1 13 1238 1361 +edge_2_0_+disjointig_2_0_44285 33629 34864 44285 -1 -1 1066 0.0160818
Chain
	Aln	2	+SRR33939694.40175/1 167 1292 1320 +edge_2_0_+disjointig_2_0_44285 28500 29611 44285 -1 -1 655 0.0496723
Chain
	Aln	3	-SRR33939694.40175/1 27 1152 1320 -edge_2_0_+disjointig_2_0_44285 14673 15784 44285 -1 -1 655 0.0496723
Chain
	Aln	3	+SRR33939694.40159/1 127 1571 1582 -edge_2_0_+disjointig_2_0_44285 13067 14522 44285 -1 -1 1130 0.0230355
Chain
	Aln	2	-SRR33939694.40159/1 10 1454 1582 +edge_2_0_+disjointig_2_0_44285 29762 31217 44285 -1 -1 1130 0.0230355
Chain
	Aln	3	+SRR33939694.40257/1 127 1154 1158 -edge_2_0_+disjointig_2_0_44285 11192 12227 44285 -1 -1 984 0.0118489
Chain
	Aln	2	-SRR33939694.40257/1 3 1030 1158 +edge_2_0_+disjointig_2_0_44285 32057 33092 44285 -1 -1 984 0.0118489
Chain
	Aln	2	+SRR33939694.40192/1 185 2107 2114 +edge_2_0_+disjointig_2_0_44285 32685 34634 44285 -1 -1 1212 0.0439609
Chain
	Aln	3	-SRR33939694.40192/1 6 1928 2114 -edge_2_0_+disjointig_2_0_44285 9650 11599 44285 -1 -1 1212 0.0439609
Chain
	Aln	3	+SRR33939694.40263/1 114 1180 1183 -edge_2_0_+disjointig_2_0_44285 27842 28919 44285 -1 -1 628 0.0549622
Chain
	Aln	2	-SRR33939694.40263/1 2 1068 1183 +edge_2_0_+disjointig_2_0_44285 15365 16442 44285 -1 -1 628 0.0549622
Chain
	Aln	2	+SRR33939694.40243/1 139 1458 1500 +edge_2_0_+disjointig_2_0_44285 3684 5007 44285 -1 -1 1070 0.0247818
Chain
	Aln	3	-SRR33939694.40243/1 41 1360 1500 -edge_2_0_+disjointig_2_0_44285 39277 40600 44285 -1 -1 1070 0.0247818
Chain
	Aln	2	+SRR33939694.40326/1 154 1189 1201 +edge_2_0_+disjointig_2_0_44285 37522 38563 44285 -1 -1 652 0.0437856
Chain
	Aln	3	-SRR33939694.40326/1 11 1046 1201 -edge_2_0_+disjointig_2_0_44285 5721 6762 44285 -1 -1 652 0.0437856
Chain
	Aln	2	+SRR33939694.40383/1 118 1611 1614 +edge_2_0_+disjointig_2_0_44285 32512 34000 44285 -1 -1 1280 0.0207351
Chain
	Aln	3	-SRR33939694.40383/1 2 1495 1614 -edge_2_0_+disjointig_2_0_44285 10284 11772 44285 -1 -1 1280 0.0207351
Chain
	Aln	2	+SRR33939694.40402/1 117 1239 1244 +edge_2_0_+disjointig_2_0_44285 25373 26511 44285 -1 -1 961 0.0144505
Chain
	Aln	3	-SRR33939694.40402/1 4 1126 1244 -edge_2_0_+disjointig_2_0_44285 17773 18911 44285 -1 -1 961 0.0144505
Chain
	Aln	2	+SRR33939694.40410/1 122 1124 1137 +edge_2_0_+disjointig_2_0_44285 35697 36705 44285 -1 -1 899 0.0142434
Chain
	Aln	3	-SRR33939694.40410/1 12 1014 1137 -edge_2_0_+disjointig_2_0_44285 7579 8587 44285 -1 -1 899 0.0142434
Chain
	Aln	2	+SRR33939694.40408/1 131 2181 2194 +edge_2_0_+disjointig_2_0_44285 23779 25840 44285 -1 -1 1843 0.0127498
Chain
	Aln	3	-SRR33939694.40408/1 12 2062 2194 -edge_2_0_+disjointig_2_0_44285 18444 20505 44285 -1 -1 1843 0.0127498
Chain
	Aln	0	+SRR33939694.40405/1 920 1920 1953 +edge_1_0_+disjointig_1_0_47382 44750 45749 47382 -1 -1 896 0.0125618
Chain
	Aln	1	-SRR33939694.40405/1 32 1032 1953 -edge_1_0_+disjointig_1_0_47382 1632 2631 47382 -1 -1 896 0.0125618
Chain
	Aln	2	+SRR33939694.40414/1 156 1356 1373 +edge_2_0_+disjointig_2_0_44285 19829 21043 44285 -1 -1 998 0.0204734
Chain
	Aln	3	-SRR33939694.40414/1 16 1216 1373 -edge_2_0_+disjointig_2_0_44285 23241 24455 44285 -1 -1 998 0.0204734
Chain
	Aln	2	+SRR33939694.40366/1 119 2354 2358 +edge_2_0_+disjointig_2_0_44285 11495 13757 44285 -1 -1 1385 0.0421722
Chain
	Aln	3	-SRR33939694.40366/1 3 2238 2358 -edge_2_0_+disjointig_2_0_44285 30527 32789 44285 -1 -1 1385 0.0421722
Chain
	Aln	2	+SRR33939694.40426/1 124 1219 1226 +edge_2_0_+disjointig_2_0_44285 10710 11813 44285 -1 -1 961 0.0220449
Chain
	Aln	3	-SRR33939694.40426/1 6 1101 1226 -edge_2_0_+disjointig_2_0_44285 32471 33574 44285 -1 -1 961 0.0220449
Chain
	Aln	3	+SRR33939694.40517/1 141 1397 1399 -edge_2_0_+disjointig_2_0_44285 20214 21487 44285 -1 -1 1083 0.0210449
Chain
	Aln	2	-SRR33939694.40517/1 1 1257 1399 +edge_2_0_+disjointig_2_0_44285 22797 24070 44285 -1 -1 1083 0.0210449
Chain
	Aln	3	+SRR33939694.40461/1 131 1828 1832 -edge_2_0_+disjointig_2_0_44285 32298 34010 44285 -1 -1 1320 0.0278698
Chain
	Aln	2	-SRR33939694.40461/1 3 1700 1832 +edge_2_0_+disjointig_2_0_44285 10274 11986 44285 -1 -1 1320 0.0278698
Chain
	Aln	3	+SRR33939694.40566/1 128 2208 2216 -edge_2_0_+disjointig_2_0_44285 6010 8076 44285 -1 -1 1642 0.0268066
Chain
	Aln	2	-SRR33939694.40566/1 7 2087 2216 +edge_2_0_+disjointig_2_0_44285 36208 38274 44285 -1 -1 1642 0.0268066
Chain
	Aln	2	+SRR33939694.40696/1 125 1251 1260 +edge_2_0_+disjointig_2_0_44285 28313 29455 44285 -1 -1 928 0.0276018
Chain
	Aln	3	-SRR33939694.40696/1 8 1134 1260 -edge_2_0_+disjointig_2_0_44285 14829 15971 44285 -1 -1 928 0.0276018
Chain
	Aln	2	+SRR33939694.40533/1 159 1986 1990 +edge_2_0_+disjointig_2_0_44285 40791 42631 44285 -1 -1 1600 0.0120163
Chain
	Aln	3	-SRR33939694.40533/1 3 1830 1990 -edge_2_0_+disjointig_2_0_44285 1653 3493 44285 -1 -1 1600 0.0120163
Chain
	Aln	3	+SRR33939694.40669/1 143 1338 1347 -edge_2_0_+disjointig_2_0_44285 1731 2934 44285 -1 -1 931 0.0230347
Chain
	Aln	2	-SRR33939694.40669/1 8 1203 1347 +edge_2_0_+disjointig_2_0_44285 41350 42553 44285 -1 -1 931 0.0230347
Chain
	Aln	3	+SRR33939694.40702/1 125 2240 2256 -edge_2_0_+disjointig_2_0_44285 33486 35628 44285 -1 -1 1896 0.0140515
Chain
	Aln	2	-SRR33939694.40702/1 15 2130 2256 +edge_2_0_+disjointig_2_0_44285 8656 10798 44285 -1 -1 1896 0.0140515
Chain
	Aln	2	+SRR33939694.40775/1 135 1347 1357 +edge_2_0_+disjointig_2_0_44285 6031 7235 44285 -1 -1 1037 0.0132806
Chain
	Aln	3	-SRR33939694.40775/1 9 1221 1357 -edge_2_0_+disjointig_2_0_44285 37049 38253 44285 -1 -1 1037 0.0132806
Chain
	Aln	2	+SRR33939694.40748/1 119 1737 1768 +edge_2_0_+disjointig_2_0_44285 11779 13403 44285 -1 -1 1383 0.0165708
Chain
	Aln	3	-SRR33939694.40748/1 30 1648 1768 -edge_2_0_+disjointig_2_0_44285 30881 32505 44285 -1 -1 1383 0.0165708
Chain
	Aln	2	+SRR33939694.40757/1 124 1701 1768 +edge_2_0_+disjointig_2_0_44285 16751 18346 44285 -1 -1 1239 0.026183
Chain
	Aln	3	-SRR33939694.40757/1 66 1643 1768 -edge_2_0_+disjointig_2_0_44285 25938 27533 44285 -1 -1 1239 0.026183
Chain
	Aln	3	+SRR33939694.40783/1 114 1354 1356 -edge_2_0_+disjointig_2_0_44285 30330 31565 44285 -1 -1 1145 0.0123299
Chain
	Aln	2	-SRR33939694.40783/1 1 1241 1356 +edge_2_0_+disjointig_2_0_44285 12719 13954 44285 -1 -1 1145 0.0123299
Chain
	Aln	3	+SRR33939694.40815/1 118 1179 1193 -edge_2_0_+disjointig_2_0_44285 25372 26439 44285 -1 -1 1001 0.00922625
Chain
	Aln	2	-SRR33939694.40815/1 13 1074 1193 +edge_2_0_+disjointig_2_0_44285 17845 18912 44285 -1 -1 1001 0.00922625
Chain
	Aln	2	+SRR33939694.40845/1 112 1116 1119 +edge_2_0_+disjointig_2_0_44285 28699 29697 44285 -1 -1 823 0.0298526
Chain
	Aln	3	-SRR33939694.40845/1 2 1006 1119 -edge_2_0_+disjointig_2_0_44285 14587 15585 44285 -1 -1 823 0.0298526
Chain
	Aln	1	+SRR33939694.40735/1 317 2341 2350 -edge_1_0_+disjointig_1_0_47382 43034 45063 47382 -1 -1 1673 0.0192959
Chain
	Aln	0	-SRR33939694.40735/1 8 2032 2350 +edge_1_0_+disjointig_1_0_47382 2318 4347 47382 -1 -1 1673 0.0192959
Chain
	Aln	2	+SRR33939694.40883/1 116 1212 1216 +edge_2_0_+disjointig_2_0_44285 24029 25130 44285 -1 -1 941 0.0210917
Chain
	Aln	3	-SRR33939694.40883/1 3 1099 1216 -edge_2_0_+disjointig_2_0_44285 19154 20255 44285 -1 -1 941 0.0210917
Chain
	Aln	2	+SRR33939694.40897/1 113 1505 1514 +edge_2_0_+disjointig_2_0_44285 25511 26929 44285 -1 -1 1097 0.0245548
Chain
	Aln	3	-SRR33939694.40897/1 8 1400 1514 -edge_2_0_+disjointig_2_0_44285 17355 18773 44285 -1 -1 1097 0.0245548
Chain
	Aln	3	+SRR33939694.40824/1 164 2129 2162 -edge_2_0_+disjointig_2_0_44285 27551 29539 44285 -1 -1 1081 0.0579904
Chain
	Aln	2	-SRR33939694.40824/1 32 1997 2162 +edge_2_0_+disjointig_2_0_44285 14745 16733 44285 -1 -1 1081 0.0579904
Chain
	Aln	3	+SRR33939694.40977/1 126 1132 1153 -edge_2_0_+disjointig_2_0_44285 602 1611 44285 -1 -1 825 0.0240542
Chain
	Aln	2	-SRR33939694.40977/1 20 1026 1153 +edge_2_0_+disjointig_2_0_44285 42673 43682 44285 -1 -1 825 0.0240542
Chain
	Aln	2	+SRR33939694.41012/1 126 1361 1381 +edge_2_0_+disjointig_2_0_44285 11307 12546 44285 -1 -1 1020 0.0220507
Chain
	Aln	3	-SRR33939694.41012/1 19 1254 1381 -edge_2_0_+disjointig_2_0_44285 31738 32977 44285 -1 -1 1020 0.0220507
Chain
	Aln	3	+SRR33939694.41070/1 117 1127 1158 -edge_2_0_+disjointig_2_0_44285 25502 26509 44285 -1 -1 889 0.0135486
Chain
	Aln	2	-SRR33939694.41070/1 30 1040 1158 +edge_2_0_+disjointig_2_0_44285 17775 18782 44285 -1 -1 889 0.0135486
Chain
	Aln	3	+SRR33939694.41040/1 127 1513 1515 -edge_2_0_+disjointig_2_0_44285 21992 23384 44285 -1 -1 1003 0.0308288
Chain
	Aln	2	-SRR33939694.41040/1 1 1387 1515 +edge_2_0_+disjointig_2_0_44285 20900 22292 44285 -1 -1 1003 0.0308288
Chain
	Aln	2	+SRR33939694.41097/1 125 1251 1292 +edge_2_0_+disjointig_2_0_44285 41119 42246 44285 -1 -1 918 0.0237389
Chain
	Aln	3	-SRR33939694.41097/1 40 1166 1292 -edge_2_0_+disjointig_2_0_44285 2038 3165 44285 -1 -1 918 0.0237389
Chain
	Aln	2	+SRR33939694.41102/1 170 1305 1354 +edge_2_0_+disjointig_2_0_44285 11316 12454 44285 -1 -1 760 0.0410898
Chain
	Aln	3	-SRR33939694.41102/1 48 1183 1354 -edge_2_0_+disjointig_2_0_44285 31830 32968 44285 -1 -1 760 0.0410898
Chain
	Aln	2	+SRR33939694.41178/1 117 1137 1139 +edge_2_0_+disjointig_2_0_44285 12458 13471 44285 -1 -1 815 0.0261566
Chain
	Aln	3	-SRR33939694.41178/1 1 1021 1139 -edge_2_0_+disjointig_2_0_44285 30813 31826 44285 -1 -1 815 0.0261566
Chain
	Aln	3	+SRR33939694.41130/1 132 1482 1523 -edge_2_0_+disjointig_2_0_44285 19455 20791 44285 -1 -1 776 0.0505704
Chain
	Aln	2	-SRR33939694.41130/1 40 1390 1523 +edge_2_0_+disjointig_2_0_44285 23493 24829 44285 -1 -1 776 0.0505704
Chain
	Aln	2	+SRR33939694.41104/1 143 1271 1282 +edge_2_0_+disjointig_2_0_44285 13178 14308 44285 -1 -1 758 0.0406748
Chain
	Aln	3	-SRR33939694.41104/1 10 1138 1282 -edge_2_0_+disjointig_2_0_44285 29976 31106 44285 -1 -1 758 0.0406748
Chain
	Aln	2	+SRR33939694.41186/1 136 1148 1169 +edge_2_0_+disjointig_2_0_44285 25942 26973 44285 -1 -1 896 0.018074
Chain
	Aln	3	-SRR33939694.41186/1 20 1032 1169 -edge_2_0_+disjointig_2_0_44285 17311 18342 44285 -1 -1 896 0.018074
Chain
	Aln	2	+SRR33939694.41284/1 123 1232 1245 +edge_2_0_+disjointig_2_0_44285 15835 16960 44285 -1 -1 909 0.0223602
Chain
	Aln	3	-SRR33939694.41284/1 12 1121 1245 -edge_2_0_+disjointig_2_0_44285 27324 28449 44285 -1 -1 909 0.0223602
Chain
	Aln	2	+SRR33939694.41311/1 118 1694 1702 +edge_2_0_+disjointig_2_0_44285 173 1741 44285 -1 -1 1390 0.0161399
Chain
	Aln	3	-SRR33939694.41311/1 7 1583 1702 -edge_2_0_+disjointig_2_0_44285 42543 44111 44285 -1 -1 1390 0.0161399
Chain
	Aln	2	+SRR33939694.41317/1 123 1261 1267 +edge_2_0_+disjointig_2_0_44285 31522 32661 44285 -1 -1 960 0.0194228
Chain
	Aln	3	-SRR33939694.41317/1 5 1143 1267 -edge_2_0_+disjointig_2_0_44285 11623 12762 44285 -1 -1 960 0.0194228
Chain
	Aln	2	+SRR33939694.41257/1 122 3412 3416 +edge_2_0_+disjointig_2_0_44285 979 4263 44285 -1 -1 2952 0.0131277
Chain
	Aln	3	-SRR33939694.41257/1 3 3293 3416 -edge_2_0_+disjointig_2_0_44285 40021 43305 44285 -1 -1 2952 0.0131277
Chain
	Aln	2	+SRR33939694.41455/1 108 1287 1308 +edge_2_0_+disjointig_2_0_44285 20756 21942 44285 -1 -1 950 0.0214079
Chain
	Aln	3	-SRR33939694.41455/1 20 1199 1308 -edge_2_0_+disjointig_2_0_44285 22342 23528 44285 -1 -1 950 0.0214079
Chain
	Aln	3	+SRR33939694.41458/1 155 1837 1839 -edge_2_0_+disjointig_2_0_44285 23690 25409 44285 -1 -1 1156 0.03451
Chain
	Aln	2	-SRR33939694.41458/1 1 1683 1839 +edge_2_0_+disjointig_2_0_44285 18875 20594 44285 -1 -1 1156 0.03451
Chain
	Aln	2	+SRR33939694.41520/1 119 1444 1446 +edge_2_0_+disjointig_2_0_44285 28915 30264 44285 -1 -1 1104 0.0282039
Chain
	Aln	3	-SRR33939694.41520/1 1 1326 1446 -edge_2_0_+disjointig_2_0_44285 14020 15369 44285 -1 -1 1104 0.0282039
Chain
	Aln	3	+SRR33939694.41566/1 146 1371 1378 -edge_2_0_+disjointig_2_0_44285 26455 27699 44285 -1 -1 993 0.0258064
Chain
	Aln	2	-SRR33939694.41566/1 6 1231 1378 +edge_2_0_+disjointig_2_0_44285 16585 17829 44285 -1 -1 993 0.0258064
Chain
	Aln	2	+SRR33939694.41585/1 97 1574 1582 +edge_2_0_+disjointig_2_0_44285 35522 37008 44285 -1 -1 1329 0.015161
Chain
	Aln	3	-SRR33939694.41585/1 7 1484 1582 -edge_2_0_+disjointig_2_0_44285 7276 8762 44285 -1 -1 1329 0.015161
Chain
	Aln	2	+SRR33939694.41756/1 123 1625 1631 +edge_2_0_+disjointig_2_0_44285 27699 29201 44285 -1 -1 1175 0.0282872
Chain
	Aln	3	-SRR33939694.41756/1 5 1507 1631 -edge_2_0_+disjointig_2_0_44285 15083 16585 44285 -1 -1 1175 0.0282872
Chain
	Aln	3	+SRR33939694.41790/1 125 1203 1213 -edge_2_0_+disjointig_2_0_44285 27223 28306 44285 -1 -1 972 0.0168533
Chain
	Aln	2	-SRR33939694.41790/1 9 1087 1213 +edge_2_0_+disjointig_2_0_44285 15978 17061 44285 -1 -1 972 0.0168533
Chain
	Aln	3	+SRR33939694.41806/1 118 1384 1388 -edge_2_0_+disjointig_2_0_44285 26184 27442 44285 -1 -1 1155 0.0175401
Chain
	Aln	2	-SRR33939694.41806/1 3 1269 1388 +edge_2_0_+disjointig_2_0_44285 16842 18100 44285 -1 -1 1155 0.0175401
Chain
	Aln	3	+SRR33939694.41850/1 108 1283 1299 -edge_2_0_+disjointig_2_0_44285 24362 25565 44285 -1 -1 942 0.0222451
Chain
	Aln	2	-SRR33939694.41850/1 15 1190 1299 +edge_2_0_+disjointig_2_0_44285 18719 19922 44285 -1 -1 942 0.0222451
Chain
	Aln	2	+SRR33939694.41771/1 111 2148 2164 +edge_2_0_+disjointig_2_0_44285 11422 13477 44285 -1 -1 1529 0.032293
Chain
	Aln	3	-SRR33939694.41771/1 15 2052 2164 -edge_2_0_+disjointig_2_0_44285 30807 32862 44285 -1 -1 1529 0.032293
Chain
	Aln	3	+SRR33939694.41709/1 117 2466 2472 -edge_2_0_+disjointig_2_0_44285 4070 6431 44285 -1 -1 2088 0.0137719
Chain
	Aln	2	-SRR33939694.41709/1 5 2354 2472 +edge_2_0_+disjointig_2_0_44285 37853 40214 44285 -1 -1 2088 0.0137719
Chain
	Aln	3	+SRR33939694.41684/1 119 4401 4448 -edge_2_0_+disjointig_2_0_44285 39930 44252 44285 -1 -1 3284 0.0295461
Chain
	Aln	2	-SRR33939694.41684/1 46 4328 4448 +edge_2_0_+disjointig_2_0_44285 32 4354 44285 -1 -1 3284 0.0295461
Chain
	Aln	2	+SRR33939694.41855/1 148 1167 1221 +edge_2_0_+disjointig_2_0_44285 38165 39177 44285 -1 -1 787 0.0232054
Chain
	Aln	3	-SRR33939694.41855/1 53 1072 1221 -edge_2_0_+disjointig_2_0_44285 5107 6119 44285 -1 -1 787 0.0232054
Chain
	Aln	3	+SRR33939694.42000/1 137 1173 1179 -edge_2_0_+disjointig_2_0_44285 770 1805 44285 -1 -1 969 0.0100262
Chain
	Aln	2	-SRR33939694.42000/1 5 1041 1179 +edge_2_0_+disjointig_2_0_44285 42479 43514 44285 -1 -1 969 0.0100262
Chain
	Aln	2	+SRR33939694.41377/1 118 7958 7970 +edge_2_0_+disjointig_2_0_44285 36401 44272 44285 -1 -1 6041 0.0266896
Chain
	Aln	3	-SRR33939694.41377/1 11 7851 7970 -edge_2_0_+disjointig_2_0_44285 12 7883 44285 -1 -1 6041 0.0266896
Chain
	Aln	3	+SRR33939694.41959/1 114 1580 1585 -edge_2_0_+disjointig_2_0_44285 31329 32789 44285 -1 -1 1236 0.0209066
Chain
	Aln	2	-SRR33939694.41959/1 4 1470 1585 +edge_2_0_+disjointig_2_0_44285 11495 12955 44285 -1 -1 1236 0.0209066
Chain
	Aln	2	+SRR33939694.42038/1 115 1167 1169 +edge_2_0_+disjointig_2_0_44285 38604 39659 44285 -1 -1 825 0.0281412
Chain
	Aln	3	-SRR33939694.42038/1 1 1053 1169 -edge_2_0_+disjointig_2_0_44285 4625 5680 44285 -1 -1 825 0.0281412
Chain
	Aln	3	+SRR33939694.42022/1 117 1467 1476 -edge_2_0_+disjointig_2_0_44285 10932 12295 44285 -1 -1 1059 0.0295904
Chain
	Aln	2	-SRR33939694.42022/1 8 1358 1476 +edge_2_0_+disjointig_2_0_44285 31989 33352 44285 -1 -1 1059 0.0295904
Chain
	Aln	3	+SRR33939694.41942/1 149 2183 2187 -edge_2_0_+disjointig_2_0_44285 20068 22105 44285 -1 -1 1576 0.0268162
Chain
	Aln	2	-SRR33939694.41942/1 3 2037 2187 +edge_2_0_+disjointig_2_0_44285 22179 24216 44285 -1 -1 1576 0.0268162
Chain
	Aln	2	+SRR33939694.42058/1 115 1133 1165 +edge_2_0_+disjointig_2_0_44285 9713 10726 44285 -1 -1 905 0.0148241
Chain
	Aln	3	-SRR33939694.42058/1 31 1049 1165 -edge_2_0_+disjointig_2_0_44285 33558 34571 44285 -1 -1 905 0.0148241
Chain
	Aln	1	+SRR33939694.42102/1 354 2069 2075 -edge_1_0_+disjointig_1_0_47382 41516 43229 47382 -1 -1 1267 0.0340359
Chain
	Aln	0	-SRR33939694.42102/1 5 1720 2075 +edge_1_0_+disjointig_1_0_47382 4152 5865 47382 -1 -1 1267 0.0340359
Chain
	Aln	3	+SRR33939694.42145/1 127 1204 1216 -edge_2_0_+disjointig_2_0_44285 6959 8040 44285 -1 -1 935 0.0167446
Chain
	Aln	2	-SRR33939694.42145/1 11 1088 1216 +edge_2_0_+disjointig_2_0_44285 36244 37325 44285 -1 -1 935 0.0167446
Chain
	Aln	2	+SRR33939694.42144/1 111 1140 1142 +edge_2_0_+disjointig_2_0_44285 28489 29522 44285 -1 -1 899 0.024008
Chain
	Aln	3	-SRR33939694.42144/1 1 1030 1142 -edge_2_0_+disjointig_2_0_44285 14762 15795 44285 -1 -1 899 0.024008
Chain
	Aln	2	+SRR33939694.42163/1 122 1726 1752 +edge_2_0_+disjointig_2_0_44285 12355 13970 44285 -1 -1 1413 0.0131607
Chain
	Aln	3	-SRR33939694.42163/1 25 1629 1752 -edge_2_0_+disjointig_2_0_44285 30314 31929 44285 -1 -1 1413 0.0131607
Chain
	Aln	2	+SRR33939694.42217/1 134 1162 1199 +edge_2_0_+disjointig_2_0_44285 38098 39122 44285 -1 -1 908 0.015809
Chain
	Aln	3	-SRR33939694.42217/1 36 1064 1199 -edge_2_0_+disjointig_2_0_44285 5162 6186 44285 -1 -1 908 0.015809
Chain
	Aln	2	+SRR33939694.42300/1 123 1564 1568 +edge_2_0_+disjointig_2_0_44285 7807 9254 44285 -1 -1 1327 0.0116587
Chain
	Aln	3	-SRR33939694.42300/1 3 1444 1568 -edge_2_0_+disjointig_2_0_44285 35030 36477 44285 -1 -1 1327 0.0116587
Chain
	Aln	2	+SRR33939694.42307/1 158 1797 1808 +edge_2_0_+disjointig_2_0_44285 28166 29816 44285 -1 -1 1002 0.0506218
Chain
	Aln	3	-SRR33939694.42307/1 10 1649 1808 -edge_2_0_+disjointig_2_0_44285 14468 16118 44285 -1 -1 1002 0.0506218
Chain
	Aln	2	+SRR33939694.42391/1 116 1348 1427 +edge_2_0_+disjointig_2_0_44285 37180 38423 44285 -1 -1 912 0.0308042
Chain
	Aln	3	-SRR33939694.42391/1 78 1310 1427 -edge_2_0_+disjointig_2_0_44285 5861 7104 44285 -1 -1 912 0.0308042
Chain
	Aln	2	+SRR33939694.42322/1 126 2105 2119 +edge_2_0_+disjointig_2_0_44285 33840 35807 44285 -1 -1 1365 0.0328646
Chain
	Aln	3	-SRR33939694.42322/1 13 1992 2119 -edge_2_0_+disjointig_2_0_44285 8477 10444 44285 -1 -1 1365 0.0328646
Chain
	Aln	3	+SRR33939694.42450/1 133 1177 1180 -edge_2_0_+disjointig_2_0_44285 39057 40102 44285 -1 -1 737 0.032207
Chain
	Aln	2	-SRR33939694.42450/1 2 1046 1180 +edge_2_0_+disjointig_2_0_44285 4182 5227 44285 -1 -1 737 0.032207
Chain
	Aln	3	+SRR33939694.42464/1 124 1173 1184 -edge_2_0_+disjointig_2_0_44285 3598 4668 44285 -1 -1 814 0.0320149
Chain
	Aln	2	-SRR33939694.42464/1 10 1059 1184 +edge_2_0_+disjointig_2_0_44285 39616 40686 44285 -1 -1 814 0.0320149
Chain
	Aln	2	+SRR33939694.42485/1 121 1139 1146 +edge_2_0_+disjointig_2_0_44285 20576 21590 44285 -1 -1 805 0.0296073
Chain
	Aln	3	-SRR33939694.42485/1 6 1024 1146 -edge_2_0_+disjointig_2_0_44285 22694 23708 44285 -1 -1 805 0.0296073
Chain
	Aln	3	+SRR33939694.42491/1 130 1331 1350 -edge_2_0_+disjointig_2_0_44285 35282 36469 44285 -1 -1 966 0.0233356
Chain
	Aln	2	-SRR33939694.42491/1 18 1219 1350 +edge_2_0_+disjointig_2_0_44285 7815 9002 44285 -1 -1 966 0.0233356
Chain
	Aln	2	+SRR33939694.42562/1 156 1156 1180 +edge_2_0_+disjointig_2_0_44285 24135 25143 44285 -1 -1 787 0.0306237
Chain
	Aln	3	-SRR33939694.42562/1 23 1023 1180 -edge_2_0_+disjointig_2_0_44285 19141 20149 44285 -1 -1 787 0.0306237
Chain
	Aln	3	+SRR33939694.42550/1 162 1189 1192 -edge_2_0_+disjointig_2_0_44285 16030 17062 44285 -1 -1 566 0.0564009
Chain
	Aln	2	-SRR33939694.42550/1 2 1029 1192 +edge_2_0_+disjointig_2_0_44285 27222 28254 44285 -1 -1 566 0.0564009
Chain
	Aln	2	+SRR33939694.42602/1 155 1456 1467 +edge_2_0_+disjointig_2_0_44285 5296 6597 44285 -1 -1 937 0.0380491
Chain
	Aln	3	-SRR33939694.42602/1 10 1311 1467 -edge_2_0_+disjointig_2_0_44285 37687 38988 44285 -1 -1 937 0.0380491
Chain
	Aln	0	+SRR33939694.42639/1 222 1960 1983 +edge_1_0_+disjointig_1_0_47382 1821 3583 47382 -1 -1 1163 0.0401668
Chain
	Aln	1	-SRR33939694.42639/1 22 1760 1983 -edge_1_0_+disjointig_1_0_47382 43798 45560 47382 -1 -1 1163 0.0401668
Chain
	Aln	3	+SRR33939694.42669/1 117 1205 1214 -edge_2_0_+disjointig_2_0_44285 18187 19278 44285 -1 -1 939 0.0145678
Chain
	Aln	2	-SRR33939694.42669/1 8 1096 1214 +edge_2_0_+disjointig_2_0_44285 25006 26097 44285 -1 -1 939 0.0145678
Chain
	Aln	3	+SRR33939694.42690/1 103 1147 1149 -edge_2_0_+disjointig_2_0_44285 7983 9035 44285 -1 -1 906 0.0163496
Chain
	Aln	2	-SRR33939694.42690/1 1 1045 1149 +edge_2_0_+disjointig_2_0_44285 35249 36301 44285 -1 -1 906 0.0163496
Chain
	Aln	3	+SRR33939694.42683/1 116 1521 1526 -edge_2_0_+disjointig_2_0_44285 28959 30346 44285 -1 -1 876 0.0411667
Chain
	Aln	2	-SRR33939694.42683/1 4 1409 1526 +edge_2_0_+disjointig_2_0_44285 13938 15325 44285 -1 -1 876 0.0411667
Chain
	Aln	2	+SRR33939694.42675/1 97 1411 1424 +edge_2_0_+disjointig_2_0_44285 30166 31497 44285 -1 -1 773 0.0491737
Chain
	Aln	3	-SRR33939694.42675/1 12 1326 1424 -edge_2_0_+disjointig_2_0_44285 12787 14118 44285 -1 -1 773 0.0491737
Chain
	Aln	3	+SRR33939694.42791/1 123 1125 1134 -edge_2_0_+disjointig_2_0_44285 24024 25031 44285 -1 -1 754 0.0300281
Chain
	Aln	2	-SRR33939694.42791/1 8 1010 1134 +edge_2_0_+disjointig_2_0_44285 19253 20260 44285 -1 -1 754 0.0300281
Chain
	Aln	2	+SRR33939694.42784/1 127 1228 1235 +edge_2_0_+disjointig_2_0_44285 38040 39144 44285 -1 -1 890 0.0238284
Chain
	Aln	3	-SRR33939694.42784/1 6 1107 1235 -edge_2_0_+disjointig_2_0_44285 5140 6244 44285 -1 -1 890 0.0238284
Chain
	Aln	2	+SRR33939694.42819/1 125 1373 1377 +edge_2_0_+disjointig_2_0_44285 26828 28086 44285 -1 -1 1053 0.0207119
Chain
	Aln	3	-SRR33939694.42819/1 3 1251 1377 -edge_2_0_+disjointig_2_0_44285 16198 17456 44285 -1 -1 1053 0.0207119
Chain
	Aln	2	+SRR33939694.42745/1 130 1280 1285 +edge_2_0_+disjointig_2_0_44285 1099 2253 44285 -1 -1 738 0.0396699
Chain
	Aln	3	-SRR33939694.42745/1 4 1154 1285 -edge_2_0_+disjointig_2_0_44285 42031 43185 44285 -1 -1 738 0.0396699
Chain
	Aln	2	+SRR33939694.42816/1 126 1346 1375 +edge_2_0_+disjointig_2_0_44285 7752 8976 44285 -1 -1 1058 0.0152125
Chain
	Aln	3	-SRR33939694.42816/1 28 1248 1375 -edge_2_0_+disjointig_2_0_44285 35308 36532 44285 -1 -1 1058 0.0152125
Chain
	Aln	3	+SRR33939694.42529/1 117 6035 6083 -edge_2_0_+disjointig_2_0_44285 19349 25334 44285 -1 -1 4916 0.0232996
Chain
	Aln	2	-SRR33939694.42529/1 47 5965 6083 +edge_2_0_+disjointig_2_0_44285 18950 24935 44285 -1 -1 4916 0.0232996
Chain
	Aln	2	+SRR33939694.42822/1 120 1350 1352 +edge_2_0_+disjointig_2_0_44285 19030 20272 44285 -1 -1 1052 0.0171063
Chain
	Aln	3	-SRR33939694.42822/1 1 1231 1352 -edge_2_0_+disjointig_2_0_44285 24012 25254 44285 -1 -1 1052 0.0171063
Chain
	Aln	3	+SRR33939694.42876/1 148 1154 1163 -edge_2_0_+disjointig_2_0_44285 16517 17536 44285 -1 -1 783 0.0270959
Chain
	Aln	2	-SRR33939694.42876/1 8 1014 1163 +edge_2_0_+disjointig_2_0_44285 26748 27767 44285 -1 -1 783 0.0270959
Chain
	Aln	2	+SRR33939694.42830/1 153 1499 1515 +edge_2_0_+disjointig_2_0_44285 3258 4584 44285 -1 -1 879 0.0444817
Chain
	Aln	3	-SRR33939694.42830/1 15 1361 1515 -edge_2_0_+disjointig_2_0_44285 39700 41026 44285 -1 -1 879 0.0444817
Chain
	Aln	3	+SRR33939694.42915/1 120 1276 1285 -edge_2_0_+disjointig_2_0_44285 4860 6018 44285 -1 -1 970 0.0184544
Chain
	Aln	2	-SRR33939694.42915/1 8 1164 1285 +edge_2_0_+disjointig_2_0_44285 38266 39424 44285 -1 -1 970 0.0184544
Chain
	Aln	3	+SRR33939694.42943/1 147 1417 1439 -edge_2_0_+disjointig_2_0_44285 19017 20309 44285 -1 -1 1099 0.0222806
Chain
	Aln	2	-SRR33939694.42943/1 21 1291 1439 +edge_2_0_+disjointig_2_0_44285 23975 25267 44285 -1 -1 1099 0.0222806
Chain
	Aln	2	+SRR33939694.42972/1 110 1315 1339 +edge_2_0_+disjointig_2_0_44285 21748 22952 44285 -1 -1 1035 0.0136122
Chain
	Aln	3	-SRR33939694.42972/1 23 1228 1339 -edge_2_0_+disjointig_2_0_44285 21332 22536 44285 -1 -1 1035 0.0136122
Chain
	Aln	2	+SRR33939694.43024/1 121 1194 1198 +edge_2_0_+disjointig_2_0_44285 18906 19978 44285 -1 -1 991 0.0095561
Chain
	Aln	3	-SRR33939694.43024/1 3 1076 1198 -edge_2_0_+disjointig_2_0_44285 24306 25378 44285 -1 -1 991 0.0095561
Chain
	Aln	3	+SRR33939694.42921/1 584 3021 3030 -edge_2_0_+disjointig_2_0_44285 23622 26056 44285 -1 -1 1969 0.0201281
Chain
	Aln	2	-SRR33939694.42921/1 8 2445 3030 +edge_2_0_+disjointig_2_0_44285 18228 20662 44285 -1 -1 1969 0.0201281
Chain
	Aln	3	+SRR33939694.43114/1 118 1168 1183 -edge_2_0_+disjointig_2_0_44285 33278 34338 44285 -1 -1 778 0.0309443
Chain
	Aln	2	-SRR33939694.43114/1 14 1064 1183 +edge_2_0_+disjointig_2_0_44285 9946 11006 44285 -1 -1 778 0.0309443
Chain
	Aln	0	+SRR33939694.42907/1 238 3613 3634 +edge_1_0_+disjointig_1_0_47382 19528 22937 47382 -1 -1 2361 0.035207
Chain
	Aln	1	-SRR33939694.42907/1 20 3395 3634 -edge_1_0_+disjointig_1_0_47382 24444 27853 47382 -1 -1 2361 0.035207
Chain
	Aln	3	+SRR33939694.43155/1 120 1515 1524 -edge_2_0_+disjointig_2_0_44285 18926 20326 44285 -1 -1 1045 0.035646
Chain
	Aln	2	-SRR33939694.43155/1 8 1403 1524 +edge_2_0_+disjointig_2_0_44285 23958 25358 44285 -1 -1 1045 0.035646
Chain
	Aln	2	+SRR33939694.43208/1 132 1487 1492 +edge_2_0_+disjointig_2_0_44285 18465 19836 44285 -1 -1 1119 0.0232682
Chain
	Aln	3	-SRR33939694.43208/1 4 1359 1492 -edge_2_0_+disjointig_2_0_44285 24448 25819 44285 -1 -1 1119 0.0232682
Chain
	Aln	3	+SRR33939694.43255/1 93 1178 1211 -edge_2_0_+disjointig_2_0_44285 7001 8093 44285 -1 -1 617 0.0622287
Chain
	Aln	2	-SRR33939694.43255/1 32 1117 1211 +edge_2_0_+disjointig_2_0_44285 36191 37283 44285 -1 -1 617 0.0622287
Chain
	Aln	0	+SRR33939694.43142/1 457 1727 1734 +edge_1_0_+disjointig_1_0_47382 20205 21474 47382 -1 -1 1048 0.0250424
Chain
	Aln	1	-SRR33939694.43142/1 6 1276 1734 -edge_1_0_+disjointig_1_0_47382 25907 27176 47382 -1 -1 1048 0.0250424
Chain
	Aln	2	+SRR33939694.43336/1 128 1886 1891 +edge_2_0_+disjointig_2_0_44285 11652 13400 44285 -1 -1 1506 0.0166684
Chain
	Aln	3	-SRR33939694.43336/1 4 1762 1891 -edge_2_0_+disjointig_2_0_44285 30884 32632 44285 -1 -1 1506 0.0166684
Chain
	Aln	3	+SRR33939694.43088/1 123 4416 4435 -edge_2_0_+disjointig_2_0_44285 6583 10893 44285 -1 -1 3221 0.0306315
Chain
	Aln	2	-SRR33939694.43088/1 18 4311 4435 +edge_2_0_+disjointig_2_0_44285 33391 37701 44285 -1 -1 3221 0.0306315
Chain
	Aln	3	+SRR33939694.43392/1 113 1460 1463 -edge_2_0_+disjointig_2_0_44285 32811 34145 44285 -1 -1 892 0.040093
Chain
	Aln	2	-SRR33939694.43392/1 2 1349 1463 +edge_2_0_+disjointig_2_0_44285 10139 11473 44285 -1 -1 892 0.040093
Chain
	Aln	3	+SRR33939694.43373/1 148 1651 1671 -edge_2_0_+disjointig_2_0_44285 4179 5700 44285 -1 -1 1185 0.0259746
Chain
	Aln	2	-SRR33939694.43373/1 19 1522 1671 +edge_2_0_+disjointig_2_0_44285 38584 40105 44285 -1 -1 1185 0.0259746
Chain
	Aln	3	+SRR33939694.43494/1 126 1201 1212 -edge_2_0_+disjointig_2_0_44285 17393 18493 44285 -1 -1 801 0.039092
Chain
	Aln	2	-SRR33939694.43494/1 10 1085 1212 +edge_2_0_+disjointig_2_0_44285 25791 26891 44285 -1 -1 801 0.039092
Chain
	Aln	2	+SRR33939694.43509/1 136 1203 1208 +edge_2_0_+disjointig_2_0_44285 26038 27104 44285 -1 -1 722 0.0402274
Chain
	Aln	3	-SRR33939694.43509/1 4 1071 1208 -edge_2_0_+disjointig_2_0_44285 17180 18246 44285 -1 -1 722 0.0402274
Chain
	Aln	2	+SRR33939694.43528/1 127 1128 1134 +edge_2_0_+disjointig_2_0_44285 25164 26162 44285 -1 -1 883 0.0138335
Chain
	Aln	3	-SRR33939694.43528/1 5 1006 1134 -edge_2_0_+disjointig_2_0_44285 18122 19120 44285 -1 -1 883 0.0138335
Chain
	Aln	3	+SRR33939694.43449/1 121 2028 2033 -edge_2_0_+disjointig_2_0_44285 8211 10121 44285 -1 -1 1599 0.0203385
Chain
	Aln	2	-SRR33939694.43449/1 4 1911 2033 +edge_2_0_+disjointig_2_0_44285 34163 36073 44285 -1 -1 1599 0.0203385
Chain
	Aln	3	+SRR33939694.43612/1 120 1195 1203 -edge_2_0_+disjointig_2_0_44285 14221 15300 44285 -1 -1 816 0.0351698
Chain
	Aln	2	-SRR33939694.43612/1 7 1082 1203 +edge_2_0_+disjointig_2_0_44285 28984 30063 44285 -1 -1 816 0.0351698
Chain
	Aln	2	+SRR33939694.43603/1 124 1309 1326 +edge_2_0_+disjointig_2_0_44285 16167 17341 44285 -1 -1 822 0.0429021
Chain
	Aln	3	-SRR33939694.43603/1 16 1201 1326 -edge_2_0_+disjointig_2_0_44285 26943 28117 44285 -1 -1 822 0.0429021
Chain
	Aln	3	+SRR33939694.43361/1 116 4323 4334 -edge_2_0_+disjointig_2_0_44285 37574 41804 44285 -1 -1 3555 0.0176793
Chain
	Aln	2	-SRR33939694.43361/1 10 4217 4334 +edge_2_0_+disjointig_2_0_44285 2480 6710 44285 -1 -1 3555 0.0176793
Chain
	Aln	2	+SRR33939694.43686/1 115 1161 1205 +edge_2_0_+disjointig_2_0_44285 12788 13842 44285 -1 -1 883 0.0202306
Chain
	Aln	3	-SRR33939694.43686/1 43 1089 1205 -edge_2_0_+disjointig_2_0_44285 30442 31496 44285 -1 -1 883 0.0202306
Chain
	Aln	3	+SRR33939694.43892/1 129 1202 1213 -edge_2_0_+disjointig_2_0_44285 21992 23062 44285 -1 -1 961 0.0106289
Chain
	Aln	2	-SRR33939694.43892/1 10 1083 1213 +edge_2_0_+disjointig_2_0_44285 21222 22292 44285 -1 -1 961 0.0106289
Chain
	Aln	3	+SRR33939694.43763/1 124 1157 1195 -edge_2_0_+disjointig_2_0_44285 34291 35328 44285 -1 -1 662 0.0442164
Chain
	Aln	2	-SRR33939694.43763/1 37 1070 1195 +edge_2_0_+disjointig_2_0_44285 8956 9993 44285 -1 -1 662 0.0442164
Chain
	Aln	2	+SRR33939694.43907/1 125 1798 1807 +edge_2_0_+disjointig_2_0_44285 23868 25570 44285 -1 -1 1298 0.0300024
Chain
	Aln	3	-SRR33939694.43907/1 8 1681 1807 -edge_2_0_+disjointig_2_0_44285 18714 20416 44285 -1 -1 1298 0.0300024
Chain
	Aln	3	+SRR33939694.43972/1 115 1191 1195 -edge_2_0_+disjointig_2_0_44285 13644 14725 44285 -1 -1 872 0.0208598
Chain
	Aln	2	-SRR33939694.43972/1 3 1079 1195 +edge_2_0_+disjointig_2_0_44285 29559 30640 44285 -1 -1 872 0.0208598
Chain
	Aln	1	+SRR33939694.43660/1 433 3100 3107 -edge_1_0_+disjointig_1_0_47382 279 2948 47382 -1 -1 2110 0.024002
Chain
	Aln	0	-SRR33939694.43660/1 6 2673 3107 +edge_1_0_+disjointig_1_0_47382 44433 47102 47382 -1 -1 2110 0.024002
Chain
	Aln	0	+SRR33939694.43974/1 382 1695 1700 +edge_1_0_+disjointig_1_0_47382 8272 9602 47382 -1 -1 1078 0.0221867
Chain
	Aln	1	-SRR33939694.43974/1 4 1317 1700 -edge_1_0_+disjointig_1_0_47382 37779 39109 47382 -1 -1 1078 0.0221867
Chain
	Aln	3	+SRR33939694.43985/1 117 1283 1305 -edge_2_0_+disjointig_2_0_44285 43113 44278 44285 -1 -1 1071 0.00968267
Chain
	Aln	2	-SRR33939694.43985/1 21 1187 1305 +edge_2_0_+disjointig_2_0_44285 6 1171 44285 -1 -1 1071 0.00968267
Chain
	Aln	3	+SRR33939694.43987/1 110 1481 1547 -edge_2_0_+disjointig_2_0_44285 11573 12944 44285 -1 -1 1018 0.0315245
Chain
	Aln	2	-SRR33939694.43987/1 65 1436 1547 +edge_2_0_+disjointig_2_0_44285 31340 32711 44285 -1 -1 1018 0.0315245
Chain
	Aln	3	+SRR33939694.44003/1 135 1485 1507 -edge_2_0_+disjointig_2_0_44285 38467 39852 44285 -1 -1 987 0.0317206
Chain
	Aln	2	-SRR33939694.44003/1 21 1371 1507 +edge_2_0_+disjointig_2_0_44285 4432 5817 44285 -1 -1 987 0.0317206
Chain
	Aln	3	+SRR33939694.44046/1 128 1233 1247 -edge_2_0_+disjointig_2_0_44285 34104 35199 44285 -1 -1 910 0.0261186
Chain
	Aln	2	-SRR33939694.44046/1 13 1118 1247 +edge_2_0_+disjointig_2_0_44285 9085 10180 44285 -1 -1 910 0.0261186
Chain
	Aln	2	+SRR33939694.44025/1 124 1181 1186 +edge_2_0_+disjointig_2_0_44285 15961 17008 44285 -1 -1 896 0.0208319
Chain
	Aln	3	-SRR33939694.44025/1 4 1061 1186 -edge_2_0_+disjointig_2_0_44285 27276 28323 44285 -1 -1 896 0.0208319
Chain
	Aln	2	+SRR33939694.44049/1 131 1458 1464 +edge_2_0_+disjointig_2_0_44285 32961 34294 44285 -1 -1 1250 0.0131504
Chain
	Aln	3	-SRR33939694.44049/1 5 1332 1464 -edge_2_0_+disjointig_2_0_44285 9990 11323 44285 -1 -1 1250 0.0131504
Chain
	Aln	2	+SRR33939694.44051/1 134 1944 1953 +edge_2_0_+disjointig_2_0_44285 32526 34346 44285 -1 -1 1475 0.0256967
Chain
	Aln	3	-SRR33939694.44051/1 8 1818 1953 -edge_2_0_+disjointig_2_0_44285 9938 11758 44285 -1 -1 1475 0.0256967
Chain
	Aln	2	+SRR33939694.44142/1 160 1349 1374 +edge_2_0_+disjointig_2_0_44285 23931 25143 44285 -1 -1 955 0.0284471
Chain
	Aln	3	-SRR33939694.44142/1 24 1213 1374 -edge_2_0_+disjointig_2_0_44285 19141 20353 44285 -1 -1 955 0.0284471
Chain
	Aln	2	+SRR33939694.44161/1 97 1409 1415 +edge_2_0_+disjointig_2_0_44285 5706 7007 44285 -1 -1 960 0.0331106
Chain
	Aln	3	-SRR33939694.44161/1 5 1317 1415 -edge_2_0_+disjointig_2_0_44285 37277 38578 44285 -1 -1 960 0.0331106
Chain
	Aln	2	+SRR33939694.44246/1 145 1160 1171 +edge_2_0_+disjointig_2_0_44285 17740 18760 44285 -1 -1 848 0.016178
Chain
	Aln	3	-SRR33939694.44246/1 10 1025 1171 -edge_2_0_+disjointig_2_0_44285 25524 26544 44285 -1 -1 848 0.016178
Chain
	Aln	3	+SRR33939694.43931/1 117 5466 5502 -edge_2_0_+disjointig_2_0_44285 38899 44264 44285 -1 -1 4350 0.0227708
Chain
	Aln	2	-SRR33939694.43931/1 35 5384 5502 +edge_2_0_+disjointig_2_0_44285 20 5385 44285 -1 -1 4350 0.0227708
Chain
	Aln	3	+SRR33939694.44305/1 153 1291 1303 -edge_2_0_+disjointig_2_0_44285 17954 19093 44285 -1 -1 1050 0.00543451
Chain
	Aln	2	-SRR33939694.44305/1 11 1149 1303 +edge_2_0_+disjointig_2_0_44285 25191 26330 44285 -1 -1 1050 0.00543451
Chain
	Aln	3	+SRR33939694.44397/1 142 1311 1315 -edge_2_0_+disjointig_2_0_44285 19085 20247 44285 -1 -1 710 0.0499572
Chain
	Aln	2	-SRR33939694.44397/1 3 1172 1315 +edge_2_0_+disjointig_2_0_44285 24037 25199 44285 -1 -1 710 0.0499572
Chain
	Aln	3	+SRR33939694.44396/1 122 1139 1146 -edge_2_0_+disjointig_2_0_44285 29006 30040 44285 -1 -1 800 0.0279555
Chain
	Aln	2	-SRR33939694.44396/1 6 1023 1146 +edge_2_0_+disjointig_2_0_44285 14244 15278 44285 -1 -1 800 0.0279555
Chain
	Aln	3	+SRR33939694.44479/1 116 1119 1121 -edge_2_0_+disjointig_2_0_44285 32204 33203 44285 -1 -1 772 0.026165
Chain
	Aln	2	-SRR33939694.44479/1 1 1004 1121 +edge_2_0_+disjointig_2_0_44285 11081 12080 44285 -1 -1 772 0.026165
Chain
	Aln	3	+SRR33939694.44488/1 127 1425 1429 -edge_2_0_+disjointig_2_0_44285 31985 33274 44285 -1 -1 1116 0.0150189
Chain
	Aln	2	-SRR33939694.44488/1 3 1301 1429 +edge_2_0_+disjointig_2_0_44285 11010 12299 44285 -1 -1 1116 0.0150189
Chain
	Aln	2	+SRR33939694.44447/1 119 2353 2363 +edge_2_0_+disjointig_2_0_44285 4648 6894 44285 -1 -1 1611 0.0335715
Chain
	Aln	3	-SRR33939694.44447/1 9 2243 2363 -edge_2_0_+disjointig_2_0_44285 37390 39636 44285 -1 -1 1611 0.0335715
Chain
	Aln	3	+SRR33939694.44460/1 116 1656 1669 -edge_2_0_+disjointig_2_0_44285 23177 24707 44285 -1 -1 1062 0.0277047
Chain
	Aln	2	-SRR33939694.44460/1 12 1552 1669 +edge_2_0_+disjointig_2_0_44285 19577 21107 44285 -1 -1 1062 0.0277047
Chain
	Aln	2	+SRR33939694.44537/1 136 1170 1181 +edge_2_0_+disjointig_2_0_44285 33467 34504 44285 -1 -1 783 0.031755
Chain
	Aln	3	-SRR33939694.44537/1 10 1044 1181 -edge_2_0_+disjointig_2_0_44285 9780 10817 44285 -1 -1 783 0.031755
Chain
	Aln	3	+SRR33939694.44519/1 430 1776 1802 -edge_2_0_+disjointig_2_0_44285 30836 32186 44285 -1 -1 1247 0.0126953
Chain
	Aln	2	-SRR33939694.44519/1 25 1371 1802 +edge_2_0_+disjointig_2_0_44285 12098 13448 44285 -1 -1 1247 0.0126953
Chain
	Aln	2	+SRR33939694.44598/1 117 1178 1196 +edge_2_0_+disjointig_2_0_44285 761 1817 44285 -1 -1 743 0.038122
Chain
	Aln	3	-SRR33939694.44598/1 17 1078 1196 -edge_2_0_+disjointig_2_0_44285 42467 43523 44285 -1 -1 743 0.038122
Chain
	Aln	2	+SRR33939694.44670/1 117 1887 1893 +edge_2_0_+disjointig_2_0_44285 25320 27090 44285 -1 -1 1519 0.0158607
Chain
	Aln	3	-SRR33939694.44670/1 5 1775 1893 -edge_2_0_+disjointig_2_0_44285 17194 18964 44285 -1 -1 1519 0.0158607
Chain
	Aln	3	+SRR33939694.44722/1 117 1290 1293 -edge_2_0_+disjointig_2_0_44285 33834 35005 44285 -1 -1 778 0.0434456
Chain
	Aln	2	-SRR33939694.44722/1 2 1175 1293 +edge_2_0_+disjointig_2_0_44285 9279 10450 44285 -1 -1 778 0.0434456
Chain
	Aln	2	+SRR33939694.44846/1 120 1251 1257 +edge_2_0_+disjointig_2_0_44285 40224 41366 44285 -1 -1 988 0.0150212
Chain
	Aln	3	-SRR33939694.44846/1 5 1136 1257 -edge_2_0_+disjointig_2_0_44285 2918 4060 44285 -1 -1 988 0.0150212
Chain
	Aln	2	+SRR33939694.44804/1 113 1302 1310 +edge_2_0_+disjointig_2_0_44285 39247 40431 44285 -1 -1 1057 0.0163076
Chain
	Aln	3	-SRR33939694.44804/1 7 1196 1310 -edge_2_0_+disjointig_2_0_44285 3853 5037 44285 -1 -1 1057 0.0163076
Chain
	Aln	2	+SRR33939694.44825/1 124 2237 2244 +edge_2_0_+disjointig_2_0_44285 14229 16350 44285 -1 -1 1908 0.0127105
Chain
	Aln	3	-SRR33939694.44825/1 6 2119 2244 -edge_2_0_+disjointig_2_0_44285 27934 30055 44285 -1 -1 1908 0.0127105
Chain
	Aln	2	+SRR33939694.44899/1 125 1314 1373 +edge_2_0_+disjointig_2_0_44285 12924 14128 44285 -1 -1 984 0.0219031
Chain
	Aln	3	-SRR33939694.44899/1 58 1247 1373 -edge_2_0_+disjointig_2_0_44285 30156 31360 44285 -1 -1 984 0.0219031
Chain
	Aln	2	+SRR33939694.44950/1 134 1474 1478 +edge_2_0_+disjointig_2_0_44285 27325 28667 44285 -1 -1 1044 0.025994
Chain
	Aln	3	-SRR33939694.44950/1 3 1343 1478 -edge_2_0_+disjointig_2_0_44285 15617 16959 44285 -1 -1 1044 0.025994
Chain
	Aln	0	+SRR33939694.44961/1 268 1680 1689 +edge_1_0_+disjointig_1_0_47382 2896 4309 47382 -1 -1 1082 0.0279132
Chain
	Aln	1	-SRR33939694.44961/1 8 1420 1689 -edge_1_0_+disjointig_1_0_47382 43072 44485 47382 -1 -1 1082 0.0279132
Chain
	Aln	2	+SRR33939694.45058/1 151 1343 1378 +edge_2_0_+disjointig_2_0_44285 11299 12490 44285 -1 -1 998 0.0190218
Chain
	Aln	3	-SRR33939694.45058/1 34 1226 1378 -edge_2_0_+disjointig_2_0_44285 31794 32985 44285 -1 -1 998 0.0190218
Chain
	Aln	0	+SRR33939694.45003/1 365 2192 2202 +edge_1_0_+disjointig_1_0_47382 4504 6339 47382 -1 -1 1649 0.0118562
Chain
	Aln	1	-SRR33939694.45003/1 9 1836 2202 -edge_1_0_+disjointig_1_0_47382 41042 42877 47382 -1 -1 1649 0.0118562
Chain
	Aln	2	+SRR33939694.45064/1 118 1167 1171 +edge_2_0_+disjointig_2_0_44285 35175 36230 44285 -1 -1 871 0.0169242
Chain
	Aln	3	-SRR33939694.45064/1 3 1052 1171 -edge_2_0_+disjointig_2_0_44285 8054 9109 44285 -1 -1 871 0.0169242
Chain
	Aln	3	+SRR33939694.44880/1 124 4435 4474 -edge_2_0_+disjointig_2_0_44285 25647 29984 44285 -1 -1 3549 0.0255763
Chain
	Aln	2	-SRR33939694.44880/1 38 4349 4474 +edge_2_0_+disjointig_2_0_44285 14300 18637 44285 -1 -1 3549 0.0255763
Chain
	Aln	3	+SRR33939694.45079/1 114 2011 2015 -edge_2_0_+disjointig_2_0_44285 16168 18077 44285 -1 -1 1749 0.0116514
Chain
	Aln	2	-SRR33939694.45079/1 3 1900 2015 +edge_2_0_+disjointig_2_0_44285 26207 28116 44285 -1 -1 1749 0.0116514
Chain
	Aln	3	+SRR33939694.45108/1 119 1182 1190 -edge_2_0_+disjointig_2_0_44285 37229 38296 44285 -1 -1 942 0.0147973
Chain
	Aln	2	-SRR33939694.45108/1 7 1070 1190 +edge_2_0_+disjointig_2_0_44285 5988 7055 44285 -1 -1 942 0.0147973
Chain
	Aln	3	+SRR33939694.45124/1 125 1159 1175 -edge_2_0_+disjointig_2_0_44285 34170 35199 44285 -1 -1 744 0.0366057
Chain
	Aln	2	-SRR33939694.45124/1 15 1049 1175 +edge_2_0_+disjointig_2_0_44285 9085 10114 44285 -1 -1 744 0.0366057
Chain
	Aln	3	+SRR33939694.45121/1 119 1467 1474 -edge_2_0_+disjointig_2_0_44285 20991 22342 44285 -1 -1 1128 0.0190026
Chain
	Aln	2	-SRR33939694.45121/1 6 1354 1474 +edge_2_0_+disjointig_2_0_44285 21942 23293 44285 -1 -1 1128 0.0190026
Chain
	Aln	3	+SRR33939694.45145/1 125 1493 1523 -edge_2_0_+disjointig_2_0_44285 25889 27254 44285 -1 -1 1151 0.0249166
Chain
	Aln	2	-SRR33939694.45145/1 29 1397 1523 +edge_2_0_+disjointig_2_0_44285 17030 18395 44285 -1 -1 1151 0.0249166
Chain
	Aln	2	+SRR33939694.45247/1 138 1246 1259 +edge_2_0_+disjointig_2_0_44285 19199 20305 44285 -1 -1 892 0.0177996
Chain
	Aln	3	-SRR33939694.45247/1 12 1120 1259 -edge_2_0_+disjointig_2_0_44285 23979 25085 44285 -1 -1 892 0.0177996
Chain
	Aln	2	+SRR33939694.45179/1 147 1627 1694 +edge_2_0_+disjointig_2_0_44285 36436 37920 44285 -1 -1 1256 0.0200723
Chain
	Aln	3	-SRR33939694.45179/1 66 1546 1694 -edge_2_0_+disjointig_2_0_44285 6364 7848 44285 -1 -1 1256 0.0200723
Chain
	Aln	2	+SRR33939694.45252/1 120 1362 1372 +edge_2_0_+disjointig_2_0_44285 40136 41381 44285 -1 -1 813 0.0383785
Chain
	Aln	3	-SRR33939694.45252/1 9 1251 1372 -edge_2_0_+disjointig_2_0_44285 2903 4148 44285 -1 -1 813 0.0383785
Chain
	Aln	2	+SRR33939694.45273/1 114 1177 1194 +edge_2_0_+disjointig_2_0_44285 24440 25501 44285 -1 -1 974 0.0141881
Chain
	Aln	3	-SRR33939694.45273/1 16 1079 1194 -edge_2_0_+disjointig_2_0_44285 18783 19844 44285 -1 -1 974 0.0141881
Chain
	Aln	2	+SRR33939694.45262/1 143 1273 1300 +edge_2_0_+disjointig_2_0_44285 9076 10201 44285 -1 -1 978 0.0205569
Chain
	Aln	3	-SRR33939694.45262/1 26 1156 1300 -edge_2_0_+disjointig_2_0_44285 34083 35208 44285 -1 -1 978 0.0205569
Chain
	Aln	2	+SRR33939694.45183/1 144 1937 1939 +edge_2_0_+disjointig_2_0_44285 3062 4841 44285 -1 -1 1427 0.0229242
Chain
	Aln	3	-SRR33939694.45183/1 1 1794 1939 -edge_2_0_+disjointig_2_0_44285 39443 41222 44285 -1 -1 1427 0.0229242
Chain
	Aln	3	+SRR33939694.45301/1 182 1845 1863 -edge_2_0_+disjointig_2_0_44285 7346 8983 44285 -1 -1 1211 0.0356859
Chain
	Aln	2	-SRR33939694.45301/1 17 1680 1863 +edge_2_0_+disjointig_2_0_44285 35301 36938 44285 -1 -1 1211 0.0356859
Chain
	Aln	3	+SRR33939694.45366/1 119 1485 1493 -edge_2_0_+disjointig_2_0_44285 1491 2878 44285 -1 -1 1009 0.0275607
Chain
	Aln	2	-SRR33939694.45366/1 7 1373 1493 +edge_2_0_+disjointig_2_0_44285 41406 42793 44285 -1 -1 1009 0.0275607
Chain
	Aln	3	+SRR33939694.45364/1 150 1878 1883 -edge_2_0_+disjointig_2_0_44285 23415 25153 44285 -1 -1 1604 0.00759395
Chain
	Aln	2	-SRR33939694.45364/1 4 1732 1883 +edge_2_0_+disjointig_2_0_44285 19131 20869 44285 -1 -1 1604 0.00759395
Chain
	Aln	3	+SRR33939694.45407/1 140 1375 1385 -edge_2_0_+disjointig_2_0_44285 19104 20361 44285 -1 -1 1001 0.0256176
Chain
	Aln	2	-SRR33939694.45407/1 9 1244 1385 +edge_2_0_+disjointig_2_0_44285 23923 25180 44285 -1 -1 1001 0.0256176
Chain
	Aln	2	+SRR33939694.45543/1 158 1485 1487 +edge_2_0_+disjointig_2_0_44285 26922 28262 44285 -1 -1 985 0.0365562
Chain
	Aln	3	-SRR33939694.45543/1 1 1328 1487 -edge_2_0_+disjointig_2_0_44285 16022 17362 44285 -1 -1 985 0.0365562
Chain
	Aln	3	+SRR33939694.45568/1 140 1408 1424 -edge_2_0_+disjointig_2_0_44285 14172 15488 44285 -1 -1 999 0.0287145
Chain
	Aln	2	-SRR33939694.45568/1 15 1283 1424 +edge_2_0_+disjointig_2_0_44285 28796 30112 44285 -1 -1 999 0.0287145
Chain
	Aln	2	+SRR33939694.45562/1 130 1343 1364 +edge_2_0_+disjointig_2_0_44285 22273 23502 44285 -1 -1 953 0.0342277
Chain
	Aln	3	-SRR33939694.45562/1 20 1233 1364 -edge_2_0_+disjointig_2_0_44285 20782 22011 44285 -1 -1 953 0.0342277
Chain
	Aln	2	+SRR33939694.45606/1 111 1964 1987 +edge_2_0_+disjointig_2_0_44285 35461 37330 44285 -1 -1 1511 0.0215032
Chain
	Aln	3	-SRR33939694.45606/1 22 1875 1987 -edge_2_0_+disjointig_2_0_44285 6954 8823 44285 -1 -1 1511 0.0215032
Chain
	Aln	2	+SRR33939694.45647/1 119 1849 1856 +edge_2_0_+disjointig_2_0_44285 25618 27344 44285 -1 -1 1583 0.0124024
Chain
	Aln	3	-SRR33939694.45647/1 6 1736 1856 -edge_2_0_+disjointig_2_0_44285 16940 18666 44285 -1 -1 1583 0.0124024
Chain
	Aln	2	+SRR33939694.45709/1 122 1416 1423 +edge_2_0_+disjointig_2_0_44285 2351 3645 44285 -1 -1 840 0.0431961
Chain
	Aln	3	-SRR33939694.45709/1 6 1300 1423 -edge_2_0_+disjointig_2_0_44285 40639 41933 44285 -1 -1 840 0.0431961
Chain
	Aln	3	+SRR33939694.45724/1 146 1456 1460 -edge_2_0_+disjointig_2_0_44285 27583 28909 44285 -1 -1 1007 0.0268066
Chain
	Aln	2	-SRR33939694.45724/1 3 1313 1460 +edge_2_0_+disjointig_2_0_44285 15375 16701 44285 -1 -1 1007 0.0268066
Chain
	Aln	2	+SRR33939694.45737/1 126 1398 1406 +edge_2_0_+disjointig_2_0_44285 12098 13373 44285 -1 -1 1075 0.0197024
Chain
	Aln	3	-SRR33939694.45737/1 7 1279 1406 -edge_2_0_+disjointig_2_0_44285 30911 32186 44285 -1 -1 1075 0.0197024
Chain
	Aln	2	+SRR33939694.45777/1 129 1401 1426 +edge_2_0_+disjointig_2_0_44285 26664 27992 44285 -1 -1 960 0.026512
Chain
	Aln	3	-SRR33939694.45777/1 24 1296 1426 -edge_2_0_+disjointig_2_0_44285 16292 17620 44285 -1 -1 960 0.026512
Chain
	Aln	3	+SRR33939694.45905/1 126 1413 1420 -edge_2_0_+disjointig_2_0_44285 9592 10872 44285 -1 -1 1184 0.0104813
Chain
	Aln	2	-SRR33939694.45905/1 6 1293 1420 +edge_2_0_+disjointig_2_0_44285 33412 34692 44285 -1 -1 1184 0.0104813
Chain
	Aln	2	+SRR33939694.45898/1 152 1799 1818 +edge_2_0_+disjointig_2_0_44285 36593 38227 44285 -1 -1 1070 0.0403329
Chain
	Aln	3	-SRR33939694.45898/1 18 1665 1818 -edge_2_0_+disjointig_2_0_44285 6057 7691 44285 -1 -1 1070 0.0403329
Chain
	Aln	3	+SRR33939694.45948/1 134 1148 1160 -edge_2_0_+disjointig_2_0_44285 21107 22128 44285 -1 -1 774 0.0237932
Chain
	Aln	2	-SRR33939694.45948/1 11 1025 1160 +edge_2_0_+disjointig_2_0_44285 22156 23177 44285 -1 -1 774 0.0237932
Chain
	Aln	3	+SRR33939694.46131/1 120 1154 1162 -edge_2_0_+disjointig_2_0_44285 4625 5662 44285 -1 -1 891 0.0201456
Chain
	Aln	2	-SRR33939694.46131/1 7 1041 1162 +edge_2_0_+disjointig_2_0_44285 38622 39659 44285 -1 -1 891 0.0201456
Chain
	Aln	2	+SRR33939694.46133/1 116 1142 1198 +edge_2_0_+disjointig_2_0_44285 15228 16242 44285 -1 -1 741 0.0333066
Chain
	Aln	3	-SRR33939694.46133/1 55 1081 1198 -edge_2_0_+disjointig_2_0_44285 28042 29056 44285 -1 -1 741 0.0333066
Chain
	Aln	3	+SRR33939694.46171/1 131 1296 1336 -edge_2_0_+disjointig_2_0_44285 16030 17221 44285 -1 -1 886 0.0252951
Chain
	Aln	2	-SRR33939694.46171/1 39 1204 1336 +edge_2_0_+disjointig_2_0_44285 27063 28254 44285 -1 -1 886 0.0252951
Chain
	Aln	2	+SRR33939694.46179/1 125 1386 1391 +edge_2_0_+disjointig_2_0_44285 1264 2533 44285 -1 -1 1163 0.00875926
Chain
	Aln	3	-SRR33939694.46179/1 4 1265 1391 -edge_2_0_+disjointig_2_0_44285 41751 43020 44285 -1 -1 1163 0.00875926
Chain
	Aln	3	+SRR33939694.46135/1 121 1362 1370 -edge_2_0_+disjointig_2_0_44285 32230 33483 44285 -1 -1 918 0.0363141
Chain
	Aln	2	-SRR33939694.46135/1 7 1248 1370 +edge_2_0_+disjointig_2_0_44285 10801 12054 44285 -1 -1 918 0.0363141
Chain
	Aln	3	+SRR33939694.44074/1 121 22774 22784 -edge_2_0_+disjointig_2_0_44285 2467 25125 44285 -1 -1 19045 0.0193443
Chain
	Aln	2	-SRR33939694.44074/1 9 22662 22784 +edge_2_0_+disjointig_2_0_44285 19159 41817 44285 -1 -1 19045 0.0193443
Chain
	Aln	3	+SRR33939694.45857/1 120 6542 6544 -edge_2_0_+disjointig_2_0_44285 20543 26950 44285 -1 -1 5392 0.0171634
Chain
	Aln	2	-SRR33939694.45857/1 1 6423 6544 +edge_2_0_+disjointig_2_0_44285 17334 23741 44285 -1 -1 5392 0.0171634
Chain
	Aln	3	+SRR33939694.46257/1 152 1681 1730 -edge_2_0_+disjointig_2_0_44285 36010 37563 44285 -1 -1 796 0.0528964
Chain
	Aln	2	-SRR33939694.46257/1 48 1577 1730 +edge_2_0_+disjointig_2_0_44285 6721 8274 44285 -1 -1 796 0.0528964
Chain
	Aln	0	+SRR33939694.46277/1 224 1750 1776 +edge_1_0_+disjointig_1_0_47382 15132 16650 47382 -1 -1 1233 0.021714
Chain
	Aln	1	-SRR33939694.46277/1 25 1551 1776 -edge_1_0_+disjointig_1_0_47382 30731 32249 47382 -1 -1 1233 0.021714
Chain
	Aln	2	+SRR33939694.46292/1 123 1360 1369 +edge_2_0_+disjointig_2_0_44285 11074 12307 44285 -1 -1 1009 0.0193574
Chain
	Aln	3	-SRR33939694.46292/1 8 1245 1369 -edge_2_0_+disjointig_2_0_44285 31977 33210 44285 -1 -1 1009 0.0193574
Chain
	Aln	2	+SRR33939694.46346/1 139 1372 1416 +edge_2_0_+disjointig_2_0_44285 3860 5093 44285 -1 -1 1013 0.0188049
Chain
	Aln	3	-SRR33939694.46346/1 43 1276 1416 -edge_2_0_+disjointig_2_0_44285 39191 40424 44285 -1 -1 1013 0.0188049
Chain
	Aln	2	+SRR33939694.46439/1 201 1463 1473 +edge_2_0_+disjointig_2_0_44285 32085 33363 44285 -1 -1 1016 0.0258026
Chain
	Aln	3	-SRR33939694.46439/1 9 1271 1473 -edge_2_0_+disjointig_2_0_44285 10921 12199 44285 -1 -1 1016 0.0258026
Chain
	Aln	3	+SRR33939694.46416/1 130 2329 2368 -edge_2_0_+disjointig_2_0_44285 1704 3900 44285 -1 -1 2000 0.0108143
Chain
	Aln	2	-SRR33939694.46416/1 38 2237 2368 +edge_2_0_+disjointig_2_0_44285 40384 42580 44285 -1 -1 2000 0.0108143
Chain
	Aln	2	+SRR33939694.46517/1 118 1120 1128 +edge_2_0_+disjointig_2_0_44285 8056 9061 44285 -1 -1 913 0.00973797
Chain
	Aln	3	-SRR33939694.46517/1 7 1009 1128 -edge_2_0_+disjointig_2_0_44285 35223 36228 44285 -1 -1 913 0.00973797
Chain
	Aln	2	+SRR33939694.46475/1 144 1880 1884 +edge_2_0_+disjointig_2_0_44285 11269 13026 44285 -1 -1 1458 0.0204151
Chain
	Aln	3	-SRR33939694.46475/1 3 1739 1884 -edge_2_0_+disjointig_2_0_44285 31258 33015 44285 -1 -1 1458 0.0204151
Chain
	Aln	3	+SRR33939694.46510/1 181 1496 1500 -edge_2_0_+disjointig_2_0_44285 26455 27788 44285 -1 -1 1104 0.0226747
Chain
	Aln	2	-SRR33939694.46510/1 3 1318 1500 +edge_2_0_+disjointig_2_0_44285 16496 17829 44285 -1 -1 1104 0.0226747
Chain
	Aln	3	+SRR33939694.46586/1 128 1221 1226 -edge_2_0_+disjointig_2_0_44285 18194 19299 44285 -1 -1 882 0.0230102
Chain
	Aln	2	-SRR33939694.46586/1 4 1097 1226 +edge_2_0_+disjointig_2_0_44285 24985 26090 44285 -1 -1 882 0.0230102
Chain
	Aln	2	+SRR33939694.46613/1 114 1131 1139 +edge_2_0_+disjointig_2_0_44285 780 1817 44285 -1 -1 883 0.0184154
Chain
	Aln	3	-SRR33939694.46613/1 7 1024 1139 -edge_2_0_+disjointig_2_0_44285 42467 43504 44285 -1 -1 883 0.0184154
Chain
	Aln	2	+SRR33939694.46600/1 151 1505 1522 +edge_2_0_+disjointig_2_0_44285 24901 26269 44285 -1 -1 826 0.0434241
Chain
	Aln	3	-SRR33939694.46600/1 16 1370 1522 -edge_2_0_+disjointig_2_0_44285 18015 19383 44285 -1 -1 826 0.0434241
Chain
	Aln	2	+SRR33939694.46636/1 164 1567 1571 +edge_2_0_+disjointig_2_0_44285 32881 34311 44285 -1 -1 974 0.0431379
Chain
	Aln	3	-SRR33939694.46636/1 3 1406 1571 -edge_2_0_+disjointig_2_0_44285 9973 11403 44285 -1 -1 974 0.0431379
Chain
	Aln	3	+SRR33939694.46106/1 117 7120 7129 -edge_2_0_+disjointig_2_0_44285 35223 42271 44285 -1 -1 5378 0.0283627
Chain
	Aln	2	-SRR33939694.46106/1 8 7011 7129 +edge_2_0_+disjointig_2_0_44285 2013 9061 44285 -1 -1 5378 0.0283627
Chain
	Aln	2	+SRR33939694.46629/1 144 1806 1810 +edge_2_0_+disjointig_2_0_44285 3773 5453 44285 -1 -1 951 0.053088
Chain
	Aln	3	-SRR33939694.46629/1 3 1665 1810 -edge_2_0_+disjointig_2_0_44285 38831 40511 44285 -1 -1 951 0.053088
Chain
	Aln	3	+SRR33939694.46675/1 138 1240 1253 -edge_2_0_+disjointig_2_0_44285 13850 14960 44285 -1 -1 1005 0.0140846
Chain
	Aln	2	-SRR33939694.46675/1 12 1114 1253 +edge_2_0_+disjointig_2_0_44285 29324 30434 44285 -1 -1 1005 0.0140846
Chain
	Aln	2	+SRR33939694.46648/1 122 2755 2767 +edge_2_0_+disjointig_2_0_44285 9212 11860 44285 -1 -1 2098 0.0265259
Chain
	Aln	3	-SRR33939694.46648/1 11 2644 2767 -edge_2_0_+disjointig_2_0_44285 32424 35072 44285 -1 -1 2098 0.0265259
Chain
	Aln	2	+SRR33939694.46683/1 109 1127 1143 +edge_2_0_+disjointig_2_0_44285 30079 31102 44285 -1 -1 658 0.0365619
Chain
	Aln	3	-SRR33939694.46683/1 15 1033 1143 -edge_2_0_+disjointig_2_0_44285 13182 14205 44285 -1 -1 658 0.0365619
Chain
	Aln	2	+SRR33939694.46677/1 125 1409 1528 +edge_2_0_+disjointig_2_0_44285 13950 15265 44285 -1 -1 1123 0.0161067
Chain
	Aln	3	-SRR33939694.46677/1 118 1402 1528 -edge_2_0_+disjointig_2_0_44285 29019 30334 44285 -1 -1 1123 0.0161067
Chain
	Aln	3	+SRR33939694.46816/1 130 1168 1170 -edge_2_0_+disjointig_2_0_44285 32582 33627 44285 -1 -1 979 0.0163639
Chain
	Aln	2	-SRR33939694.46816/1 1 1039 1170 +edge_2_0_+disjointig_2_0_44285 10657 11702 44285 -1 -1 979 0.0163639
Chain
	Aln	2	+SRR33939694.46846/1 147 1586 1592 +edge_2_0_+disjointig_2_0_44285 21125 22562 44285 -1 -1 1249 0.0191873
Chain
	Aln	3	-SRR33939694.46846/1 5 1444 1592 -edge_2_0_+disjointig_2_0_44285 21722 23159 44285 -1 -1 1249 0.0191873
Chain
	Aln	2	+SRR33939694.46918/1 127 1389 1401 +edge_2_0_+disjointig_2_0_44285 24754 26013 44285 -1 -1 1073 0.01667
Chain
	Aln	3	-SRR33939694.46918/1 11 1273 1401 -edge_2_0_+disjointig_2_0_44285 18271 19530 44285 -1 -1 1073 0.01667
Chain
	Aln	2	+SRR33939694.46989/1 121 1290 1300 +edge_2_0_+disjointig_2_0_44285 12769 13937 44285 -1 -1 993 0.0221485
Chain
	Aln	3	-SRR33939694.46989/1 9 1178 1300 -edge_2_0_+disjointig_2_0_44285 30347 31515 44285 -1 -1 993 0.0221485
Chain
	Aln	2	+SRR33939694.47019/1 122 1510 1557 +edge_2_0_+disjointig_2_0_44285 18270 19677 44285 -1 -1 1174 0.017554
Chain
	Aln	3	-SRR33939694.47019/1 46 1434 1557 -edge_2_0_+disjointig_2_0_44285 24607 26014 44285 -1 -1 1174 0.017554
Chain
	Aln	2	+SRR33939694.47065/1 127 1215 1219 +edge_2_0_+disjointig_2_0_44285 19131 20221 44285 -1 -1 960 0.0104808
Chain
	Aln	3	-SRR33939694.47065/1 3 1091 1219 -edge_2_0_+disjointig_2_0_44285 24063 25153 44285 -1 -1 960 0.0104808
Chain
	Aln	3	+SRR33939694.47032/1 118 1157 1164 -edge_2_0_+disjointig_2_0_44285 9132 10178 44285 -1 -1 884 0.0168301
Chain
	Aln	2	-SRR33939694.47032/1 6 1045 1164 +edge_2_0_+disjointig_2_0_44285 34106 35152 44285 -1 -1 884 0.0168301
Chain
	Aln	2	+SRR33939694.47104/1 173 1216 1221 +edge_2_0_+disjointig_2_0_44285 6635 7694 44285 -1 -1 586 0.0467882
Chain
	Aln	3	-SRR33939694.47104/1 4 1047 1221 -edge_2_0_+disjointig_2_0_44285 36590 37649 44285 -1 -1 586 0.0467882
Chain
	Aln	3	+SRR33939694.46977/1 175 1624 1657 -edge_2_0_+disjointig_2_0_44285 24492 25964 44285 -1 -1 904 0.0457895
Chain
	Aln	2	-SRR33939694.46977/1 32 1481 1657 +edge_2_0_+disjointig_2_0_44285 18320 19792 44285 -1 -1 904 0.0457895
Chain
	Aln	2	+SRR33939694.47233/1 121 1150 1157 +edge_2_0_+disjointig_2_0_44285 31498 32517 44285 -1 -1 911 0.013055
Chain
	Aln	3	-SRR33939694.47233/1 6 1035 1157 -edge_2_0_+disjointig_2_0_44285 11767 12786 44285 -1 -1 911 0.013055
Chain
	Aln	3	+SRR33939694.47160/1 120 1161 1176 -edge_2_0_+disjointig_2_0_44285 33278 34315 44285 -1 -1 898 0.0161383
Chain
	Aln	2	-SRR33939694.47160/1 14 1055 1176 +edge_2_0_+disjointig_2_0_44285 9969 11006 44285 -1 -1 898 0.0161383
Chain
	Aln	2	+SRR33939694.47200/1 109 1992 2004 +edge_2_0_+disjointig_2_0_44285 32632 34552 44285 -1 -1 1324 0.0377278
Chain
	Aln	3	-SRR33939694.47200/1 11 1894 2004 -edge_2_0_+disjointig_2_0_44285 9732 11652 44285 -1 -1 1324 0.0377278
Chain
	Aln	3	+SRR33939694.47242/1 110 1445 1447 -edge_2_0_+disjointig_2_0_44285 8690 10025 44285 -1 -1 1112 0.0196388
Chain
	Aln	2	-SRR33939694.47242/1 1 1336 1447 +edge_2_0_+disjointig_2_0_44285 34259 35594 44285 -1 -1 1112 0.0196388
Chain
	Aln	3	+SRR33939694.47243/1 153 2127 2135 -edge_2_0_+disjointig_2_0_44285 30564 32540 44285 -1 -1 1892 0.00595485
Chain
	Aln	2	-SRR33939694.47243/1 7 1981 2135 +edge_2_0_+disjointig_2_0_44285 11744 13720 44285 -1 -1 1892 0.00595485
Chain
	Aln	2	+SRR33939694.47274/1 148 1240 1244 +edge_2_0_+disjointig_2_0_44285 5030 6127 44285 -1 -1 1028 0.0101528
Chain
	Aln	3	-SRR33939694.47274/1 3 1095 1244 -edge_2_0_+disjointig_2_0_44285 38157 39254 44285 -1 -1 1028 0.0101528
Chain
	Aln	2	+SRR33939694.47308/1 125 1147 1170 +edge_2_0_+disjointig_2_0_44285 42733 43792 44285 -1 -1 762 0.0283638
Chain
	Aln	3	-SRR33939694.47308/1 22 1044 1170 -edge_2_0_+disjointig_2_0_44285 492 1551 44285 -1 -1 762 0.0283638
Chain
	Aln	3	+SRR33939694.47281/1 223 2856 2873 -edge_2_0_+disjointig_2_0_44285 1488 4124 44285 -1 -1 2161 0.01838
Chain
	Aln	2	-SRR33939694.47281/1 16 2649 2873 +edge_2_0_+disjointig_2_0_44285 40160 42796 44285 -1 -1 2161 0.01838
Chain
	Aln	3	+SRR33939694.47425/1 170 1213 1235 -edge_2_0_+disjointig_2_0_44285 34479 35524 44285 -1 -1 905 0.0205977
Chain
	Aln	2	-SRR33939694.47425/1 21 1064 1235 +edge_2_0_+disjointig_2_0_44285 8760 9805 44285 -1 -1 905 0.0205977
Chain
	Aln	3	+SRR33939694.47398/1 176 1925 1931 -edge_2_0_+disjointig_2_0_44285 35260 37023 44285 -1 -1 1278 0.0302062
Chain
	Aln	2	-SRR33939694.47398/1 5 1754 1931 +edge_2_0_+disjointig_2_0_44285 7261 9024 44285 -1 -1 1278 0.0302062
Chain
	Aln	2	+SRR33939694.47444/1 110 1646 1651 +edge_2_0_+disjointig_2_0_44285 33830 35350 44285 -1 -1 1305 0.0179582
Chain
	Aln	3	-SRR33939694.47444/1 4 1540 1651 -edge_2_0_+disjointig_2_0_44285 8934 10454 44285 -1 -1 1305 0.0179582
Chain
	Aln	3	+SRR33939694.47435/1 166 1988 1990 -edge_2_0_+disjointig_2_0_44285 36743 38564 44285 -1 -1 1146 0.0399973
Chain
	Aln	2	-SRR33939694.47435/1 1 1823 1990 +edge_2_0_+disjointig_2_0_44285 5720 7541 44285 -1 -1 1146 0.0399973
Chain
	Aln	2	+SRR33939694.47453/1 123 1251 1256 +edge_2_0_+disjointig_2_0_44285 41700 42824 44285 -1 -1 746 0.0394393
Chain
	Aln	3	-SRR33939694.47453/1 4 1132 1256 -edge_2_0_+disjointig_2_0_44285 1460 2584 44285 -1 -1 746 0.0394393
Chain
	Aln	3	+SRR33939694.47447/1 173 2079 2090 -edge_2_0_+disjointig_2_0_44285 24343 26245 44285 -1 -1 1589 0.0187977
Chain
	Aln	2	-SRR33939694.47447/1 10 1916 2090 +edge_2_0_+disjointig_2_0_44285 18039 19941 44285 -1 -1 1589 0.0187977
Chain
	Aln	3	+SRR33939694.47496/1 188 1306 1308 -edge_2_0_+disjointig_2_0_44285 27185 28289 44285 -1 -1 822 0.03255
Chain
	Aln	2	-SRR33939694.47496/1 1 1119 1308 +edge_2_0_+disjointig_2_0_44285 15995 17099 44285 -1 -1 822 0.03255
Chain
	Aln	2	+SRR33939694.47481/1 127 1891 1897 +edge_2_0_+disjointig_2_0_44285 10028 11795 44285 -1 -1 1566 0.0167252
Chain
	Aln	3	-SRR33939694.47481/1 5 1769 1897 -edge_2_0_+disjointig_2_0_44285 32489 34256 44285 -1 -1 1566 0.0167252
Chain
	Aln	2	+SRR33939694.47569/1 130 1177 1189 +edge_2_0_+disjointig_2_0_44285 34002 35046 44285 -1 -1 765 0.0302184
Chain
	Aln	3	-SRR33939694.47569/1 11 1058 1189 -edge_2_0_+disjointig_2_0_44285 9238 10282 44285 -1 -1 765 0.0302184
Chain
	Aln	3	+SRR33939694.47652/1 117 1326 1333 -edge_2_0_+disjointig_2_0_44285 39368 40573 44285 -1 -1 1090 0.01347
Chain
	Aln	2	-SRR33939694.47652/1 6 1215 1333 +edge_2_0_+disjointig_2_0_44285 3711 4916 44285 -1 -1 1090 0.01347
Chain
	Aln	3	+SRR33939694.47562/1 120 2320 2326 -edge_2_0_+disjointig_2_0_44285 28944 31157 44285 -1 -1 1853 0.0201377
Chain
	Aln	2	-SRR33939694.47562/1 5 2205 2326 +edge_2_0_+disjointig_2_0_44285 13127 15340 44285 -1 -1 1853 0.0201377
Chain
	Aln	2	+SRR33939694.47635/1 132 1545 1551 +edge_2_0_+disjointig_2_0_44285 4174 5608 44285 -1 -1 944 0.0414493
Chain
	Aln	3	-SRR33939694.47635/1 5 1418 1551 -edge_2_0_+disjointig_2_0_44285 38676 40110 44285 -1 -1 944 0.0414493
Chain
	Aln	2	+SRR33939694.47729/1 156 1758 1767 +edge_2_0_+disjointig_2_0_44285 3852 5456 44285 -1 -1 1146 0.0372387
Chain
	Aln	3	-SRR33939694.47729/1 8 1610 1767 -edge_2_0_+disjointig_2_0_44285 38828 40432 44285 -1 -1 1146 0.0372387
Chain
	Aln	2	+SRR33939694.47684/1 106 1773 1778 +edge_2_0_+disjointig_2_0_44285 30719 32396 44285 -1 -1 1490 0.0141383
Chain
	Aln	3	-SRR33939694.47684/1 4 1671 1778 -edge_2_0_+disjointig_2_0_44285 11888 13565 44285 -1 -1 1490 0.0141383
Chain
	Aln	2	+SRR33939694.47762/1 110 1152 1178 +edge_2_0_+disjointig_2_0_44285 15149 16193 44285 -1 -1 823 0.0214259
Chain
	Aln	3	-SRR33939694.47762/1 25 1067 1178 -edge_2_0_+disjointig_2_0_44285 28091 29135 44285 -1 -1 823 0.0214259
Chain
	Aln	2	+SRR33939694.47748/1 110 1342 1355 +edge_2_0_+disjointig_2_0_44285 12994 14250 44285 -1 -1 762 0.046325
Chain
	Aln	3	-SRR33939694.47748/1 12 1244 1355 -edge_2_0_+disjointig_2_0_44285 30034 31290 44285 -1 -1 762 0.046325
Chain
	Aln	3	+SRR33939694.47771/1 100 1335 1338 -edge_2_0_+disjointig_2_0_44285 38067 39307 44285 -1 -1 914 0.0297906
Chain
	Aln	2	-SRR33939694.47771/1 2 1237 1338 +edge_2_0_+disjointig_2_0_44285 4977 6217 44285 -1 -1 914 0.0297906
Chain
	Aln	3	+SRR33939694.47843/1 125 1260 1264 -edge_2_0_+disjointig_2_0_44285 14583 15731 44285 -1 -1 817 0.0351219
Chain
	Aln	2	-SRR33939694.47843/1 3 1138 1264 +edge_2_0_+disjointig_2_0_44285 28553 29701 44285 -1 -1 817 0.0351219
Chain
	Aln	3	+SRR33939694.47883/1 122 1313 1345 -edge_2_0_+disjointig_2_0_44285 13567 14765 44285 -1 -1 1082 0.0142925
Chain
	Aln	2	-SRR33939694.47883/1 31 1222 1345 +edge_2_0_+disjointig_2_0_44285 29519 30717 44285 -1 -1 1082 0.0142925
Chain
	Aln	3	+SRR33939694.47929/1 117 1222 1226 -edge_2_0_+disjointig_2_0_44285 41890 42985 44285 -1 -1 994 0.00784379
Chain
	Aln	2	-SRR33939694.47929/1 3 1108 1226 +edge_2_0_+disjointig_2_0_44285 1299 2394 44285 -1 -1 994 0.00784379
Chain
	Aln	3	+SRR33939694.47913/1 131 1444 1461 -edge_2_0_+disjointig_2_0_44285 15977 17290 44285 -1 -1 1054 0.02143
Chain
	Aln	2	-SRR33939694.47913/1 16 1329 1461 +edge_2_0_+disjointig_2_0_44285 26994 28307 44285 -1 -1 1054 0.02143
Chain
	Aln	0	+SRR33939694.47808/1 284 2430 2440 +edge_1_0_+disjointig_1_0_47382 39705 41861 47382 -1 -1 1811 0.0179889
Chain
	Aln	1	-SRR33939694.47808/1 9 2155 2440 -edge_1_0_+disjointig_1_0_47382 5520 7676 47382 -1 -1 1811 0.0179889
Chain
	Aln	2	+SRR33939694.47940/1 148 1287 1303 +edge_2_0_+disjointig_2_0_44285 28541 29685 44285 -1 -1 860 0.0375314
Chain
	Aln	3	-SRR33939694.47940/1 15 1154 1303 -edge_2_0_+disjointig_2_0_44285 14599 15743 44285 -1 -1 860 0.0375314
Chain
	Aln	2	+SRR33939694.47941/1 120 1194 1201 +edge_2_0_+disjointig_2_0_44285 29457 30539 44285 -1 -1 867 0.0196491
Chain
	Aln	3	-SRR33939694.47941/1 6 1080 1201 -edge_2_0_+disjointig_2_0_44285 13745 14827 44285 -1 -1 867 0.0196491
Chain
	Aln	2	+SRR33939694.47977/1 125 1182 1185 +edge_2_0_+disjointig_2_0_44285 676 1751 44285 -1 -1 645 0.0377397
Chain
	Aln	3	-SRR33939694.47977/1 2 1059 1185 -edge_2_0_+disjointig_2_0_44285 42533 43608 44285 -1 -1 645 0.0377397
Chain
	Aln	3	+SRR33939694.48005/1 119 1254 1257 -edge_2_0_+disjointig_2_0_44285 15012 16156 44285 -1 -1 1035 0.0151241
Chain
	Aln	2	-SRR33939694.48005/1 2 1137 1257 +edge_2_0_+disjointig_2_0_44285 28128 29272 44285 -1 -1 1035 0.0151241
Chain
	Aln	2	+SRR33939694.48007/1 118 1209 1214 +edge_2_0_+disjointig_2_0_44285 33340 34451 44285 -1 -1 934 0.0191551
Chain
	Aln	3	-SRR33939694.48007/1 4 1095 1214 -edge_2_0_+disjointig_2_0_44285 9833 10944 44285 -1 -1 934 0.0191551
Chain
	Aln	3	+SRR33939694.48086/1 145 1330 1334 -edge_2_0_+disjointig_2_0_44285 41474 42668 44285 -1 -1 758 0.0411271
Chain
	Aln	2	-SRR33939694.48086/1 3 1188 1334 +edge_2_0_+disjointig_2_0_44285 1616 2810 44285 -1 -1 758 0.0411271
Chain
	Aln	2	+SRR33939694.47943/1 135 1858 1943 +edge_2_0_+disjointig_2_0_44285 13025 14772 44285 -1 -1 1349 0.0258161
Chain
	Aln	3	-SRR33939694.47943/1 84 1807 1943 -edge_2_0_+disjointig_2_0_44285 29512 31259 44285 -1 -1 1349 0.0258161
Chain
	Aln	2	+SRR33939694.48011/1 139 1921 1924 +edge_2_0_+disjointig_2_0_44285 31056 32831 44285 -1 -1 1509 0.017466
Chain
	Aln	3	-SRR33939694.48011/1 2 1784 1924 -edge_2_0_+disjointig_2_0_44285 11453 13228 44285 -1 -1 1509 0.017466
Chain
	Aln	3	+SRR33939694.48089/1 137 2313 2328 -edge_2_0_+disjointig_2_0_44285 1329 3526 44285 -1 -1 1673 0.0257715
Chain
	Aln	2	-SRR33939694.48089/1 14 2190 2328 +edge_2_0_+disjointig_2_0_44285 40758 42955 44285 -1 -1 1673 0.0257715
Chain
	Aln	2	+SRR33939694.48148/1 126 1251 1254 +edge_2_0_+disjointig_2_0_44285 25485 26609 44285 -1 -1 1039 0.00889895
Chain
	Aln	3	-SRR33939694.48148/1 2 1127 1254 -edge_2_0_+disjointig_2_0_44285 17675 18799 44285 -1 -1 1039 0.00889895
Chain
	Aln	2	+SRR33939694.48187/1 128 1264 1274 +edge_2_0_+disjointig_2_0_44285 3258 4396 44285 -1 -1 945 0.0213789
Chain
	Aln	3	-SRR33939694.48187/1 9 1145 1274 -edge_2_0_+disjointig_2_0_44285 39888 41026 44285 -1 -1 945 0.0213789
Chain
	Aln	2	+SRR33939694.48326/1 122 1213 1215 +edge_2_0_+disjointig_2_0_44285 36335 37434 44285 -1 -1 1011 0.0106112
Chain
	Aln	3	-SRR33939694.48326/1 1 1092 1215 -edge_2_0_+disjointig_2_0_44285 6850 7949 44285 -1 -1 1011 0.0106112
Chain
	Aln	3	+SRR33939694.48101/1 146 2144 2147 -edge_2_0_+disjointig_2_0_44285 24063 26063 44285 -1 -1 1675 0.0169211
Chain
	Aln	2	-SRR33939694.48101/1 2 2000 2147 +edge_2_0_+disjointig_2_0_44285 18221 20221 44285 -1 -1 1675 0.0169211
Chain
	Aln	2	+SRR33939694.48353/1 115 1558 1562 +edge_2_0_+disjointig_2_0_44285 33235 34616 44285 -1 -1 1142 0.0212483
Chain
	Aln	3	-SRR33939694.48353/1 3 1446 1562 -edge_2_0_+disjointig_2_0_44285 9668 11049 44285 -1 -1 1142 0.0212483
Chain
	Aln	3	+SRR33939694.48380/1 116 1177 1183 -edge_2_0_+disjointig_2_0_44285 18869 19936 44285 -1 -1 897 0.0196682
Chain
	Aln	2	-SRR33939694.48380/1 5 1066 1183 +edge_2_0_+disjointig_2_0_44285 24348 25415 44285 -1 -1 897 0.0196682
Chain
	Aln	2	+SRR33939694.48446/1 114 1144 1154 +edge_2_0_+disjointig_2_0_44285 19091 20122 44285 -1 -1 864 0.0202449
Chain
	Aln	3	-SRR33939694.48446/1 9 1039 1154 -edge_2_0_+disjointig_2_0_44285 24162 25193 44285 -1 -1 864 0.0202449
Chain
	Aln	3	+SRR33939694.48424/1 107 1643 1656 -edge_2_0_+disjointig_2_0_44285 22321 23881 44285 -1 -1 1080 0.0322825
Chain
	Aln	2	-SRR33939694.48424/1 12 1548 1656 +edge_2_0_+disjointig_2_0_44285 20403 21963 44285 -1 -1 1080 0.0322825
Chain
	Aln	2	+SRR33939694.48481/1 156 1208 1219 +edge_2_0_+disjointig_2_0_44285 19176 20250 44285 -1 -1 804 0.0272464
Chain
	Aln	3	-SRR33939694.48481/1 10 1062 1219 -edge_2_0_+disjointig_2_0_44285 24034 25108 44285 -1 -1 804 0.0272464
Chain
	Aln	1	+SRR33939694.48452/1 484 1783 1793 -edge_1_0_+disjointig_1_0_47382 30953 32249 47382 -1 -1 1132 0.0173585
Chain
	Aln	0	-SRR33939694.48452/1 9 1308 1793 +edge_1_0_+disjointig_1_0_47382 15132 16428 47382 -1 -1 1132 0.0173585
Chain
	Aln	2	+SRR33939694.48527/1 124 1305 1321 +edge_2_0_+disjointig_2_0_44285 31498 32701 44285 -1 -1 861 0.031117
Chain
	Aln	3	-SRR33939694.48527/1 15 1196 1321 -edge_2_0_+disjointig_2_0_44285 11583 12786 44285 -1 -1 861 0.031117
Chain
	Aln	2	+SRR33939694.48684/1 130 1216 1231 +edge_2_0_+disjointig_2_0_44285 12355 13461 44285 -1 -1 738 0.0429425
Chain
	Aln	3	-SRR33939694.48684/1 14 1100 1231 -edge_2_0_+disjointig_2_0_44285 30823 31929 44285 -1 -1 738 0.0429425
Chain
	Aln	2	+SRR33939694.48564/1 184 1630 1649 +edge_2_0_+disjointig_2_0_44285 12218 13666 44285 -1 -1 1157 0.0224241
Chain
	Aln	3	-SRR33939694.48564/1 18 1464 1649 -edge_2_0_+disjointig_2_0_44285 30618 32066 44285 -1 -1 1157 0.0224241
Chain
	Aln	2	+SRR33939694.48746/1 123 1167 1171 +edge_2_0_+disjointig_2_0_44285 41160 42216 44285 -1 -1 789 0.0281969
Chain
	Aln	3	-SRR33939694.48746/1 3 1047 1171 -edge_2_0_+disjointig_2_0_44285 2068 3124 44285 -1 -1 789 0.0281969
Chain
	Aln	2	+SRR33939694.48620/1 150 2428 2433 +edge_2_0_+disjointig_2_0_44285 4174 6487 44285 -1 -1 1699 0.0294862
Chain
	Aln	3	-SRR33939694.48620/1 4 2282 2433 -edge_2_0_+disjointig_2_0_44285 37797 40110 44285 -1 -1 1699 0.0294862
Chain
	Aln	2	+SRR33939694.48795/1 130 1427 1460 +edge_2_0_+disjointig_2_0_44285 37070 38360 44285 -1 -1 804 0.0493567
Chain
	Aln	3	-SRR33939694.48795/1 32 1329 1460 -edge_2_0_+disjointig_2_0_44285 5924 7214 44285 -1 -1 804 0.0493567
Chain
	Aln	3	+SRR33939694.48769/1 124 1465 1472 -edge_2_0_+disjointig_2_0_44285 14641 15960 44285 -1 -1 1174 0.0216176
Chain
	Aln	2	-SRR33939694.48769/1 6 1347 1472 +edge_2_0_+disjointig_2_0_44285 28324 29643 44285 -1 -1 1174 0.0216176
Chain
	Aln	2	+SRR33939694.48947/1 128 1255 1260 +edge_2_0_+disjointig_2_0_44285 15112 16236 44285 -1 -1 993 0.0135172
Chain
	Aln	3	-SRR33939694.48947/1 4 1131 1260 -edge_2_0_+disjointig_2_0_44285 28048 29172 44285 -1 -1 993 0.0135172
Chain
	Aln	2	+SRR33939694.48945/1 120 1592 1615 +edge_2_0_+disjointig_2_0_44285 40853 42338 44285 -1 -1 1033 0.0312055
Chain
	Aln	3	-SRR33939694.48945/1 22 1494 1615 -edge_2_0_+disjointig_2_0_44285 1946 3431 44285 -1 -1 1033 0.0312055
Chain
	Aln	3	+SRR33939694.48963/1 137 1284 1287 -edge_2_0_+disjointig_2_0_44285 4020 5165 44285 -1 -1 900 0.0239211
Chain
	Aln	2	-SRR33939694.48963/1 2 1149 1287 +edge_2_0_+disjointig_2_0_44285 39119 40264 44285 -1 -1 900 0.0239211
Chain
	Aln	2	+SRR33939694.49004/1 110 1580 1592 +edge_2_0_+disjointig_2_0_44285 11378 12848 44285 -1 -1 1312 0.0150898
Chain
	Aln	3	-SRR33939694.49004/1 11 1481 1592 -edge_2_0_+disjointig_2_0_44285 31436 32906 44285 -1 -1 1312 0.0150898
Chain
	Aln	2	+SRR33939694.49031/1 123 1456 1492 +edge_2_0_+disjointig_2_0_44285 13384 14725 44285 -1 -1 911 0.0422515
Chain
	Aln	3	-SRR33939694.49031/1 35 1368 1492 -edge_2_0_+disjointig_2_0_44285 29559 30900 44285 -1 -1 911 0.0422515
Chain
	Aln	0	+SRR33939694.48940/1 249 3871 3882 +edge_1_0_+disjointig_1_0_47382 33703 37338 47382 -1 -1 3209 0.0147309
Chain
	Aln	1	-SRR33939694.48940/1 10 3632 3882 -edge_1_0_+disjointig_1_0_47382 10043 13678 47382 -1 -1 3209 0.0147309
Chain
	Aln	3	+SRR33939694.48952/1 123 3284 3339 -edge_2_0_+disjointig_2_0_44285 24721 27903 44285 -1 -1 2285 0.0360059
Chain
	Aln	2	-SRR33939694.48952/1 54 3215 3339 +edge_2_0_+disjointig_2_0_44285 16381 19563 44285 -1 -1 2285 0.0360059
Chain
	Aln	3	+SRR33939694.49151/1 118 1130 1142 -edge_2_0_+disjointig_2_0_44285 201 1220 44285 -1 -1 812 0.0251185
Chain
	Aln	2	-SRR33939694.49151/1 11 1023 1142 +edge_2_0_+disjointig_2_0_44285 43064 44083 44285 -1 -1 812 0.0251185
Chain
	Aln	2	+SRR33939694.49161/1 129 1500 1536 +edge_2_0_+disjointig_2_0_44285 10112 11504 44285 -1 -1 837 0.0506998
Chain
	Aln	3	-SRR33939694.49161/1 35 1406 1536 -edge_2_0_+disjointig_2_0_44285 32780 34172 44285 -1 -1 837 0.0506998
Chain
	Aln	3	+SRR33939694.49270/1 116 1146 1149 -edge_2_0_+disjointig_2_0_44285 31344 32376 44285 -1 -1 917 0.0132263
Chain
	Aln	2	-SRR33939694.49270/1 2 1032 1149 +edge_2_0_+disjointig_2_0_44285 11908 12940 44285 -1 -1 917 0.0132263
Chain
	Aln	2	+SRR33939694.49283/1 115 1261 1265 +edge_2_0_+disjointig_2_0_44285 28858 30007 44285 -1 -1 840 0.0377879
Chain
	Aln	3	-SRR33939694.49283/1 3 1149 1265 -edge_2_0_+disjointig_2_0_44285 14277 15426 44285 -1 -1 840 0.0377879
Chain
	Aln	2	+SRR33939694.49327/1 103 1406 1421 +edge_2_0_+disjointig_2_0_44285 5492 6803 44285 -1 -1 891 0.0399402
Chain
	Aln	3	-SRR33939694.49327/1 14 1317 1421 -edge_2_0_+disjointig_2_0_44285 37481 38792 44285 -1 -1 891 0.0399402
Chain
	Aln	2	+SRR33939694.49043/1 113 3585 3588 +edge_2_0_+disjointig_2_0_44285 17513 20997 44285 -1 -1 3114 0.0118935
Chain
	Aln	3	-SRR33939694.49043/1 2 3474 3588 -edge_2_0_+disjointig_2_0_44285 23287 26771 44285 -1 -1 3114 0.0118935
Chain
	Aln	3	+SRR33939694.49504/1 128 1134 1141 -edge_2_0_+disjointig_2_0_44285 41123 42139 44285 -1 -1 777 0.0294916
Chain
	Aln	2	-SRR33939694.49504/1 6 1012 1141 +edge_2_0_+disjointig_2_0_44285 2145 3161 44285 -1 -1 777 0.0294916
Chain
	Aln	2	+SRR33939694.49509/1 171 1218 1225 +edge_2_0_+disjointig_2_0_44285 4472 5515 44285 -1 -1 842 0.0198387
Chain
	Aln	3	-SRR33939694.49509/1 6 1053 1225 -edge_2_0_+disjointig_2_0_44285 38769 39812 44285 -1 -1 842 0.0198387
Chain
	Aln	2	+SRR33939694.49404/1 160 1379 1386 +edge_2_0_+disjointig_2_0_44285 22890 24119 44285 -1 -1 1016 0.0263141
Chain
	Aln	3	-SRR33939694.49404/1 6 1225 1386 -edge_2_0_+disjointig_2_0_44285 20165 21394 44285 -1 -1 1016 0.0263141
Chain
	Aln	2	+SRR33939694.49516/1 127 1383 1387 +edge_2_0_+disjointig_2_0_44285 38505 39767 44285 -1 -1 1066 0.0201724
Chain
	Aln	3	-SRR33939694.49516/1 3 1259 1387 -edge_2_0_+disjointig_2_0_44285 4517 5779 44285 -1 -1 1066 0.0201724
Chain
	Aln	2	+SRR33939694.49614/1 131 1380 1388 +edge_2_0_+disjointig_2_0_44285 15343 16594 44285 -1 -1 862 0.0381649
Chain
	Aln	3	-SRR33939694.49614/1 7 1256 1388 -edge_2_0_+disjointig_2_0_44285 27690 28941 44285 -1 -1 862 0.0381649
Chain
	Aln	3	+SRR33939694.49560/1 117 1267 1274 -edge_2_0_+disjointig_2_0_44285 30382 31544 44285 -1 -1 763 0.0423175
Chain
	Aln	2	-SRR33939694.49560/1 6 1156 1274 +edge_2_0_+disjointig_2_0_44285 12740 13902 44285 -1 -1 763 0.0423175
Chain
	Aln	2	+SRR33939694.49637/1 134 1477 1483 +edge_2_0_+disjointig_2_0_44285 8974 10320 44285 -1 -1 1193 0.018455
Chain
	Aln	3	-SRR33939694.49637/1 5 1348 1483 -edge_2_0_+disjointig_2_0_44285 33964 35310 44285 -1 -1 1193 0.018455
Chain
	Aln	3	+SRR33939694.49672/1 118 1168 1171 -edge_2_0_+disjointig_2_0_44285 28332 29398 44285 -1 -1 794 0.0268066
Chain
	Aln	2	-SRR33939694.49672/1 2 1052 1171 +edge_2_0_+disjointig_2_0_44285 14886 15952 44285 -1 -1 794 0.0268066
Chain
	Aln	2	+SRR33939694.49653/1 168 1555 1561 +edge_2_0_+disjointig_2_0_44285 30830 32223 44285 -1 -1 1041 0.0300919
Chain
	Aln	3	-SRR33939694.49653/1 5 1392 1561 -edge_2_0_+disjointig_2_0_44285 12061 13454 44285 -1 -1 1041 0.0300919
Chain
	Aln	2	+SRR33939694.49692/1 121 1513 1521 +edge_2_0_+disjointig_2_0_44285 5740 7139 44285 -1 -1 1142 0.0220562
Chain
	Aln	3	-SRR33939694.49692/1 7 1399 1521 -edge_2_0_+disjointig_2_0_44285 37145 38544 44285 -1 -1 1142 0.0220562
Chain
	Aln	3	+SRR33939694.49714/1 112 1336 1339 -edge_2_0_+disjointig_2_0_44285 25538 26771 44285 -1 -1 1076 0.0153025
Chain
	Aln	2	-SRR33939694.49714/1 2 1226 1339 +edge_2_0_+disjointig_2_0_44285 17513 18746 44285 -1 -1 1076 0.0153025
Chain
	Aln	3	+SRR33939694.49758/1 165 1530 1553 -edge_2_0_+disjointig_2_0_44285 14829 16203 44285 -1 -1 892 0.0441779
Chain
	Aln	2	-SRR33939694.49758/1 22 1387 1553 +edge_2_0_+disjointig_2_0_44285 28081 29455 44285 -1 -1 892 0.0441779
Chain
	Aln	2	+SRR33939694.49770/1 122 1132 1137 +edge_2_0_+disjointig_2_0_44285 32733 33740 44285 -1 -1 904 0.0177223
Chain
	Aln	3	-SRR33939694.49770/1 4 1014 1137 -edge_2_0_+disjointig_2_0_44285 10544 11551 44285 -1 -1 904 0.0177223
Chain
	Aln	2	+SRR33939694.49787/1 119 1274 1296 +edge_2_0_+disjointig_2_0_44285 11234 12390 44285 -1 -1 1043 0.0150117
Chain
	Aln	3	-SRR33939694.49787/1 21 1176 1296 -edge_2_0_+disjointig_2_0_44285 31894 33050 44285 -1 -1 1043 0.0150117
Chain
	Aln	3	+SRR33939694.49767/1 116 1711 1718 -edge_2_0_+disjointig_2_0_44285 24777 26380 44285 -1 -1 1491 0.0107529
Chain
	Aln	2	-SRR33939694.49767/1 6 1601 1718 +edge_2_0_+disjointig_2_0_44285 17904 19507 44285 -1 -1 1491 0.0107529
Chain
	Aln	2	+SRR33939694.49831/1 114 1359 1391 +edge_2_0_+disjointig_2_0_44285 2005 3259 44285 -1 -1 1050 0.0223803
Chain
	Aln	3	-SRR33939694.49831/1 31 1276 1391 -edge_2_0_+disjointig_2_0_44285 41025 42279 44285 -1 -1 1050 0.0223803
Chain
	Aln	3	+SRR33939694.49881/1 120 1312 1325 -edge_2_0_+disjointig_2_0_44285 15260 16470 44285 -1 -1 726 0.050077
Chain
	Aln	2	-SRR33939694.49881/1 12 1204 1325 +edge_2_0_+disjointig_2_0_44285 27814 29024 44285 -1 -1 726 0.050077
Chain
	Aln	3	+SRR33939694.49948/1 123 1207 1214 -edge_2_0_+disjointig_2_0_44285 40225 41312 44285 -1 -1 818 0.0270054
Chain
	Aln	2	-SRR33939694.49948/1 6 1090 1214 +edge_2_0_+disjointig_2_0_44285 2972 4059 44285 -1 -1 818 0.0270054
Chain
	Aln	3	+SRR33939694.49901/1 111 1254 1282 -edge_2_0_+disjointig_2_0_44285 19584 20737 44285 -1 -1 1005 0.0189688
Chain
	Aln	2	-SRR33939694.49901/1 27 1170 1282 +edge_2_0_+disjointig_2_0_44285 23547 24700 44285 -1 -1 1005 0.0189688
Chain
	Aln	3	+SRR33939694.49895/1 133 1147 1151 -edge_2_0_+disjointig_2_0_44285 36059 37075 44285 -1 -1 904 0.0159469
Chain
	Aln	2	-SRR33939694.49895/1 3 1017 1151 +edge_2_0_+disjointig_2_0_44285 7209 8225 44285 -1 -1 904 0.0159469
Chain
	Aln	2	+SRR33939694.50033/1 114 1177 1218 +edge_2_0_+disjointig_2_0_44285 6027 7101 44285 -1 -1 671 0.0406121
Chain
	Aln	3	-SRR33939694.50033/1 40 1103 1218 -edge_2_0_+disjointig_2_0_44285 37183 38257 44285 -1 -1 671 0.0406121
Chain
	Aln	3	+SRR33939694.49167/1 127 9234 9612 -edge_2_0_+disjointig_2_0_44285 9435 18594 44285 -1 -1 7675 0.0197748
Chain
	Aln	2	-SRR33939694.49167/1 377 9484 9612 +edge_2_0_+disjointig_2_0_44285 25690 34849 44285 -1 -1 7675 0.0197748
Chain
	Aln	3	+SRR33939694.50030/1 115 1327 1332 -edge_2_0_+disjointig_2_0_44285 1621 2810 44285 -1 -1 985 0.0200005
Chain
	Aln	2	-SRR33939694.50030/1 4 1216 1332 +edge_2_0_+disjointig_2_0_44285 41474 42663 44285 -1 -1 985 0.0200005
Chain
	Aln	2	+SRR33939694.50056/1 122 1175 1180 +edge_2_0_+disjointig_2_0_44285 23377 24426 44285 -1 -1 828 0.0326556
Chain
	Aln	3	-SRR33939694.50056/1 4 1057 1180 -edge_2_0_+disjointig_2_0_44285 19858 20907 44285 -1 -1 828 0.0326556
Chain
	Aln	3	+SRR33939694.50074/1 112 1519 1523 -edge_2_0_+disjointig_2_0_44285 10650 12063 44285 -1 -1 1122 0.0275467
Chain
	Aln	2	-SRR33939694.50074/1 3 1410 1523 +edge_2_0_+disjointig_2_0_44285 32221 33634 44285 -1 -1 1122 0.0275467
Chain
	Aln	2	+SRR33939694.50146/1 184 2094 2103 +edge_2_0_+disjointig_2_0_44285 11857 13803 44285 -1 -1 1255 0.0452878
Chain
	Aln	3	-SRR33939694.50146/1 8 1918 2103 -edge_2_0_+disjointig_2_0_44285 30481 32427 44285 -1 -1 1255 0.0452878
Chain
	Aln	3	+SRR33939694.50207/1 117 1486 1501 -edge_2_0_+disjointig_2_0_44285 8824 10209 44285 -1 -1 1033 0.0249257
Chain
	Aln	2	-SRR33939694.50207/1 14 1383 1501 +edge_2_0_+disjointig_2_0_44285 34075 35460 44285 -1 -1 1033 0.0249257
Chain
	Aln	3	+SRR33939694.50317/1 115 1178 1182 -edge_2_0_+disjointig_2_0_44285 31074 32130 44285 -1 -1 904 0.0181912
Chain
	Aln	2	-SRR33939694.50317/1 3 1066 1182 +edge_2_0_+disjointig_2_0_44285 12154 13210 44285 -1 -1 904 0.0181912
Chain
	Aln	2	+SRR33939694.50301/1 132 1259 1266 +edge_2_0_+disjointig_2_0_44285 11247 12384 44285 -1 -1 841 0.0305995
Chain
	Aln	3	-SRR33939694.50301/1 6 1133 1266 -edge_2_0_+disjointig_2_0_44285 31900 33037 44285 -1 -1 841 0.0305995
Chain
	Aln	2	+SRR33939694.50213/1 124 1271 1277 +edge_2_0_+disjointig_2_0_44285 33978 35124 44285 -1 -1 1015 0.0141921
Chain
	Aln	3	-SRR33939694.50213/1 5 1152 1277 -edge_2_0_+disjointig_2_0_44285 9160 10306 44285 -1 -1 1015 0.0141921
Chain
	Aln	3	+SRR33939694.50243/1 116 1849 1856 -edge_2_0_+disjointig_2_0_44285 11406 13141 44285 -1 -1 1524 0.0181325
Chain
	Aln	2	-SRR33939694.50243/1 6 1739 1856 +edge_2_0_+disjointig_2_0_44285 31143 32878 44285 -1 -1 1524 0.0181325
Chain
	Aln	3	+SRR33939694.50491/1 118 1198 1210 -edge_2_0_+disjointig_2_0_44285 14845 15924 44285 -1 -1 893 0.0261566
Chain
	Aln	2	-SRR33939694.50491/1 11 1091 1210 +edge_2_0_+disjointig_2_0_44285 28360 29439 44285 -1 -1 893 0.0261566
Chain
	Aln	2	+SRR33939694.50380/1 121 1393 1415 +edge_2_0_+disjointig_2_0_44285 1312 2598 44285 -1 -1 1142 0.014152
Chain
	Aln	3	-SRR33939694.50380/1 21 1293 1415 -edge_2_0_+disjointig_2_0_44285 41686 42972 44285 -1 -1 1142 0.014152
Chain
	Aln	2	+SRR33939694.50392/1 120 1424 1431 +edge_2_0_+disjointig_2_0_44285 23884 25187 44285 -1 -1 1122 0.0196248
Chain
	Aln	3	-SRR33939694.50392/1 6 1310 1431 -edge_2_0_+disjointig_2_0_44285 19097 20400 44285 -1 -1 1122 0.0196248
Chain
	Aln	3	+SRR33939694.50495/1 121 1910 1913 -edge_2_0_+disjointig_2_0_44285 14518 16320 44285 -1 -1 1406 0.0270683
Chain
	Aln	2	-SRR33939694.50495/1 2 1791 1913 +edge_2_0_+disjointig_2_0_44285 27964 29766 44285 -1 -1 1406 0.0270683
Chain
	Aln	3	+SRR33939694.50496/1 118 1436 1465 -edge_2_0_+disjointig_2_0_44285 17205 18526 44285 -1 -1 1201 0.013844
Chain
	Aln	2	-SRR33939694.50496/1 28 1346 1465 +edge_2_0_+disjointig_2_0_44285 25758 27079 44285 -1 -1 1201 0.013844
Chain
	Aln	1	+SRR33939694.50607/1 256 1513 1520 -edge_1_0_+disjointig_1_0_47382 12408 13684 47382 -1 -1 1114 0.0176599
Chain
	Aln	0	-SRR33939694.50607/1 6 1263 1520 +edge_1_0_+disjointig_1_0_47382 33697 34973 47382 -1 -1 1114 0.0176599
Chain
	Aln	2	+SRR33939694.50741/1 111 1239 1243 +edge_2_0_+disjointig_2_0_44285 39965 41098 44285 -1 -1 1023 0.00998804
Chain
	Aln	3	-SRR33939694.50741/1 3 1131 1243 -edge_2_0_+disjointig_2_0_44285 3186 4319 44285 -1 -1 1023 0.00998804
Chain
	Aln	3	+SRR33939694.50725/1 133 1202 1205 -edge_2_0_+disjointig_2_0_44285 38103 39183 44285 -1 -1 693 0.0403426
Chain
	Aln	2	-SRR33939694.50725/1 2 1071 1205 +edge_2_0_+disjointig_2_0_44285 5101 6181 44285 -1 -1 693 0.0403426
Chain
	Aln	3	+SRR33939694.50805/1 116 1406 1424 -edge_2_0_+disjointig_2_0_44285 16635 17934 44285 -1 -1 1004 0.0287555
Chain
	Aln	2	-SRR33939694.50805/1 17 1307 1424 +edge_2_0_+disjointig_2_0_44285 26350 27649 44285 -1 -1 1004 0.0287555
Chain
	Aln	3	+SRR33939694.50752/1 124 1397 1406 -edge_2_0_+disjointig_2_0_44285 21098 22391 44285 -1 -1 878 0.0309691
Chain
	Aln	2	-SRR33939694.50752/1 8 1281 1406 +edge_2_0_+disjointig_2_0_44285 21893 23186 44285 -1 -1 878 0.0309691
Chain
	Aln	2	+SRR33939694.50819/1 125 1285 1314 +edge_2_0_+disjointig_2_0_44285 29862 31045 44285 -1 -1 1039 0.011856
Chain
	Aln	3	-SRR33939694.50819/1 28 1188 1314 -edge_2_0_+disjointig_2_0_44285 13239 14422 44285 -1 -1 1039 0.011856
Chain
	Aln	3	+SRR33939694.50877/1 127 1255 1258 -edge_2_0_+disjointig_2_0_44285 35569 36711 44285 -1 -1 899 0.0262597
Chain
	Aln	2	-SRR33939694.50877/1 2 1130 1258 +edge_2_0_+disjointig_2_0_44285 7573 8715 44285 -1 -1 899 0.0262597
Chain
	Aln	2	+SRR33939694.50886/1 125 1661 1671 +edge_2_0_+disjointig_2_0_44285 14406 15956 44285 -1 -1 1424 0.011247
Chain
	Aln	3	-SRR33939694.50886/1 9 1545 1671 -edge_2_0_+disjointig_2_0_44285 28328 29878 44285 -1 -1 1424 0.011247
Chain
	Aln	2	+SRR33939694.50833/1 116 2420 2426 +edge_2_0_+disjointig_2_0_44285 33951 36278 44285 -1 -1 1982 0.0179741
Chain
	Aln	3	-SRR33939694.50833/1 5 2309 2426 -edge_2_0_+disjointig_2_0_44285 8006 10333 44285 -1 -1 1982 0.0179741
Chain
	Aln	2	+SRR33939694.50875/1 144 2192 2199 +edge_2_0_+disjointig_2_0_44285 40908 42947 44285 -1 -1 1511 0.0283981
Chain
	Aln	3	-SRR33939694.50875/1 6 2054 2199 -edge_2_0_+disjointig_2_0_44285 1337 3376 44285 -1 -1 1511 0.0283981
Chain
	Aln	2	+SRR33939694.50980/1 113 1402 1404 +edge_2_0_+disjointig_2_0_44285 23115 24404 44285 -1 -1 1063 0.0247587
Chain
	Aln	3	-SRR33939694.50980/1 1 1290 1404 -edge_2_0_+disjointig_2_0_44285 19880 21169 44285 -1 -1 1063 0.0247587
Chain
	Aln	2	+SRR33939694.51064/1 128 1254 1263 +edge_2_0_+disjointig_2_0_44285 18994 20122 44285 -1 -1 929 0.0188519
Chain
	Aln	3	-SRR33939694.51064/1 8 1134 1263 -edge_2_0_+disjointig_2_0_44285 24162 25290 44285 -1 -1 929 0.0188519
Chain
	Aln	3	+SRR33939694.51059/1 111 2092 2117 -edge_2_0_+disjointig_2_0_44285 36692 38672 44285 -1 -1 1481 0.0282596
Chain
	Aln	2	-SRR33939694.51059/1 24 2005 2117 +edge_2_0_+disjointig_2_0_44285 5612 7592 44285 -1 -1 1481 0.0282596
Chain
	Aln	2	+SRR33939694.51114/1 171 1394 1404 +edge_2_0_+disjointig_2_0_44285 8035 9295 44285 -1 -1 860 0.0329351
Chain
	Aln	3	-SRR33939694.51114/1 9 1232 1404 -edge_2_0_+disjointig_2_0_44285 34989 36249 44285 -1 -1 860 0.0329351
Chain
	Aln	3	+SRR33939694.51137/1 159 1171 1179 -edge_2_0_+disjointig_2_0_44285 37229 38239 44285 -1 -1 919 0.010527
Chain
	Aln	2	-SRR33939694.51137/1 7 1019 1179 +edge_2_0_+disjointig_2_0_44285 6045 7055 44285 -1 -1 919 0.010527
Chain
	Aln	2	+SRR33939694.51130/1 105 1339 1343 +edge_2_0_+disjointig_2_0_44285 35125 36368 44285 -1 -1 1124 0.0121515
Chain
	Aln	3	-SRR33939694.51130/1 3 1237 1343 -edge_2_0_+disjointig_2_0_44285 7916 9159 44285 -1 -1 1124 0.0121515
Chain
	Aln	2	+SRR33939694.51140/1 108 1137 1173 +edge_2_0_+disjointig_2_0_44285 43217 44246 44285 -1 -1 912 0.0158662
Chain
	Aln	3	-SRR33939694.51140/1 35 1064 1173 -edge_2_0_+disjointig_2_0_44285 38 1067 44285 -1 -1 912 0.0158662
Chain
	Aln	1	+SRR33939694.51046/1 298 2641 2651 -edge_1_0_+disjointig_1_0_47382 1787 4121 47382 -1 -1 1408 0.0472436
Chain
	Aln	0	-SRR33939694.51046/1 9 2352 2651 +edge_1_0_+disjointig_1_0_47382 43260 45594 47382 -1 -1 1408 0.0472436
Chain
	Aln	3	+SRR33939694.51176/1 145 1299 1313 -edge_2_0_+disjointig_2_0_44285 31690 32841 44285 -1 -1 927 0.0234387
Chain
	Aln	2	-SRR33939694.51176/1 13 1167 1313 +edge_2_0_+disjointig_2_0_44285 11443 12594 44285 -1 -1 927 0.0234387
Chain
	Aln	2	+SRR33939694.51211/1 116 1484 1516 +edge_2_0_+disjointig_2_0_44285 37904 39267 44285 -1 -1 1128 0.0159005
Chain
	Aln	3	-SRR33939694.51211/1 31 1399 1516 -edge_2_0_+disjointig_2_0_44285 5017 6380 44285 -1 -1 1128 0.0159005
Chain
	Aln	2	+SRR33939694.51303/1 106 1183 1195 +edge_2_0_+disjointig_2_0_44285 43005 44094 44285 -1 -1 766 0.0351703
Chain
	Aln	3	-SRR33939694.51303/1 11 1088 1195 -edge_2_0_+disjointig_2_0_44285 190 1279 44285 -1 -1 766 0.0351703
Chain
	Aln	3	+SRR33939694.51391/1 102 1155 1161 -edge_2_0_+disjointig_2_0_44285 25235 26297 44285 -1 -1 878 0.0177231
Chain
	Aln	2	-SRR33939694.51391/1 5 1058 1161 +edge_2_0_+disjointig_2_0_44285 17987 19049 44285 -1 -1 878 0.0177231
Chain
	Aln	3	+SRR33939694.51432/1 135 1579 1583 -edge_2_0_+disjointig_2_0_44285 28677 30154 44285 -1 -1 1170 0.0219788
Chain
	Aln	2	-SRR33939694.51432/1 3 1447 1583 +edge_2_0_+disjointig_2_0_44285 14130 15607 44285 -1 -1 1170 0.0219788
Chain
	Aln	3	+SRR33939694.51399/1 118 1579 1583 -edge_2_0_+disjointig_2_0_44285 17764 19221 44285 -1 -1 1285 0.012225
Chain
	Aln	2	-SRR33939694.51399/1 3 1464 1583 +edge_2_0_+disjointig_2_0_44285 25063 26520 44285 -1 -1 1285 0.012225
Chain
	Aln	3	+SRR33939694.51349/1 127 1525 1573 -edge_2_0_+disjointig_2_0_44285 3974 5393 44285 -1 -1 850 0.0441126
Chain
	Aln	2	-SRR33939694.51349/1 47 1445 1573 +edge_2_0_+disjointig_2_0_44285 38891 40310 44285 -1 -1 850 0.0441126
Chain
	Aln	2	+SRR33939694.51562/1 110 1312 1329 +edge_2_0_+disjointig_2_0_44285 28423 29622 44285 -1 -1 776 0.0509518
Chain
	Aln	3	-SRR33939694.51562/1 16 1218 1329 -edge_2_0_+disjointig_2_0_44285 14662 15861 44285 -1 -1 776 0.0509518
Chain
	Aln	2	+SRR33939694.51596/1 111 1405 1421 +edge_2_0_+disjointig_2_0_44285 28550 29854 44285 -1 -1 1078 0.0262082
Chain
	Aln	3	-SRR33939694.51596/1 15 1309 1421 -edge_2_0_+disjointig_2_0_44285 14430 15734 44285 -1 -1 1078 0.0262082
Chain
	Aln	2	+SRR33939694.51636/1 117 1386 1627 +edge_2_0_+disjointig_2_0_44285 3841 5117 44285 -1 -1 998 0.0289345
Chain
	Aln	3	-SRR33939694.51636/1 240 1509 1627 -edge_2_0_+disjointig_2_0_44285 39167 40443 44285 -1 -1 998 0.0289345
Chain
	Aln	2	+SRR33939694.51657/1 116 1139 1143 +edge_2_0_+disjointig_2_0_44285 10536 11559 44285 -1 -1 858 0.0243846
Chain
	Aln	3	-SRR33939694.51657/1 3 1026 1143 -edge_2_0_+disjointig_2_0_44285 32725 33748 44285 -1 -1 858 0.0243846
Chain
	Aln	2	+SRR33939694.51606/1 125 1573 1577 +edge_2_0_+disjointig_2_0_44285 33407 34907 44285 -1 -1 1001 0.0356178
Chain
	Aln	3	-SRR33939694.51606/1 3 1451 1577 -edge_2_0_+disjointig_2_0_44285 9377 10877 44285 -1 -1 1001 0.0356178
Chain
	Aln	2	+SRR33939694.51646/1 153 1517 1519 +edge_2_0_+disjointig_2_0_44285 9212 10589 44285 -1 -1 1010 0.0298006
Chain
	Aln	3	-SRR33939694.51646/1 1 1365 1519 -edge_2_0_+disjointig_2_0_44285 33695 35072 44285 -1 -1 1010 0.0298006
Chain
	Aln	3	+SRR33939694.51743/1 153 1643 1653 -edge_2_0_+disjointig_2_0_44285 35463 36943 44285 -1 -1 1375 0.00892475
Chain
	Aln	2	-SRR33939694.51743/1 9 1499 1653 +edge_2_0_+disjointig_2_0_44285 7341 8821 44285 -1 -1 1375 0.00892475
Chain
	Aln	3	+SRR33939694.51798/1 154 1330 1333 -edge_2_0_+disjointig_2_0_44285 8356 9533 44285 -1 -1 1047 0.0125683
Chain
	Aln	2	-SRR33939694.51798/1 2 1178 1333 +edge_2_0_+disjointig_2_0_44285 34751 35928 44285 -1 -1 1047 0.0125683
Chain
	Aln	3	+SRR33939694.51841/1 231 1542 1550 -edge_2_0_+disjointig_2_0_44285 4354 5692 44285 -1 -1 769 0.0494823
Chain
	Aln	2	-SRR33939694.51841/1 7 1318 1550 +edge_2_0_+disjointig_2_0_44285 38592 39930 44285 -1 -1 769 0.0494823
Chain
	Aln	3	+SRR33939694.51863/1 116 1537 1541 -edge_2_0_+disjointig_2_0_44285 21098 22519 44285 -1 -1 1173 0.0216446
Chain
	Aln	2	-SRR33939694.51863/1 3 1424 1541 +edge_2_0_+disjointig_2_0_44285 21765 23186 44285 -1 -1 1173 0.0216446
Chain
	Aln	2	+SRR33939694.52139/1 118 1218 1224 +edge_2_0_+disjointig_2_0_44285 25273 26376 44285 -1 -1 990 0.00977755
Chain
	Aln	3	-SRR33939694.52139/1 5 1105 1224 -edge_2_0_+disjointig_2_0_44285 17908 19011 44285 -1 -1 990 0.00977755
Chain
	Aln	2	+SRR33939694.52018/1 120 1962 2024 +edge_2_0_+disjointig_2_0_44285 30386 32223 44285 -1 -1 987 0.0513643
Chain
	Aln	3	-SRR33939694.52018/1 61 1903 2024 -edge_2_0_+disjointig_2_0_44285 12061 13898 44285 -1 -1 987 0.0513643
Chain
	Aln	2	+SRR33939694.52135/1 118 1564 1573 +edge_2_0_+disjointig_2_0_44285 11044 12522 44285 -1 -1 1080 0.0331903
Chain
	Aln	3	-SRR33939694.52135/1 8 1454 1573 -edge_2_0_+disjointig_2_0_44285 31762 33240 44285 -1 -1 1080 0.0331903
Chain
	Aln	2	+SRR33939694.52250/1 125 1253 1255 +edge_2_0_+disjointig_2_0_44285 33588 34722 44285 -1 -1 728 0.0444131
Chain
	Aln	3	-SRR33939694.52250/1 1 1129 1255 -edge_2_0_+disjointig_2_0_44285 9562 10696 44285 -1 -1 728 0.0444131
Chain
	Aln	3	+SRR33939694.52226/1 112 1998 2028 -edge_2_0_+disjointig_2_0_44285 16233 18138 44285 -1 -1 1579 0.0206645
Chain
	Aln	2	-SRR33939694.52226/1 29 1915 2028 +edge_2_0_+disjointig_2_0_44285 26146 28051 44285 -1 -1 1579 0.0206645
Chain
	Aln	2	+SRR33939694.52260/1 110 1415 1423 +edge_2_0_+disjointig_2_0_44285 8209 9513 44285 -1 -1 987 0.027822
Chain
	Aln	3	-SRR33939694.52260/1 7 1312 1423 -edge_2_0_+disjointig_2_0_44285 34771 36075 44285 -1 -1 987 0.027822
Chain
	Aln	3	+SRR33939694.52267/1 140 1224 1227 -edge_2_0_+disjointig_2_0_44285 18935 20018 44285 -1 -1 985 0.0126904
Chain
	Aln	2	-SRR33939694.52267/1 2 1086 1227 +edge_2_0_+disjointig_2_0_44285 24266 25349 44285 -1 -1 985 0.0126904
Chain
	Aln	3	+SRR33939694.52340/1 124 1284 1287 -edge_2_0_+disjointig_2_0_44285 13710 14874 44285 -1 -1 862 0.0344212
Chain
	Aln	2	-SRR33939694.52340/1 2 1162 1287 +edge_2_0_+disjointig_2_0_44285 29410 30574 44285 -1 -1 862 0.0344212
Chain
	Aln	2	+SRR33939694.52325/1 117 1616 1619 +edge_2_0_+disjointig_2_0_44285 41494 42998 44285 -1 -1 1375 0.00897211
Chain
	Aln	3	-SRR33939694.52325/1 2 1501 1619 -edge_2_0_+disjointig_2_0_44285 1286 2790 44285 -1 -1 1375 0.00897211
Chain
	Aln	3	+SRR33939694.52462/1 113 1149 1178 -edge_2_0_+disjointig_2_0_44285 5320 6383 44285 -1 -1 603 0.0504917
Chain
	Aln	2	-SRR33939694.52462/1 28 1064 1178 +edge_2_0_+disjointig_2_0_44285 37901 38964 44285 -1 -1 603 0.0504917
Chain
	Aln	2	+SRR33939694.52398/1 132 1307 1309 +edge_2_0_+disjointig_2_0_44285 23683 24854 44285 -1 -1 1031 0.0170634
Chain
	Aln	3	-SRR33939694.52398/1 1 1176 1309 -edge_2_0_+disjointig_2_0_44285 19430 20601 44285 -1 -1 1031 0.0170634
Chain
	Aln	3	+SRR33939694.52360/1 121 1633 1655 -edge_2_0_+disjointig_2_0_44285 36458 37983 44285 -1 -1 969 0.0358057
Chain
	Aln	2	-SRR33939694.52360/1 21 1533 1655 +edge_2_0_+disjointig_2_0_44285 6301 7826 44285 -1 -1 969 0.0358057
Chain
	Aln	3	+SRR33939694.52411/1 122 1334 1358 -edge_2_0_+disjointig_2_0_44285 35013 36234 44285 -1 -1 942 0.0297537
Chain
	Aln	2	-SRR33939694.52411/1 23 1235 1358 +edge_2_0_+disjointig_2_0_44285 8050 9271 44285 -1 -1 942 0.0297537
Chain
	Aln	3	+SRR33939694.52501/1 139 1581 1590 -edge_2_0_+disjointig_2_0_44285 29148 30591 44285 -1 -1 1074 0.0302624
Chain
	Aln	2	-SRR33939694.52501/1 8 1450 1590 +edge_2_0_+disjointig_2_0_44285 13693 15136 44285 -1 -1 1074 0.0302624
Chain
	Aln	2	+SRR33939694.52561/1 132 1137 1143 +edge_2_0_+disjointig_2_0_44285 22061 23059 44285 -1 -1 756 0.0257815
Chain
	Aln	3	-SRR33939694.52561/1 5 1010 1143 -edge_2_0_+disjointig_2_0_44285 21225 22223 44285 -1 -1 756 0.0257815
Chain
	Aln	2	+SRR33939694.52546/1 130 1822 1850 +edge_2_0_+disjointig_2_0_44285 10345 12048 44285 -1 -1 1244 0.0329544
Chain
	Aln	3	-SRR33939694.52546/1 27 1719 1850 -edge_2_0_+disjointig_2_0_44285 32236 33939 44285 -1 -1 1244 0.0329544
Chain
	Aln	2	+SRR33939694.52551/1 120 1739 1758 +edge_2_0_+disjointig_2_0_44285 5783 7393 44285 -1 -1 1374 0.0179938
Chain
	Aln	3	-SRR33939694.52551/1 18 1637 1758 -edge_2_0_+disjointig_2_0_44285 36891 38501 44285 -1 -1 1374 0.0179938
Chain
	Aln	3	+SRR33939694.52571/1 120 1782 1785 -edge_2_0_+disjointig_2_0_44285 11289 12952 44285 -1 -1 1292 0.0295953
Chain
	Aln	2	-SRR33939694.52571/1 2 1664 1785 +edge_2_0_+disjointig_2_0_44285 31332 32995 44285 -1 -1 1292 0.0295953
Chain
	Aln	2	+SRR33939694.52590/1 125 1527 1531 +edge_2_0_+disjointig_2_0_44285 23954 25358 44285 -1 -1 990 0.0388533
Chain
	Aln	3	-SRR33939694.52590/1 3 1405 1531 -edge_2_0_+disjointig_2_0_44285 18926 20330 44285 -1 -1 990 0.0388533
Chain
	Aln	2	+SRR33939694.52580/1 119 1393 1395 +edge_2_0_+disjointig_2_0_44285 23554 24829 44285 -1 -1 1030 0.0248852
Chain
	Aln	3	-SRR33939694.52580/1 1 1275 1395 -edge_2_0_+disjointig_2_0_44285 19455 20730 44285 -1 -1 1030 0.0248852
Chain
	Aln	2	+SRR33939694.52647/1 121 1502 1527 +edge_2_0_+disjointig_2_0_44285 23459 24843 44285 -1 -1 1230 0.0181532
Chain
	Aln	3	-SRR33939694.52647/1 24 1405 1527 -edge_2_0_+disjointig_2_0_44285 19441 20825 44285 -1 -1 1230 0.0181532
Chain
	Aln	2	+SRR33939694.52352/1 151 6660 6662 +edge_2_0_+disjointig_2_0_44285 37747 44282 44285 -1 -1 5280 0.0201766
Chain
	Aln	3	-SRR33939694.52352/1 1 6510 6662 -edge_2_0_+disjointig_2_0_44285 2 6537 44285 -1 -1 5280 0.0201766
Chain
	Aln	3	+SRR33939694.52695/1 114 1137 1171 -edge_2_0_+disjointig_2_0_44285 35195 36234 44285 -1 -1 717 0.0324055
Chain
	Aln	2	-SRR33939694.52695/1 33 1056 1171 +edge_2_0_+disjointig_2_0_44285 8050 9089 44285 -1 -1 717 0.0324055
Chain
	Aln	2	+SRR33939694.52755/1 128 1898 1901 +edge_2_0_+disjointig_2_0_44285 40843 42631 44285 -1 -1 1093 0.0443908
Chain
	Aln	3	-SRR33939694.52755/1 2 1772 1901 -edge_2_0_+disjointig_2_0_44285 1653 3441 44285 -1 -1 1093 0.0443908
Chain
	Aln	2	+SRR33939694.52785/1 106 1294 1311 +edge_2_0_+disjointig_2_0_44285 31695 32887 44285 -1 -1 1062 0.0160982
Chain
	Aln	3	-SRR33939694.52785/1 16 1204 1311 -edge_2_0_+disjointig_2_0_44285 11397 12589 44285 -1 -1 1062 0.0160982
Chain
	Aln	1	+SRR33939694.52624/1 298 4549 4552 -edge_1_0_+disjointig_1_0_47382 18234 22499 47382 -1 -1 2544 0.0497813
Chain
	Aln	0	-SRR33939694.52624/1 2 4253 4552 +edge_1_0_+disjointig_1_0_47382 24882 29147 47382 -1 -1 2544 0.0497813
Chain
	Aln	3	+SRR33939694.52765/1 131 2738 2755 -edge_2_0_+disjointig_2_0_44285 25137 27779 44285 -1 -1 1941 0.0293391
Chain
	Aln	2	-SRR33939694.52765/1 16 2623 2755 +edge_2_0_+disjointig_2_0_44285 16505 19147 44285 -1 -1 1941 0.0293391
Chain
	Aln	3	+SRR33939694.52812/1 109 1509 1516 -edge_2_0_+disjointig_2_0_44285 6198 7606 44285 -1 -1 1178 0.019804
Chain
	Aln	2	-SRR33939694.52812/1 6 1406 1516 +edge_2_0_+disjointig_2_0_44285 36678 38086 44285 -1 -1 1178 0.019804
Chain
	Aln	3	+SRR33939694.52853/1 160 1788 1796 -edge_2_0_+disjointig_2_0_44285 35281 36921 44285 -1 -1 1103 0.0377902
Chain
	Aln	2	-SRR33939694.52853/1 7 1635 1796 +edge_2_0_+disjointig_2_0_44285 7363 9003 44285 -1 -1 1103 0.0377902
Chain
	Aln	2	+SRR33939694.52973/1 151 1168 1177 +edge_2_0_+disjointig_2_0_44285 42931 43953 44285 -1 -1 862 0.0210712
Chain
	Aln	3	-SRR33939694.52973/1 8 1025 1177 -edge_2_0_+disjointig_2_0_44285 331 1353 44285 -1 -1 862 0.0210712
Chain
	Aln	2	+SRR33939694.52930/1 120 1495 1516 +edge_2_0_+disjointig_2_0_44285 20455 21828 44285 -1 -1 1028 0.0293268
Chain
	Aln	3	-SRR33939694.52930/1 20 1395 1516 -edge_2_0_+disjointig_2_0_44285 22456 23829 44285 -1 -1 1028 0.0293268
Chain
	Aln	2	+SRR33939694.53011/1 155 1239 1254 +edge_2_0_+disjointig_2_0_44285 11565 12652 44285 -1 -1 865 0.0246982
Chain
	Aln	3	-SRR33939694.53011/1 14 1098 1254 -edge_2_0_+disjointig_2_0_44285 31632 32719 44285 -1 -1 865 0.0246982
Chain
	Aln	2	+SRR33939694.53033/1 185 1362 1425 +edge_2_0_+disjointig_2_0_44285 5073 6244 44285 -1 -1 936 0.0262924
Chain
	Aln	3	-SRR33939694.53033/1 62 1239 1425 -edge_2_0_+disjointig_2_0_44285 38040 39211 44285 -1 -1 936 0.0262924
Chain
	Aln	2	+SRR33939694.53058/1 148 1275 1281 +edge_2_0_+disjointig_2_0_44285 16685 17812 44285 -1 -1 919 0.0272782
Chain
	Aln	3	-SRR33939694.53058/1 5 1132 1281 -edge_2_0_+disjointig_2_0_44285 26472 27599 44285 -1 -1 919 0.0272782
Chain
	Aln	2	+SRR33939694.53071/1 117 1361 1370 +edge_2_0_+disjointig_2_0_44285 3392 4645 44285 -1 -1 1077 0.0223334
Chain
	Aln	3	-SRR33939694.53071/1 8 1252 1370 -edge_2_0_+disjointig_2_0_44285 39639 40892 44285 -1 -1 1077 0.0223334
Chain
	Aln	1	+SRR33939694.52868/1 229 4759 4769 -edge_1_0_+disjointig_1_0_47382 7878 12410 47382 -1 -1 3443 0.027363
Chain
	Aln	0	-SRR33939694.52868/1 9 4539 4769 +edge_1_0_+disjointig_1_0_47382 34971 39503 47382 -1 -1 3443 0.027363
Chain
	Aln	1	+SRR33939694.53034/1 184 2299 2317 -edge_1_0_+disjointig_1_0_47382 37695 39893 47382 -1 -1 1283 0.0499922
Chain
	Aln	0	-SRR33939694.53034/1 17 2132 2317 +edge_1_0_+disjointig_1_0_47382 7488 9686 47382 -1 -1 1283 0.0499922
Chain
	Aln	2	+SRR33939694.53093/1 116 1153 1160 +edge_2_0_+disjointig_2_0_44285 34226 35270 44285 -1 -1 911 0.0146959
Chain
	Aln	3	-SRR33939694.53093/1 6 1043 1160 -edge_2_0_+disjointig_2_0_44285 9014 10058 44285 -1 -1 911 0.0146959
Chain
	Aln	2	+SRR33939694.53177/1 122 1193 1199 +edge_2_0_+disjointig_2_0_44285 4265 5340 44285 -1 -1 984 0.00896117
Chain
	Aln	3	-SRR33939694.53177/1 5 1076 1199 -edge_2_0_+disjointig_2_0_44285 38944 40019 44285 -1 -1 984 0.00896117
Chain
	Aln	3	+SRR33939694.53185/1 131 1308 1426 -edge_2_0_+disjointig_2_0_44285 33689 34863 44285 -1 -1 999 0.0182768
Chain
	Aln	2	-SRR33939694.53185/1 117 1294 1426 +edge_2_0_+disjointig_2_0_44285 9421 10595 44285 -1 -1 999 0.0182768
Chain
	Aln	3	+SRR33939694.53198/1 185 1341 1361 -edge_2_0_+disjointig_2_0_44285 3955 5123 44285 -1 -1 851 0.034623
Chain
	Aln	2	-SRR33939694.53198/1 19 1175 1361 +edge_2_0_+disjointig_2_0_44285 39161 40329 44285 -1 -1 851 0.034623
Chain
	Aln	2	+SRR33939694.53142/1 102 1442 1465 +edge_2_0_+disjointig_2_0_44285 26702 28041 44285 -1 -1 864 0.0417154
Chain
	Aln	3	-SRR33939694.53142/1 22 1362 1465 -edge_2_0_+disjointig_2_0_44285 16243 17582 44285 -1 -1 864 0.0417154
Chain
	Aln	2	+SRR33939694.53231/1 115 1595 1605 +edge_2_0_+disjointig_2_0_44285 36807 38290 44285 -1 -1 1184 0.0278874
Chain
	Aln	3	-SRR33939694.53231/1 9 1489 1605 -edge_2_0_+disjointig_2_0_44285 5994 7477 44285 -1 -1 1184 0.0278874
Chain
	Aln	3	+SRR33939694.53206/1 122 1435 1440 -edge_2_0_+disjointig_2_0_44285 5684 7005 44285 -1 -1 1150 0.0154127
Chain
	Aln	2	-SRR33939694.53206/1 4 1317 1440 +edge_2_0_+disjointig_2_0_44285 37279 38600 44285 -1 -1 1150 0.0154127
Chain
	Aln	2	+SRR33939694.53276/1 122 1351 1354 +edge_2_0_+disjointig_2_0_44285 28198 29441 44285 -1 -1 980 0.0325869
Chain
	Aln	3	-SRR33939694.53276/1 2 1231 1354 -edge_2_0_+disjointig_2_0_44285 14843 16086 44285 -1 -1 980 0.0325869
Chain
	Aln	1	+SRR33939694.52183/1 891 17181 17185 -edge_1_0_+disjointig_1_0_47382 26010 42316 47382 -1 -1 12413 0.0282134
Chain
	Aln	0	-SRR33939694.52183/1 3 16293 17185 +edge_1_0_+disjointig_1_0_47382 5065 21371 47382 -1 -1 12413 0.0282134
Chain
	Aln	2	+SRR33939694.53256/1 122 2095 2122 +edge_2_0_+disjointig_2_0_44285 6066 8038 44285 -1 -1 1428 0.033549
Chain
	Aln	3	-SRR33939694.53256/1 26 1999 2122 -edge_2_0_+disjointig_2_0_44285 36246 38218 44285 -1 -1 1428 0.033549
Chain
	Aln	2	+SRR33939694.53376/1 121 1585 1587 +edge_2_0_+disjointig_2_0_44285 4951 6413 44285 -1 -1 1217 0.0211417
Chain
	Aln	3	-SRR33939694.53376/1 1 1465 1587 -edge_2_0_+disjointig_2_0_44285 37871 39333 44285 -1 -1 1217 0.0211417
Chain
	Aln	2	+SRR33939694.53494/1 170 1603 1608 +edge_2_0_+disjointig_2_0_44285 15526 16967 44285 -1 -1 1039 0.032473
Chain
	Aln	3	-SRR33939694.53494/1 4 1437 1608 -edge_2_0_+disjointig_2_0_44285 27317 28758 44285 -1 -1 1039 0.032473
Chain
	Aln	2	+SRR33939694.53625/1 133 1179 1187 +edge_2_0_+disjointig_2_0_44285 37770 38821 44285 -1 -1 610 0.0430551
Chain
	Aln	3	-SRR33939694.53625/1 7 1053 1187 -edge_2_0_+disjointig_2_0_44285 5463 6514 44285 -1 -1 610 0.0430551
Chain
	Aln	2	+SRR33939694.53645/1 130 1175 1178 +edge_2_0_+disjointig_2_0_44285 29071 30134 44285 -1 -1 525 0.0708609
Chain
	Aln	3	-SRR33939694.53645/1 2 1047 1178 -edge_2_0_+disjointig_2_0_44285 14150 15213 44285 -1 -1 525 0.0708609
Chain
	Aln	3	+SRR33939694.53604/1 114 1813 1834 -edge_2_0_+disjointig_2_0_44285 27644 29353 44285 -1 -1 1195 0.036231
Chain
	Aln	2	-SRR33939694.53604/1 20 1719 1834 +edge_2_0_+disjointig_2_0_44285 14931 16640 44285 -1 -1 1195 0.036231
Chain
	Aln	3	+SRR33939694.53656/1 134 1210 1214 -edge_2_0_+disjointig_2_0_44285 1371 2450 44285 -1 -1 892 0.01907
Chain
	Aln	2	-SRR33939694.53656/1 3 1079 1214 +edge_2_0_+disjointig_2_0_44285 41834 42913 44285 -1 -1 892 0.01907
Chain
	Aln	3	+SRR33939694.53881/1 104 1211 1213 -edge_2_0_+disjointig_2_0_44285 3621 4748 44285 -1 -1 879 0.024604
Chain
	Aln	2	-SRR33939694.53881/1 1 1108 1213 +edge_2_0_+disjointig_2_0_44285 39536 40663 44285 -1 -1 879 0.024604
Chain
	Aln	3	+SRR33939694.53894/1 120 1220 1226 -edge_2_0_+disjointig_2_0_44285 14308 15414 44285 -1 -1 997 0.0188898
Chain
	Aln	2	-SRR33939694.53894/1 5 1105 1226 +edge_2_0_+disjointig_2_0_44285 28870 29976 44285 -1 -1 997 0.0188898
Chain
	Aln	2	+SRR33939694.53961/1 135 1360 1366 +edge_2_0_+disjointig_2_0_44285 40331 41544 44285 -1 -1 818 0.0379265
Chain
	Aln	3	-SRR33939694.53961/1 5 1230 1366 -edge_2_0_+disjointig_2_0_44285 2740 3953 44285 -1 -1 818 0.0379265
Chain
	Aln	2	+SRR33939694.53813/1 126 1863 1868 +edge_2_0_+disjointig_2_0_44285 1972 3709 44285 -1 -1 1588 0.00949595
Chain
	Aln	3	-SRR33939694.53813/1 4 1741 1868 -edge_2_0_+disjointig_2_0_44285 40575 42312 44285 -1 -1 1588 0.00949595
Chain
	Aln	2	+SRR33939694.53933/1 156 2003 2010 +edge_2_0_+disjointig_2_0_44285 41060 42913 44285 -1 -1 1343 0.0253951
Chain
	Aln	3	-SRR33939694.53933/1 6 1853 2010 -edge_2_0_+disjointig_2_0_44285 1371 3224 44285 -1 -1 1343 0.0253951
Chain
	Aln	3	+SRR33939694.54025/1 120 1123 1131 -edge_2_0_+disjointig_2_0_44285 22779 23781 44285 -1 -1 950 0.00775322
Chain
	Aln	2	-SRR33939694.54025/1 7 1010 1131 +edge_2_0_+disjointig_2_0_44285 20503 21505 44285 -1 -1 950 0.00775322
Chain
	Aln	3	+SRR33939694.54018/1 113 1205 1208 -edge_2_0_+disjointig_2_0_44285 8199 9293 44285 -1 -1 906 0.0219908
Chain
	Aln	2	-SRR33939694.54018/1 2 1094 1208 +edge_2_0_+disjointig_2_0_44285 34991 36085 44285 -1 -1 906 0.0219908
Chain
	Aln	2	+SRR33939694.54193/1 114 1671 1680 +edge_2_0_+disjointig_2_0_44285 34479 36012 44285 -1 -1 976 0.0414766
Chain
	Aln	3	-SRR33939694.54193/1 8 1565 1680 -edge_2_0_+disjointig_2_0_44285 8272 9805 44285 -1 -1 976 0.0414766
Chain
	Aln	3	+SRR33939694.54242/1 115 1132 1136 -edge_2_0_+disjointig_2_0_44285 33181 34193 44285 -1 -1 844 0.0235623
Chain
	Aln	2	-SRR33939694.54242/1 3 1020 1136 +edge_2_0_+disjointig_2_0_44285 10091 11103 44285 -1 -1 844 0.0235623
Chain
	Aln	2	+SRR33939694.54143/1 121 1886 1892 +edge_2_0_+disjointig_2_0_44285 444 2213 44285 -1 -1 1558 0.0151144
Chain
	Aln	3	-SRR33939694.54143/1 5 1770 1892 -edge_2_0_+disjointig_2_0_44285 42071 43840 44285 -1 -1 1558 0.0151144
Chain
	Aln	3	+SRR33939694.54046/1 115 2370 2387 -edge_2_0_+disjointig_2_0_44285 24128 26380 44285 -1 -1 1756 0.0239801
Chain
	Aln	2	-SRR33939694.54046/1 16 2271 2387 +edge_2_0_+disjointig_2_0_44285 17904 20156 44285 -1 -1 1756 0.0239801
Chain
	Aln	3	+SRR33939694.54251/1 116 1210 1217 -edge_2_0_+disjointig_2_0_44285 4325 5432 44285 -1 -1 854 0.0257707
Chain
	Aln	2	-SRR33939694.54251/1 6 1100 1217 +edge_2_0_+disjointig_2_0_44285 38852 39959 44285 -1 -1 854 0.0257707
Chain
	Aln	3	+SRR33939694.54346/1 143 1163 1179 -edge_2_0_+disjointig_2_0_44285 11573 12599 44285 -1 -1 912 0.0152846
Chain
	Aln	2	-SRR33939694.54346/1 15 1035 1179 +edge_2_0_+disjointig_2_0_44285 31685 32711 44285 -1 -1 912 0.0152846
Chain
	Aln	2	+SRR33939694.54373/1 125 1157 1160 +edge_2_0_+disjointig_2_0_44285 9894 10932 44285 -1 -1 871 0.022897
Chain
	Aln	3	-SRR33939694.54373/1 2 1034 1160 -edge_2_0_+disjointig_2_0_44285 33352 34390 44285 -1 -1 871 0.022897
Chain
	Aln	3	+SRR33939694.54349/1 113 1435 1443 -edge_2_0_+disjointig_2_0_44285 9963 11289 44285 -1 -1 1149 0.0162743
Chain
	Aln	2	-SRR33939694.54349/1 7 1329 1443 +edge_2_0_+disjointig_2_0_44285 32995 34321 44285 -1 -1 1149 0.0162743
Chain
	Aln	3	+SRR33939694.54227/1 108 2690 2704 -edge_2_0_+disjointig_2_0_44285 31198 33786 44285 -1 -1 2087 0.0293457
Chain
	Aln	2	-SRR33939694.54227/1 13 2595 2704 +edge_2_0_+disjointig_2_0_44285 10498 13086 44285 -1 -1 2087 0.0293457
Chain
	Aln	3	+SRR33939694.54440/1 118 1286 1294 -edge_2_0_+disjointig_2_0_44285 7226 8404 44285 -1 -1 1043 0.0172134
Chain
	Aln	2	-SRR33939694.54440/1 7 1175 1294 +edge_2_0_+disjointig_2_0_44285 35880 37058 44285 -1 -1 1043 0.0172134
Chain
	Aln	2	+SRR33939694.54481/1 118 1262 1265 +edge_2_0_+disjointig_2_0_44285 4496 5645 44285 -1 -1 1093 0.00784641
Chain
	Aln	3	-SRR33939694.54481/1 2 1146 1265 -edge_2_0_+disjointig_2_0_44285 38639 39788 44285 -1 -1 1093 0.00784641
Chain
	Aln	3	+SRR33939694.54425/1 123 2136 2143 -edge_2_0_+disjointig_2_0_44285 12004 14010 44285 -1 -1 1241 0.0441363
Chain
	Aln	2	-SRR33939694.54425/1 6 2019 2143 +edge_2_0_+disjointig_2_0_44285 30274 32280 44285 -1 -1 1241 0.0441363
Chain
	Aln	3	+SRR33939694.54518/1 111 1535 1541 -edge_2_0_+disjointig_2_0_44285 22983 24412 44285 -1 -1 959 0.029689
Chain
	Aln	2	-SRR33939694.54518/1 5 1429 1541 +edge_2_0_+disjointig_2_0_44285 19872 21301 44285 -1 -1 959 0.029689
Chain
	Aln	2	+SRR33939694.54470/1 122 2984 2995 +edge_2_0_+disjointig_2_0_44285 40262 43146 44285 -1 -1 2427 0.0165734
Chain
	Aln	3	-SRR33939694.54470/1 10 2872 2995 -edge_2_0_+disjointig_2_0_44285 1138 4022 44285 -1 -1 2427 0.0165734
Chain
	Aln	3	+SRR33939694.54582/1 115 1267 1272 -edge_2_0_+disjointig_2_0_44285 42543 43697 44285 -1 -1 1033 0.013837
Chain
	Aln	2	-SRR33939694.54582/1 4 1156 1272 +edge_2_0_+disjointig_2_0_44285 587 1741 44285 -1 -1 1033 0.013837
Chain
	Aln	3	+SRR33939694.54668/1 121 1186 1196 -edge_2_0_+disjointig_2_0_44285 18604 19675 44285 -1 -1 843 0.0211718
Chain
	Aln	2	-SRR33939694.54668/1 9 1074 1196 +edge_2_0_+disjointig_2_0_44285 24609 25680 44285 -1 -1 843 0.0211718
Chain
	Aln	3	+SRR33939694.54555/1 133 2306 2315 -edge_2_0_+disjointig_2_0_44285 4414 6599 44285 -1 -1 1611 0.027538
Chain
	Aln	2	-SRR33939694.54555/1 8 2181 2315 +edge_2_0_+disjointig_2_0_44285 37685 39870 44285 -1 -1 1611 0.027538
Chain
	Aln	0	+SRR33939694.54579/1 211 1647 1651 +edge_1_0_+disjointig_1_0_47382 21646 23100 47382 -1 -1 1159 0.0270769
Chain
	Aln	1	-SRR33939694.54579/1 3 1439 1651 -edge_1_0_+disjointig_1_0_47382 24281 25735 47382 -1 -1 1159 0.0270769
Chain
	Aln	3	+SRR33939694.54671/1 119 1369 1397 -edge_2_0_+disjointig_2_0_44285 5261 6514 44285 -1 -1 1018 0.0183253
Chain
	Aln	2	-SRR33939694.54671/1 27 1277 1397 +edge_2_0_+disjointig_2_0_44285 37770 39023 44285 -1 -1 1018 0.0183253
Chain
	Aln	2	+SRR33939694.54653/1 133 1928 1938 +edge_2_0_+disjointig_2_0_44285 22463 24262 44285 -1 -1 1608 0.0163403
Chain
	Aln	3	-SRR33939694.54653/1 9 1804 1938 -edge_2_0_+disjointig_2_0_44285 20022 21821 44285 -1 -1 1608 0.0163403
Chain
	Aln	3	+SRR33939694.54758/1 172 1172 1232 -edge_2_0_+disjointig_2_0_44285 37619 38632 44285 -1 -1 728 0.0331141
Chain
	Aln	2	-SRR33939694.54758/1 59 1059 1232 +edge_2_0_+disjointig_2_0_44285 5652 6665 44285 -1 -1 728 0.0331141
Chain
	Aln	3	+SRR33939694.54736/1 134 1213 1225 -edge_2_0_+disjointig_2_0_44285 26512 27605 44285 -1 -1 871 0.0268604
Chain
	Aln	2	-SRR33939694.54736/1 11 1090 1225 +edge_2_0_+disjointig_2_0_44285 16679 17772 44285 -1 -1 871 0.0268604
Chain
	Aln	3	+SRR33939694.54781/1 109 1200 1202 -edge_2_0_+disjointig_2_0_44285 9058 10148 44285 -1 -1 957 0.0149485
Chain
	Aln	2	-SRR33939694.54781/1 1 1092 1202 +edge_2_0_+disjointig_2_0_44285 34136 35226 44285 -1 -1 957 0.0149485
Chain
	Aln	2	+SRR33939694.54817/1 123 1142 1155 +edge_2_0_+disjointig_2_0_44285 3045 4062 44285 -1 -1 862 0.0208983
Chain
	Aln	3	-SRR33939694.54817/1 12 1031 1155 -edge_2_0_+disjointig_2_0_44285 40222 41239 44285 -1 -1 862 0.0208983
Chain
	Aln	2	+SRR33939694.54802/1 120 1411 1414 +edge_2_0_+disjointig_2_0_44285 3241 4537 44285 -1 -1 1138 0.0124113
Chain
	Aln	3	-SRR33939694.54802/1 2 1293 1414 -edge_2_0_+disjointig_2_0_44285 39747 41043 44285 -1 -1 1138 0.0124113
Chain
	Aln	2	+SRR33939694.54825/1 117 1424 1426 +edge_2_0_+disjointig_2_0_44285 1604 2896 44285 -1 -1 1010 0.0218736
Chain
	Aln	3	-SRR33939694.54825/1 1 1308 1426 -edge_2_0_+disjointig_2_0_44285 41388 42680 44285 -1 -1 1010 0.0218736
Chain
	Aln	2	+SRR33939694.54818/1 118 1159 1169 +edge_2_0_+disjointig_2_0_44285 41620 42664 44285 -1 -1 995 0.00417017
Chain
	Aln	3	-SRR33939694.54818/1 9 1050 1169 -edge_2_0_+disjointig_2_0_44285 1620 2664 44285 -1 -1 995 0.00417017
Chain
	Aln	3	+SRR33939694.54836/1 125 1803 1805 -edge_2_0_+disjointig_2_0_44285 1149 2835 44285 -1 -1 1296 0.0251779
Chain
	Aln	2	-SRR33939694.54836/1 1 1679 1805 +edge_2_0_+disjointig_2_0_44285 41449 43135 44285 -1 -1 1296 0.0251779
Chain
	Aln	2	+SRR33939694.54863/1 140 1420 1433 +edge_2_0_+disjointig_2_0_44285 4551 5835 44285 -1 -1 1174 0.0115569
Chain
	Aln	3	-SRR33939694.54863/1 12 1292 1433 -edge_2_0_+disjointig_2_0_44285 38449 39733 44285 -1 -1 1174 0.0115569
Chain
	Aln	3	+SRR33939694.54894/1 119 1340 1361 -edge_2_0_+disjointig_2_0_44285 32787 34015 44285 -1 -1 1042 0.0215262
Chain
	Aln	2	-SRR33939694.54894/1 20 1241 1361 +edge_2_0_+disjointig_2_0_44285 10269 11497 44285 -1 -1 1042 0.0215262
Chain
	Aln	2	+SRR33939694.54982/1 144 1174 1195 +edge_2_0_+disjointig_2_0_44285 7460 8500 44285 -1 -1 927 0.014074
Chain
	Aln	3	-SRR33939694.54982/1 20 1050 1195 -edge_2_0_+disjointig_2_0_44285 35784 36824 44285 -1 -1 927 0.014074
Chain
	Aln	3	+SRR33939694.55010/1 121 1353 1371 -edge_2_0_+disjointig_2_0_44285 40115 41341 44285 -1 -1 1047 0.0217175
Chain
	Aln	2	-SRR33939694.55010/1 17 1249 1371 +edge_2_0_+disjointig_2_0_44285 2943 4169 44285 -1 -1 1047 0.0217175
Chain
	Aln	2	+SRR33939694.55117/1 130 1322 1363 +edge_2_0_+disjointig_2_0_44285 13341 14553 44285 -1 -1 861 0.0315554
Chain
	Aln	3	-SRR33939694.55117/1 40 1232 1363 -edge_2_0_+disjointig_2_0_44285 29731 30943 44285 -1 -1 861 0.0315554
Chain
	Aln	2	+SRR33939694.55137/1 118 1179 1185 +edge_2_0_+disjointig_2_0_44285 14586 15666 44285 -1 -1 954 0.0183018
Chain
	Aln	3	-SRR33939694.55137/1 5 1066 1185 -edge_2_0_+disjointig_2_0_44285 28618 29698 44285 -1 -1 954 0.0183018
Chain
	Aln	3	+SRR33939694.55053/1 124 1865 1878 -edge_2_0_+disjointig_2_0_44285 35300 37042 44285 -1 -1 1577 0.0083674
Chain
	Aln	2	-SRR33939694.55053/1 12 1753 1878 +edge_2_0_+disjointig_2_0_44285 7242 8984 44285 -1 -1 1577 0.0083674
Chain
	Aln	3	+SRR33939694.55141/1 159 1402 1407 -edge_2_0_+disjointig_2_0_44285 33327 34589 44285 -1 -1 676 0.0551101
Chain
	Aln	2	-SRR33939694.55141/1 4 1247 1407 +edge_2_0_+disjointig_2_0_44285 9695 10957 44285 -1 -1 676 0.0551101
Chain
	Aln	3	+SRR33939694.55245/1 108 1190 1194 -edge_2_0_+disjointig_2_0_44285 22859 23936 44285 -1 -1 982 0.0156185
Chain
	Aln	2	-SRR33939694.55245/1 3 1085 1194 +edge_2_0_+disjointig_2_0_44285 20348 21425 44285 -1 -1 982 0.0156185
Chain
	Aln	3	+SRR33939694.55220/1 126 2213 2219 -edge_2_0_+disjointig_2_0_44285 23849 25954 44285 -1 -1 1731 0.020581
Chain
	Aln	2	-SRR33939694.55220/1 5 2092 2219 +edge_2_0_+disjointig_2_0_44285 18330 20435 44285 -1 -1 1731 0.020581
Chain
	Aln	3	+SRR33939694.55376/1 119 1226 1228 -edge_2_0_+disjointig_2_0_44285 40863 41971 44285 -1 -1 864 0.0271972
Chain
	Aln	2	-SRR33939694.55376/1 1 1108 1228 +edge_2_0_+disjointig_2_0_44285 2313 3421 44285 -1 -1 864 0.0271972
Chain
	Aln	3	+SRR33939694.55451/1 137 1558 1588 -edge_2_0_+disjointig_2_0_44285 28998 30413 44285 -1 -1 1031 0.0332301
Chain
	Aln	2	-SRR33939694.55451/1 29 1450 1588 +edge_2_0_+disjointig_2_0_44285 13871 15286 44285 -1 -1 1031 0.0332301
Chain
	Aln	3	+SRR33939694.55635/1 126 1170 1174 -edge_2_0_+disjointig_2_0_44285 13837 14884 44285 -1 -1 889 0.0168863
Chain
	Aln	2	-SRR33939694.55635/1 3 1047 1174 +edge_2_0_+disjointig_2_0_44285 29400 30447 44285 -1 -1 889 0.0168863
Chain
	Aln	3	+SRR33939694.55632/1 113 1240 1246 -edge_2_0_+disjointig_2_0_44285 38856 39999 44285 -1 -1 852 0.0323616
Chain
	Aln	2	-SRR33939694.55632/1 5 1132 1246 +edge_2_0_+disjointig_2_0_44285 4285 5428 44285 -1 -1 852 0.0323616
Chain
	Aln	2	+SRR33939694.55705/1 130 1318 1320 +edge_2_0_+disjointig_2_0_44285 5907 7114 44285 -1 -1 742 0.0406847
Chain
	Aln	3	-SRR33939694.55705/1 1 1189 1320 -edge_2_0_+disjointig_2_0_44285 37170 38377 44285 -1 -1 742 0.0406847
Chain
	Aln	2	+SRR33939694.55780/1 117 1282 1284 +edge_2_0_+disjointig_2_0_44285 35458 36634 44285 -1 -1 921 0.0245495
Chain
	Aln	3	-SRR33939694.55780/1 1 1166 1284 -edge_2_0_+disjointig_2_0_44285 7650 8826 44285 -1 -1 921 0.0245495
Chain
	Aln	2	+SRR33939694.55764/1 123 1403 1439 +edge_2_0_+disjointig_2_0_44285 7039 8332 44285 -1 -1 938 0.0318216
Chain
	Aln	3	-SRR33939694.55764/1 35 1315 1439 -edge_2_0_+disjointig_2_0_44285 35952 37245 44285 -1 -1 938 0.0318216
Chain
	Aln	2	+SRR33939694.55809/1 121 1268 1274 +edge_2_0_+disjointig_2_0_44285 14283 15432 44285 -1 -1 906 0.0248761
Chain
	Aln	3	-SRR33939694.55809/1 5 1152 1274 -edge_2_0_+disjointig_2_0_44285 28852 30001 44285 -1 -1 906 0.0248761
Chain
	Aln	3	+SRR33939694.55814/1 120 1399 1406 -edge_2_0_+disjointig_2_0_44285 21091 22379 44285 -1 -1 1118 0.0142434
Chain
	Aln	2	-SRR33939694.55814/1 6 1285 1406 +edge_2_0_+disjointig_2_0_44285 21905 23193 44285 -1 -1 1118 0.0142434
Chain
	Aln	2	+SRR33939694.55859/1 139 1341 1350 +edge_2_0_+disjointig_2_0_44285 1895 3109 44285 -1 -1 786 0.0384101
Chain
	Aln	3	-SRR33939694.55859/1 8 1210 1350 -edge_2_0_+disjointig_2_0_44285 41175 42389 44285 -1 -1 786 0.0384101
Chain
	Aln	3	+SRR33939694.55961/1 127 1802 1822 -edge_2_0_+disjointig_2_0_44285 14868 16543 44285 -1 -1 1497 0.014808
Chain
	Aln	2	-SRR33939694.55961/1 19 1694 1822 +edge_2_0_+disjointig_2_0_44285 27741 29416 44285 -1 -1 1497 0.014808
Chain
	Aln	2	+SRR33939694.56027/1 121 2218 2228 +edge_2_0_+disjointig_2_0_44285 32011 34109 44285 -1 -1 1842 0.0174114
Chain
	Aln	3	-SRR33939694.56027/1 9 2106 2228 -edge_2_0_+disjointig_2_0_44285 10175 12273 44285 -1 -1 1842 0.0174114
Chain
	Aln	3	+SRR33939694.56049/1 117 2111 2154 -edge_2_0_+disjointig_2_0_44285 6947 8962 44285 -1 -1 1519 0.0311367
Chain
	Aln	2	-SRR33939694.56049/1 42 2036 2154 +edge_2_0_+disjointig_2_0_44285 35322 37337 44285 -1 -1 1519 0.0311367
Chain
	Aln	2	+SRR33939694.55175/1 131 7524 7526 +edge_2_0_+disjointig_2_0_44285 20159 27601 44285 -1 -1 6004 0.023652
Chain
	Aln	3	-SRR33939694.55175/1 1 7394 7526 -edge_2_0_+disjointig_2_0_44285 16683 24125 44285 -1 -1 6004 0.023652
Chain
	Aln	3	+SRR33939694.56092/1 116 1617 1623 -edge_2_0_+disjointig_2_0_44285 7055 8568 44285 -1 -1 1340 0.0167858
Chain
	Aln	2	-SRR33939694.56092/1 5 1506 1623 +edge_2_0_+disjointig_2_0_44285 35716 37229 44285 -1 -1 1340 0.0167858
Chain
	Aln	2	+SRR33939694.56070/1 126 2007 2011 +edge_2_0_+disjointig_2_0_44285 1565 3455 44285 -1 -1 1724 0.0116855
Chain
	Aln	3	-SRR33939694.56070/1 3 1884 2011 -edge_2_0_+disjointig_2_0_44285 40829 42719 44285 -1 -1 1724 0.0116855
Chain
	Aln	2	+SRR33939694.56115/1 115 1151 1169 +edge_2_0_+disjointig_2_0_44285 20895 21942 44285 -1 -1 637 0.0503213
Chain
	Aln	3	-SRR33939694.56115/1 17 1053 1169 -edge_2_0_+disjointig_2_0_44285 22342 23389 44285 -1 -1 637 0.0503213
Chain
	Aln	3	+SRR33939694.56118/1 147 1248 1251 -edge_2_0_+disjointig_2_0_44285 17018 18124 44285 -1 -1 890 0.0275559
Chain
	Aln	2	-SRR33939694.56118/1 2 1103 1251 +edge_2_0_+disjointig_2_0_44285 26160 27266 44285 -1 -1 890 0.0275559
Chain
	Aln	2	+SRR33939694.56155/1 143 1345 1393 +edge_2_0_+disjointig_2_0_44285 8231 9437 44285 -1 -1 964 0.0294672
Chain
	Aln	3	-SRR33939694.56155/1 47 1249 1393 -edge_2_0_+disjointig_2_0_44285 34847 36053 44285 -1 -1 964 0.0294672
Chain
	Aln	3	+SRR33939694.56116/1 132 2495 2517 -edge_2_0_+disjointig_2_0_44285 3148 5496 44285 -1 -1 1912 0.0181278
Chain
	Aln	2	-SRR33939694.56116/1 21 2384 2517 +edge_2_0_+disjointig_2_0_44285 38788 41136 44285 -1 -1 1912 0.0181278
Chain
	Aln	2	+SRR33939694.56259/1 148 1207 1220 +edge_2_0_+disjointig_2_0_44285 33097 34166 44285 -1 -1 921 0.0193567
Chain
	Aln	3	-SRR33939694.56259/1 12 1071 1220 -edge_2_0_+disjointig_2_0_44285 10118 11187 44285 -1 -1 921 0.0193567
Chain
	Aln	0	+SRR33939694.56141/1 808 2367 2379 +edge_1_0_+disjointig_1_0_47382 37290 38838 47382 -1 -1 1265 0.0194063
Chain
	Aln	1	-SRR33939694.56141/1 11 1570 2379 -edge_1_0_+disjointig_1_0_47382 8543 10091 47382 -1 -1 1265 0.0194063
Chain
	Aln	3	+SRR33939694.56312/1 120 1215 1228 -edge_2_0_+disjointig_2_0_44285 19154 20238 44285 -1 -1 975 0.0167119
Chain
	Aln	2	-SRR33939694.56312/1 12 1107 1228 +edge_2_0_+disjointig_2_0_44285 24046 25130 44285 -1 -1 975 0.0167119
Chain
	Aln	3	+SRR33939694.56254/1 108 1820 1822 -edge_2_0_+disjointig_2_0_44285 8272 9964 44285 -1 -1 1179 0.0281738
Chain
	Aln	2	-SRR33939694.56254/1 1 1713 1822 +edge_2_0_+disjointig_2_0_44285 34320 36012 44285 -1 -1 1179 0.0281738
Chain
	Aln	3	+SRR33939694.56345/1 130 1710 1716 -edge_2_0_+disjointig_2_0_44285 35223 36818 44285 -1 -1 1174 0.031474
Chain
	Aln	2	-SRR33939694.56345/1 5 1585 1716 +edge_2_0_+disjointig_2_0_44285 7466 9061 44285 -1 -1 1174 0.031474
Chain
	Aln	3	+SRR33939694.56350/1 122 1148 1213 -edge_2_0_+disjointig_2_0_44285 28877 29910 44285 -1 -1 641 0.0480947
Chain
	Aln	2	-SRR33939694.56350/1 64 1090 1213 +edge_2_0_+disjointig_2_0_44285 14374 15407 44285 -1 -1 641 0.0480947
Chain
	Aln	3	+SRR33939694.56325/1 120 2688 2694 -edge_2_0_+disjointig_2_0_44285 27836 30408 44285 -1 -1 1634 0.0460406
Chain
	Aln	2	-SRR33939694.56325/1 5 2573 2694 +edge_2_0_+disjointig_2_0_44285 13876 16448 44285 -1 -1 1634 0.0460406
Chain
	Aln	2	+SRR33939694.56451/1 142 1963 1984 +edge_2_0_+disjointig_2_0_44285 21695 23513 44285 -1 -1 1391 0.030598
Chain
	Aln	3	-SRR33939694.56451/1 20 1841 1984 -edge_2_0_+disjointig_2_0_44285 20771 22589 44285 -1 -1 1391 0.030598
Chain
	Aln	3	+SRR33939694.56510/1 166 1193 1203 -edge_2_0_+disjointig_2_0_44285 16725 17745 44285 -1 -1 780 0.0344844
Chain
	Aln	2	-SRR33939694.56510/1 9 1036 1203 +edge_2_0_+disjointig_2_0_44285 26539 27559 44285 -1 -1 780 0.0344844
Chain
	Aln	2	+SRR33939694.56586/1 137 1224 1229 +edge_2_0_+disjointig_2_0_44285 18662 19768 44285 -1 -1 824 0.0257176
Chain
	Aln	3	-SRR33939694.56586/1 4 1091 1229 -edge_2_0_+disjointig_2_0_44285 24516 25622 44285 -1 -1 824 0.0257176
Chain
	Aln	3	+SRR33939694.56595/1 134 1366 1371 -edge_2_0_+disjointig_2_0_44285 24973 26205 44285 -1 -1 1057 0.0122715
Chain
	Aln	2	-SRR33939694.56595/1 4 1236 1371 +edge_2_0_+disjointig_2_0_44285 18079 19311 44285 -1 -1 1057 0.0122715
Chain
	Aln	3	+SRR33939694.56492/1 133 1863 1875 -edge_2_0_+disjointig_2_0_44285 26092 27826 44285 -1 -1 1525 0.0168443
Chain
	Aln	2	-SRR33939694.56492/1 11 1741 1875 +edge_2_0_+disjointig_2_0_44285 16458 18192 44285 -1 -1 1525 0.0168443
Chain
	Aln	3	+SRR33939694.56621/1 120 1143 1145 -edge_2_0_+disjointig_2_0_44285 38492 39525 44285 -1 -1 886 0.0148732
Chain
	Aln	2	-SRR33939694.56621/1 1 1024 1145 +edge_2_0_+disjointig_2_0_44285 4759 5792 44285 -1 -1 886 0.0148732
Chain
	Aln	0	+SRR33939694.56617/1 229 1401 1409 +edge_1_0_+disjointig_1_0_47382 1210 2386 47382 -1 -1 1120 0.00457852
Chain
	Aln	1	-SRR33939694.56617/1 7 1179 1409 -edge_1_0_+disjointig_1_0_47382 44995 46171 47382 -1 -1 1120 0.00457852
Chain
	Aln	2	+SRR33939694.56650/1 115 1251 1451 +edge_2_0_+disjointig_2_0_44285 4432 5577 44285 -1 -1 866 0.0305357
Chain
	Aln	3	-SRR33939694.56650/1 199 1335 1451 -edge_2_0_+disjointig_2_0_44285 38707 39852 44285 -1 -1 866 0.0305357
Chain
	Aln	2	+SRR33939694.56625/1 119 1346 1377 +edge_2_0_+disjointig_2_0_44285 10036 11263 44285 -1 -1 911 0.0341319
Chain
	Aln	3	-SRR33939694.56625/1 30 1257 1377 -edge_2_0_+disjointig_2_0_44285 33021 34248 44285 -1 -1 911 0.0341319
Chain
	Aln	2	+SRR33939694.56719/1 117 1459 1466 +edge_2_0_+disjointig_2_0_44285 31279 32620 44285 -1 -1 1167 0.0150822
Chain
	Aln	3	-SRR33939694.56719/1 6 1348 1466 -edge_2_0_+disjointig_2_0_44285 11664 13005 44285 -1 -1 1167 0.0150822
Chain
	Aln	3	+SRR33939694.56753/1 112 1122 1126 -edge_2_0_+disjointig_2_0_44285 17518 18544 44285 -1 -1 861 0.0195183
Chain
	Aln	2	-SRR33939694.56753/1 3 1013 1126 +edge_2_0_+disjointig_2_0_44285 25740 26766 44285 -1 -1 861 0.0195183
Chain
	Aln	2	+SRR33939694.56750/1 115 1688 1696 +edge_2_0_+disjointig_2_0_44285 41883 43457 44285 -1 -1 1389 0.0136855
Chain
	Aln	3	-SRR33939694.56750/1 7 1580 1696 -edge_2_0_+disjointig_2_0_44285 827 2401 44285 -1 -1 1389 0.0136855
Chain
	Aln	3	+SRR33939694.56846/1 115 1345 1359 -edge_2_0_+disjointig_2_0_44285 3463 4700 44285 -1 -1 891 0.0379993
Chain
	Aln	2	-SRR33939694.56846/1 13 1243 1359 +edge_2_0_+disjointig_2_0_44285 39584 40821 44285 -1 -1 891 0.0379993
Chain
	Aln	1	+SRR33939694.56756/1 378 2249 2253 -edge_1_0_+disjointig_1_0_47382 9052 10944 47382 -1 -1 1081 0.0439922
Chain
	Aln	0	-SRR33939694.56756/1 3 1874 2253 +edge_1_0_+disjointig_1_0_47382 36437 38329 47382 -1 -1 1081 0.0439922
Chain
	Aln	0	+SRR33939694.56801/1 248 1784 1788 +edge_1_0_+disjointig_1_0_47382 6428 7961 47382 -1 -1 1365 0.0171077
Chain
	Aln	1	-SRR33939694.56801/1 3 1539 1788 -edge_1_0_+disjointig_1_0_47382 39420 40953 47382 -1 -1 1365 0.0171077
Chain
	Aln	3	+SRR33939694.56930/1 113 1222 1239 -edge_2_0_+disjointig_2_0_44285 2905 4003 44285 -1 -1 933 0.0210989
Chain
	Aln	2	-SRR33939694.56930/1 16 1125 1239 +edge_2_0_+disjointig_2_0_44285 40281 41379 44285 -1 -1 933 0.0210989
Chain
	Aln	2	+SRR33939694.56952/1 117 1147 1151 +edge_2_0_+disjointig_2_0_44285 9226 10268 44285 -1 -1 752 0.0325751
Chain
	Aln	3	-SRR33939694.56952/1 3 1033 1151 -edge_2_0_+disjointig_2_0_44285 34016 35058 44285 -1 -1 752 0.0325751
Chain
	Aln	3	+SRR33939694.56880/1 109 1380 1408 -edge_2_0_+disjointig_2_0_44285 22229 23507 44285 -1 -1 1151 0.0109758
Chain
	Aln	2	-SRR33939694.56880/1 27 1298 1408 +edge_2_0_+disjointig_2_0_44285 20777 22055 44285 -1 -1 1151 0.0109758
Chain
	Aln	2	+SRR33939694.56974/1 126 1144 1162 +edge_2_0_+disjointig_2_0_44285 11510 12535 44285 -1 -1 736 0.039694
Chain
	Aln	3	-SRR33939694.56974/1 17 1035 1162 -edge_2_0_+disjointig_2_0_44285 31749 32774 44285 -1 -1 736 0.039694
Chain
	Aln	2	+SRR33939694.56991/1 119 1290 1295 +edge_2_0_+disjointig_2_0_44285 12319 13492 44285 -1 -1 957 0.0223495
Chain
	Aln	3	-SRR33939694.56991/1 4 1175 1295 -edge_2_0_+disjointig_2_0_44285 30792 31965 44285 -1 -1 957 0.0223495
Chain
	Aln	3	+SRR33939694.57066/1 114 1204 1211 -edge_2_0_+disjointig_2_0_44285 23094 24181 44285 -1 -1 951 0.0156635
Chain
	Aln	2	-SRR33939694.57066/1 6 1096 1211 +edge_2_0_+disjointig_2_0_44285 20103 21190 44285 -1 -1 951 0.0156635
Chain
	Aln	3	+SRR33939694.57099/1 115 1471 1474 -edge_2_0_+disjointig_2_0_44285 15742 17092 44285 -1 -1 1165 0.0166339
Chain
	Aln	2	-SRR33939694.57099/1 2 1358 1474 +edge_2_0_+disjointig_2_0_44285 27192 28542 44285 -1 -1 1165 0.0166339
Chain
	Aln	3	+SRR33939694.57191/1 114 1258 1267 -edge_2_0_+disjointig_2_0_44285 13965 15085 44285 -1 -1 646 0.0520098
Chain
	Aln	2	-SRR33939694.57191/1 8 1152 1267 +edge_2_0_+disjointig_2_0_44285 29199 30319 44285 -1 -1 646 0.0520098
Chain
	Aln	3	+SRR33939694.57035/1 130 2072 2075 -edge_2_0_+disjointig_2_0_44285 35322 37263 44285 -1 -1 1724 0.0126595
Chain
	Aln	2	-SRR33939694.57035/1 2 1944 2075 +edge_2_0_+disjointig_2_0_44285 7021 8962 44285 -1 -1 1724 0.0126595
Chain
	Aln	2	+SRR33939694.57228/1 111 1169 1171 +edge_2_0_+disjointig_2_0_44285 19740 20743 44285 -1 -1 748 0.0268437
Chain
	Aln	3	-SRR33939694.57228/1 1 1059 1171 -edge_2_0_+disjointig_2_0_44285 23541 24544 44285 -1 -1 748 0.0268437
Chain
	Aln	2	+SRR33939694.57219/1 119 1369 1385 +edge_2_0_+disjointig_2_0_44285 33412 34662 44285 -1 -1 876 0.0381178
Chain
	Aln	3	-SRR33939694.57219/1 15 1265 1385 -edge_2_0_+disjointig_2_0_44285 9622 10872 44285 -1 -1 876 0.0381178
Chain
	Aln	2	+SRR33939694.57061/1 115 2064 2083 +edge_2_0_+disjointig_2_0_44285 36609 38563 44285 -1 -1 1713 0.0155523
Chain
	Aln	3	-SRR33939694.57061/1 18 1967 2083 -edge_2_0_+disjointig_2_0_44285 5721 7675 44285 -1 -1 1713 0.0155523
Chain
	Aln	3	+SRR33939694.57251/1 119 1237 1245 -edge_2_0_+disjointig_2_0_44285 2705 3843 44285 -1 -1 769 0.0366897
Chain
	Aln	2	-SRR33939694.57251/1 7 1125 1245 +edge_2_0_+disjointig_2_0_44285 40441 41579 44285 -1 -1 769 0.0366897
Chain
	Aln	2	+SRR33939694.57306/1 117 1310 1315 +edge_2_0_+disjointig_2_0_44285 15995 17190 44285 -1 -1 1043 0.0187961
Chain
	Aln	3	-SRR33939694.57306/1 4 1197 1315 -edge_2_0_+disjointig_2_0_44285 27094 28289 44285 -1 -1 1043 0.0187961
Chain
	Aln	3	+SRR33939694.57255/1 175 1911 1920 -edge_2_0_+disjointig_2_0_44285 30442 32198 44285 -1 -1 1449 0.0272775
Chain
	Aln	2	-SRR33939694.57255/1 8 1744 1920 +edge_2_0_+disjointig_2_0_44285 12086 13842 44285 -1 -1 1449 0.0272775
Chain
	Aln	2	+SRR33939694.57322/1 110 1273 1278 +edge_2_0_+disjointig_2_0_44285 15696 16854 44285 -1 -1 1044 0.0125484
Chain
	Aln	3	-SRR33939694.57322/1 4 1167 1278 -edge_2_0_+disjointig_2_0_44285 27430 28588 44285 -1 -1 1044 0.0125484
Chain
	Aln	2	+SRR33939694.57327/1 125 1570 1608 +edge_2_0_+disjointig_2_0_44285 21604 23049 44285 -1 -1 1267 0.0126768
Chain
	Aln	3	-SRR33939694.57327/1 37 1482 1608 -edge_2_0_+disjointig_2_0_44285 21235 22680 44285 -1 -1 1267 0.0126768
Chain
	Aln	3	+SRR33939694.57394/1 134 1266 1292 -edge_2_0_+disjointig_2_0_44285 25085 26228 44285 -1 -1 749 0.0358972
Chain
	Aln	2	-SRR33939694.57394/1 25 1157 1292 +edge_2_0_+disjointig_2_0_44285 18056 19199 44285 -1 -1 749 0.0358972
Chain
	Aln	2	+SRR33939694.57407/1 143 1545 1588 +edge_2_0_+disjointig_2_0_44285 24738 26162 44285 -1 -1 1133 0.0262038
Chain
	Aln	3	-SRR33939694.57407/1 42 1444 1588 -edge_2_0_+disjointig_2_0_44285 18122 19546 44285 -1 -1 1133 0.0262038
Chain
	Aln	3	+SRR33939694.57404/1 123 1587 1612 -edge_2_0_+disjointig_2_0_44285 40032 41507 44285 -1 -1 929 0.0508973
Chain
	Aln	2	-SRR33939694.57404/1 24 1488 1612 +edge_2_0_+disjointig_2_0_44285 2777 4252 44285 -1 -1 929 0.0508973
Chain
	Aln	3	+SRR33939694.57440/1 139 1311 1313 -edge_2_0_+disjointig_2_0_44285 7074 8257 44285 -1 -1 994 0.0240701
Chain
	Aln	2	-SRR33939694.57440/1 1 1173 1313 +edge_2_0_+disjointig_2_0_44285 36027 37210 44285 -1 -1 994 0.0240701
Chain
	Aln	3	+SRR33939694.57452/1 137 1192 1202 -edge_2_0_+disjointig_2_0_44285 5468 6567 44285 -1 -1 584 0.0489692
Chain
	Aln	2	-SRR33939694.57452/1 9 1064 1202 +edge_2_0_+disjointig_2_0_44285 37717 38816 44285 -1 -1 584 0.0489692
Chain
	Aln	3	+SRR33939694.57451/1 143 1495 1500 -edge_2_0_+disjointig_2_0_44285 34702 36046 44285 -1 -1 1171 0.0187166
Chain
	Aln	2	-SRR33939694.57451/1 4 1356 1500 +edge_2_0_+disjointig_2_0_44285 8238 9582 44285 -1 -1 1171 0.0187166
Chain
	Aln	2	+SRR33939694.57519/1 124 1707 1711 +edge_2_0_+disjointig_2_0_44285 38399 39986 44285 -1 -1 1265 0.0228067
Chain
	Aln	3	-SRR33939694.57519/1 3 1586 1711 -edge_2_0_+disjointig_2_0_44285 4298 5885 44285 -1 -1 1265 0.0228067
Chain
	Aln	2	+SRR33939694.57563/1 112 1144 1153 +edge_2_0_+disjointig_2_0_44285 15451 16485 44285 -1 -1 956 0.00917727
Chain
	Aln	3	-SRR33939694.57563/1 8 1040 1153 -edge_2_0_+disjointig_2_0_44285 27799 28833 44285 -1 -1 956 0.00917727
Chain
	Aln	2	+SRR33939694.57623/1 158 1346 1352 +edge_2_0_+disjointig_2_0_44285 12776 13954 44285 -1 -1 654 0.0599733
Chain
	Aln	3	-SRR33939694.57623/1 5 1193 1352 -edge_2_0_+disjointig_2_0_44285 30330 31508 44285 -1 -1 654 0.0599733
Chain
	Aln	2	+SRR33939694.57662/1 109 1512 1534 +edge_2_0_+disjointig_2_0_44285 15527 16919 44285 -1 -1 984 0.0345158
Chain
	Aln	3	-SRR33939694.57662/1 21 1424 1534 -edge_2_0_+disjointig_2_0_44285 27365 28757 44285 -1 -1 984 0.0345158
Chain
	Aln	3	+SRR33939694.57726/1 108 1109 1128 -edge_2_0_+disjointig_2_0_44285 25606 26611 44285 -1 -1 834 0.0219229
Chain
	Aln	2	-SRR33939694.57726/1 18 1019 1128 +edge_2_0_+disjointig_2_0_44285 17673 18678 44285 -1 -1 834 0.0219229
Chain
	Aln	3	+SRR33939694.57739/1 148 1419 1450 -edge_2_0_+disjointig_2_0_44285 16258 17538 44285 -1 -1 780 0.044139
Chain
	Aln	2	-SRR33939694.57739/1 30 1301 1450 +edge_2_0_+disjointig_2_0_44285 26746 28026 44285 -1 -1 780 0.044139
Chain
	Aln	2	+SRR33939694.57756/1 118 2241 2252 +edge_2_0_+disjointig_2_0_44285 10517 12632 44285 -1 -1 1781 0.0235285
Chain
	Aln	3	-SRR33939694.57756/1 10 2133 2252 -edge_2_0_+disjointig_2_0_44285 31652 33767 44285 -1 -1 1781 0.0235285
Chain
	Aln	3	+SRR33939694.57789/1 117 1511 1513 -edge_2_0_+disjointig_2_0_44285 24192 25586 44285 -1 -1 898 0.0421105
Chain
	Aln	2	-SRR33939694.57789/1 1 1395 1513 +edge_2_0_+disjointig_2_0_44285 18698 20092 44285 -1 -1 898 0.0421105
Chain
	Aln	2	+SRR33939694.57790/1 121 1169 1173 +edge_2_0_+disjointig_2_0_44285 13938 14988 44285 -1 -1 884 0.0166447
Chain
	Aln	3	-SRR33939694.57790/1 3 1051 1173 -edge_2_0_+disjointig_2_0_44285 29296 30346 44285 -1 -1 884 0.0166447
Chain
	Aln	2	+SRR33939694.57810/1 167 1936 1970 +edge_2_0_+disjointig_2_0_44285 17793 19563 44285 -1 -1 1177 0.0358927
Chain
	Aln	3	-SRR33939694.57810/1 33 1802 1970 -edge_2_0_+disjointig_2_0_44285 24721 26491 44285 -1 -1 1177 0.0358927
Chain
	Aln	1	+SRR33939694.57762/1 123 2401 2434 -edge_1_0_+disjointig_1_0_47382 8724 11014 47382 -1 -1 1789 0.0244567
Chain
	Aln	0	-SRR33939694.57762/1 32 2310 2434 +edge_1_0_+disjointig_1_0_47382 36367 38657 47382 -1 -1 1789 0.0244567
Chain
	Aln	3	+SRR33939694.57956/1 141 1445 1451 -edge_2_0_+disjointig_2_0_44285 3322 4628 44285 -1 -1 1099 0.0207623
Chain
	Aln	2	-SRR33939694.57956/1 5 1309 1451 +edge_2_0_+disjointig_2_0_44285 39656 40962 44285 -1 -1 1099 0.0207623
Chain
	Aln	2	+SRR33939694.57891/1 135 1460 1486 +edge_2_0_+disjointig_2_0_44285 25860 27213 44285 -1 -1 968 0.0279923
Chain
	Aln	3	-SRR33939694.57891/1 25 1350 1486 -edge_2_0_+disjointig_2_0_44285 17071 18424 44285 -1 -1 968 0.0279923
Chain
	Aln	0	+SRR33939694.58015/1 122 1424 1439 +edge_1_0_+disjointig_1_0_47382 10388 11702 47382 -1 -1 1042 0.0255079
Chain
	Aln	1	-SRR33939694.58015/1 14 1316 1439 -edge_1_0_+disjointig_1_0_47382 35679 36993 47382 -1 -1 1042 0.0255079
Chain
	Aln	3	+SRR33939694.58116/1 134 1150 1175 -edge_2_0_+disjointig_2_0_44285 23060 24093 44285 -1 -1 833 0.025437
Chain
	Aln	2	-SRR33939694.58116/1 24 1040 1175 +edge_2_0_+disjointig_2_0_44285 20191 21224 44285 -1 -1 833 0.025437
Chain
	Aln	2	+SRR33939694.58045/1 121 1214 1222 +edge_2_0_+disjointig_2_0_44285 33186 34275 44285 -1 -1 958 0.0202441
Chain
	Aln	3	-SRR33939694.58045/1 7 1100 1222 -edge_2_0_+disjointig_2_0_44285 10009 11098 44285 -1 -1 958 0.0202441
Chain
	Aln	2	+SRR33939694.58131/1 239 1303 1309 +edge_2_0_+disjointig_2_0_44285 23493 24558 44285 -1 -1 676 0.0484886
Chain
	Aln	3	-SRR33939694.58131/1 5 1069 1309 -edge_2_0_+disjointig_2_0_44285 19726 20791 44285 -1 -1 676 0.0484886
Chain
	Aln	3	+SRR33939694.58228/1 118 1206 1211 -edge_2_0_+disjointig_2_0_44285 27356 28436 44285 -1 -1 922 0.0225323
Chain
	Aln	2	-SRR33939694.58228/1 4 1092 1211 +edge_2_0_+disjointig_2_0_44285 15848 16928 44285 -1 -1 922 0.0225323
Chain
	Aln	2	+SRR33939694.58201/1 126 1549 1553 +edge_2_0_+disjointig_2_0_44285 12483 13902 44285 -1 -1 1243 0.016091
Chain
	Aln	3	-SRR33939694.58201/1 3 1426 1553 -edge_2_0_+disjointig_2_0_44285 30382 31801 44285 -1 -1 1243 0.016091
Chain
	Aln	2	+SRR33939694.58179/1 123 1741 1752 +edge_2_0_+disjointig_2_0_44285 23711 25339 44285 -1 -1 1181 0.0358783
Chain
	Aln	3	-SRR33939694.58179/1 10 1628 1752 -edge_2_0_+disjointig_2_0_44285 18945 20573 44285 -1 -1 1181 0.0358783
Chain
	Aln	2	+SRR33939694.58264/1 118 1255 1260 +edge_2_0_+disjointig_2_0_44285 11217 12371 44285 -1 -1 854 0.032925
Chain
	Aln	3	-SRR33939694.58264/1 4 1141 1260 -edge_2_0_+disjointig_2_0_44285 31913 33067 44285 -1 -1 854 0.032925
Chain
	Aln	2	+SRR33939694.58294/1 153 1306 1316 +edge_2_0_+disjointig_2_0_44285 39171 40329 44285 -1 -1 819 0.0331286
Chain
	Aln	3	-SRR33939694.58294/1 9 1162 1316 -edge_2_0_+disjointig_2_0_44285 3955 5113 44285 -1 -1 819 0.0331286
Chain
	Aln	2	+SRR33939694.58392/1 112 1264 1279 +edge_2_0_+disjointig_2_0_44285 28585 29731 44285 -1 -1 1082 0.0170139
Chain
	Aln	3	-SRR33939694.58392/1 14 1166 1279 -edge_2_0_+disjointig_2_0_44285 14553 15699 44285 -1 -1 1082 0.0170139
Chain
	Aln	2	+SRR33939694.58378/1 132 1284 1311 +edge_2_0_+disjointig_2_0_44285 25342 26505 44285 -1 -1 946 0.0187078
Chain
	Aln	3	-SRR33939694.58378/1 26 1178 1311 -edge_2_0_+disjointig_2_0_44285 17779 18942 44285 -1 -1 946 0.0187078
Chain
	Aln	2	+SRR33939694.58388/1 116 1494 1496 +edge_2_0_+disjointig_2_0_44285 24676 26055 44285 -1 -1 1146 0.0182592
Chain
	Aln	3	-SRR33939694.58388/1 1 1379 1496 -edge_2_0_+disjointig_2_0_44285 18229 19608 44285 -1 -1 1146 0.0182592
Chain
	Aln	3	+SRR33939694.58418/1 140 1642 1654 -edge_2_0_+disjointig_2_0_44285 20439 21949 44285 -1 -1 1181 0.0300087
Chain
	Aln	2	-SRR33939694.58418/1 11 1513 1654 +edge_2_0_+disjointig_2_0_44285 22335 23845 44285 -1 -1 1181 0.0300087
Chain
	Aln	2	+SRR33939694.58490/1 118 1203 1211 +edge_2_0_+disjointig_2_0_44285 16948 18046 44285 -1 -1 898 0.0271289
Chain
	Aln	3	-SRR33939694.58490/1 7 1092 1211 -edge_2_0_+disjointig_2_0_44285 26238 27336 44285 -1 -1 898 0.0271289
Chain
	Aln	2	+SRR33939694.58500/1 140 1323 1337 +edge_2_0_+disjointig_2_0_44285 1506 2691 44285 -1 -1 936 0.0284339
Chain
	Aln	3	-SRR33939694.58500/1 13 1196 1337 -edge_2_0_+disjointig_2_0_44285 41593 42778 44285 -1 -1 936 0.0284339
Chain
	Aln	3	+SRR33939694.58531/1 153 1320 1330 -edge_2_0_+disjointig_2_0_44285 12606 13801 44285 -1 -1 808 0.036468
Chain
	Aln	2	-SRR33939694.58531/1 9 1176 1330 +edge_2_0_+disjointig_2_0_44285 30483 31678 44285 -1 -1 808 0.036468
Chain
	Aln	3	+SRR33939694.58523/1 108 1825 1842 -edge_2_0_+disjointig_2_0_44285 27010 28755 44285 -1 -1 1315 0.0283896
Chain
	Aln	2	-SRR33939694.58523/1 16 1733 1842 +edge_2_0_+disjointig_2_0_44285 15529 17274 44285 -1 -1 1315 0.0283896
Chain
	Aln	3	+SRR33939694.58423/1 118 4376 4440 -edge_2_0_+disjointig_2_0_44285 37944 42211 44285 -1 -1 3553 0.0228055
Chain
	Aln	2	-SRR33939694.58423/1 63 4321 4440 +edge_2_0_+disjointig_2_0_44285 2073 6340 44285 -1 -1 3553 0.0228055
Chain
	Aln	3	+SRR33939694.58602/1 154 1276 1280 -edge_2_0_+disjointig_2_0_44285 19461 20584 44285 -1 -1 915 0.0279882
Chain
	Aln	2	-SRR33939694.58602/1 3 1125 1280 +edge_2_0_+disjointig_2_0_44285 23700 24823 44285 -1 -1 915 0.0279882
Chain
	Aln	3	+SRR33939694.58608/1 165 1244 1256 -edge_2_0_+disjointig_2_0_44285 16232 17310 44285 -1 -1 859 0.0220437
Chain
	Aln	2	-SRR33939694.58608/1 11 1090 1256 +edge_2_0_+disjointig_2_0_44285 26974 28052 44285 -1 -1 859 0.0220437
Chain
	Aln	2	+SRR33939694.58617/1 170 1251 1257 +edge_2_0_+disjointig_2_0_44285 17622 18697 44285 -1 -1 831 0.0305703
Chain
	Aln	3	-SRR33939694.58617/1 5 1086 1257 -edge_2_0_+disjointig_2_0_44285 25587 26662 44285 -1 -1 831 0.0305703
Chain
	Aln	1	+SRR33939694.58563/1 700 1732 1741 -edge_1_0_+disjointig_1_0_47382 12487 13530 47382 -1 -1 927 0.0104224
Chain
	Aln	0	-SRR33939694.58563/1 8 1040 1741 +edge_1_0_+disjointig_1_0_47382 33851 34894 47382 -1 -1 927 0.0104224
Chain
	Aln	3	+SRR33939694.58659/1 123 1235 1283 -edge_2_0_+disjointig_2_0_44285 39660 40766 44285 -1 -1 935 0.0200194
Chain
	Aln	2	-SRR33939694.58659/1 47 1159 1283 +edge_2_0_+disjointig_2_0_44285 3518 4624 44285 -1 -1 935 0.0200194
Chain
	Aln	0	+SRR33939694.58611/1 475 1735 1751 +edge_1_0_+disjointig_1_0_47382 44661 45923 47382 -1 -1 1053 0.0205344
Chain
	Aln	1	-SRR33939694.58611/1 15 1275 1751 -edge_1_0_+disjointig_1_0_47382 1458 2720 47382 -1 -1 1053 0.0205344
Chain
	Aln	2	+SRR33939694.58669/1 124 1717 1724 +edge_2_0_+disjointig_2_0_44285 3653 5239 44285 -1 -1 1256 0.0267451
Chain
	Aln	3	-SRR33939694.58669/1 6 1599 1724 -edge_2_0_+disjointig_2_0_44285 39045 40631 44285 -1 -1 1256 0.0267451
Chain
	Aln	2	+SRR33939694.58758/1 123 1302 1322 +edge_2_0_+disjointig_2_0_44285 20531 21724 44285 -1 -1 775 0.0394661
Chain
	Aln	3	-SRR33939694.58758/1 19 1198 1322 -edge_2_0_+disjointig_2_0_44285 22560 23753 44285 -1 -1 775 0.0394661
Chain
	Aln	2	+SRR33939694.58786/1 117 1295 1298 +edge_2_0_+disjointig_2_0_44285 28494 29697 44285 -1 -1 884 0.0378747
Chain
	Aln	3	-SRR33939694.58786/1 2 1180 1298 -edge_2_0_+disjointig_2_0_44285 14587 15790 44285 -1 -1 884 0.0378747
Chain
	Aln	2	+SRR33939694.58843/1 113 1175 1198 +edge_2_0_+disjointig_2_0_44285 40353 41441 44285 -1 -1 702 0.0384468
Chain
	Aln	3	-SRR33939694.58843/1 22 1084 1198 -edge_2_0_+disjointig_2_0_44285 2843 3931 44285 -1 -1 702 0.0384468
Chain
	Aln	3	+SRR33939694.58831/1 95 1423 1441 -edge_2_0_+disjointig_2_0_44285 30382 31719 44285 -1 -1 1151 0.0197268
Chain
	Aln	2	-SRR33939694.58831/1 17 1345 1441 +edge_2_0_+disjointig_2_0_44285 12565 13902 44285 -1 -1 1151 0.0197268
Chain
	Aln	3	+SRR33939694.58815/1 141 1304 1383 -edge_2_0_+disjointig_2_0_44285 38069 39246 44285 -1 -1 800 0.0371031
Chain
	Aln	2	-SRR33939694.58815/1 78 1241 1383 +edge_2_0_+disjointig_2_0_44285 5038 6215 44285 -1 -1 800 0.0371031
Chain
	Aln	3	+SRR33939694.58853/1 127 1812 1829 -edge_2_0_+disjointig_2_0_44285 29217 30909 44285 -1 -1 1169 0.0419185
Chain
	Aln	2	-SRR33939694.58853/1 16 1701 1829 +edge_2_0_+disjointig_2_0_44285 13375 15067 44285 -1 -1 1169 0.0419185
Chain
	Aln	3	+SRR33939694.58871/1 162 1236 1277 -edge_2_0_+disjointig_2_0_44285 21219 22296 44285 -1 -1 902 0.015346
Chain
	Aln	2	-SRR33939694.58871/1 40 1114 1277 +edge_2_0_+disjointig_2_0_44285 21988 23065 44285 -1 -1 902 0.015346
Chain
	Aln	2	+SRR33939694.58894/1 152 1268 1275 +edge_2_0_+disjointig_2_0_44285 39882 41007 44285 -1 -1 1038 0.0105943
Chain
	Aln	3	-SRR33939694.58894/1 6 1122 1275 -edge_2_0_+disjointig_2_0_44285 3277 4402 44285 -1 -1 1038 0.0105943
Chain
	Aln	2	+SRR33939694.58918/1 101 1199 1201 +edge_2_0_+disjointig_2_0_44285 28906 30010 44285 -1 -1 954 0.0220982
Chain
	Aln	3	-SRR33939694.58918/1 1 1099 1201 -edge_2_0_+disjointig_2_0_44285 14274 15378 44285 -1 -1 954 0.0220982
Chain
	Aln	3	+SRR33939694.58945/1 135 1337 1343 -edge_2_0_+disjointig_2_0_44285 38199 39414 44285 -1 -1 1069 0.0127614
Chain
	Aln	2	-SRR33939694.58945/1 5 1207 1343 +edge_2_0_+disjointig_2_0_44285 4870 6085 44285 -1 -1 1069 0.0127614
Chain
	Aln	2	+SRR33939694.59029/1 120 1178 1186 +edge_2_0_+disjointig_2_0_44285 28820 29902 44285 -1 -1 989 0.0140805
Chain
	Aln	3	-SRR33939694.59029/1 7 1065 1186 -edge_2_0_+disjointig_2_0_44285 14382 15464 44285 -1 -1 989 0.0140805
Chain
	Aln	3	+SRR33939694.58968/1 152 1658 1662 -edge_2_0_+disjointig_2_0_44285 14887 16405 44285 -1 -1 971 0.0475996
Chain
	Aln	2	-SRR33939694.58968/1 3 1509 1662 +edge_2_0_+disjointig_2_0_44285 27879 29397 44285 -1 -1 971 0.0475996
Chain
	Aln	3	+SRR33939694.58967/1 132 1524 1531 -edge_2_0_+disjointig_2_0_44285 36609 38008 44285 -1 -1 1229 0.0166027
Chain
	Aln	2	-SRR33939694.58967/1 6 1398 1531 +edge_2_0_+disjointig_2_0_44285 6276 7675 44285 -1 -1 1229 0.0166027
Chain
	Aln	3	+SRR33939694.59061/1 121 2175 2199 -edge_2_0_+disjointig_2_0_44285 3835 5880 44285 -1 -1 1676 0.0243755
Chain
	Aln	2	-SRR33939694.59061/1 23 2077 2199 +edge_2_0_+disjointig_2_0_44285 38404 40449 44285 -1 -1 1676 0.0243755
Chain
	Aln	3	+SRR33939694.59082/1 139 1294 1297 -edge_2_0_+disjointig_2_0_44285 40676 41835 44285 -1 -1 835 0.0346686
Chain
	Aln	2	-SRR33939694.59082/1 2 1157 1297 +edge_2_0_+disjointig_2_0_44285 2449 3608 44285 -1 -1 835 0.0346686
Chain
	Aln	2	+SRR33939694.59063/1 138 2607 2609 +edge_2_0_+disjointig_2_0_44285 14366 16858 44285 -1 -1 1809 0.0305086
Chain
	Aln	3	-SRR33939694.59063/1 1 2470 2609 -edge_2_0_+disjointig_2_0_44285 27426 29918 44285 -1 -1 1809 0.0305086
Chain
	Aln	2	+SRR33939694.58469/1 110 10639 10673 +edge_2_0_+disjointig_2_0_44285 7810 18410 44285 -1 -1 6062 0.0496834
Chain
	Aln	3	-SRR33939694.58469/1 33 10562 10673 -edge_2_0_+disjointig_2_0_44285 25874 36474 44285 -1 -1 6062 0.0496834
Chain
	Aln	2	+SRR33939694.59084/1 128 1923 1928 +edge_2_0_+disjointig_2_0_44285 35853 37678 44285 -1 -1 1586 0.0164771
Chain
	Aln	3	-SRR33939694.59084/1 4 1799 1928 -edge_2_0_+disjointig_2_0_44285 6606 8431 44285 -1 -1 1586 0.0164771
Chain
	Aln	3	+SRR33939694.59094/1 122 1568 1588 -edge_2_0_+disjointig_2_0_44285 17071 18526 44285 -1 -1 1106 0.0303761
Chain
	Aln	2	-SRR33939694.59094/1 19 1465 1588 +edge_2_0_+disjointig_2_0_44285 25758 27213 44285 -1 -1 1106 0.0303761
Chain
	Aln	2	+SRR33939694.59142/1 119 1306 1308 +edge_2_0_+disjointig_2_0_44285 34249 35433 44285 -1 -1 825 0.0336112
Chain
	Aln	3	-SRR33939694.59142/1 1 1188 1308 -edge_2_0_+disjointig_2_0_44285 8851 10035 44285 -1 -1 825 0.0336112
Chain
	Aln	3	+SRR33939694.59155/1 133 1358 1361 -edge_2_0_+disjointig_2_0_44285 30583 31804 44285 -1 -1 1077 0.0159486
Chain
	Aln	2	-SRR33939694.59155/1 2 1227 1361 +edge_2_0_+disjointig_2_0_44285 12480 13701 44285 -1 -1 1077 0.0159486
Chain
	Aln	3	+SRR33939694.59166/1 117 2019 2046 -edge_2_0_+disjointig_2_0_44285 19027 20935 44285 -1 -1 1616 0.0224693
Chain
	Aln	2	-SRR33939694.59166/1 26 1928 2046 +edge_2_0_+disjointig_2_0_44285 23349 25257 44285 -1 -1 1616 0.0224693
Chain
	Aln	3	+SRR33939694.59238/1 129 1204 1211 -edge_2_0_+disjointig_2_0_44285 30432 31522 44285 -1 -1 767 0.0352243
Chain
	Aln	2	-SRR33939694.59238/1 6 1081 1211 +edge_2_0_+disjointig_2_0_44285 12762 13852 44285 -1 -1 767 0.0352243
Chain
	Aln	2	+SRR33939694.59252/1 121 1201 1210 +edge_2_0_+disjointig_2_0_44285 33884 34958 44285 -1 -1 746 0.0346821
Chain
	Aln	3	-SRR33939694.59252/1 8 1088 1210 -edge_2_0_+disjointig_2_0_44285 9326 10400 44285 -1 -1 746 0.0346821
Chain
	Aln	3	+SRR33939694.59274/1 110 1130 1132 -edge_2_0_+disjointig_2_0_44285 23264 24288 44285 -1 -1 984 0.005753
Chain
	Aln	2	-SRR33939694.59274/1 1 1021 1132 +edge_2_0_+disjointig_2_0_44285 19996 21020 44285 -1 -1 984 0.005753
Chain
	Aln	3	+SRR33939694.59346/1 113 1869 1876 -edge_2_0_+disjointig_2_0_44285 8831 10575 44285 -1 -1 1344 0.0290601
Chain
	Aln	2	-SRR33939694.59346/1 6 1762 1876 +edge_2_0_+disjointig_2_0_44285 33709 35453 44285 -1 -1 1344 0.0290601
Chain
	Aln	3	+SRR33939694.59208/1 164 3356 3361 -edge_2_0_+disjointig_2_0_44285 16768 20006 44285 -1 -1 2587 0.0230875
Chain
	Aln	2	-SRR33939694.59208/1 4 3196 3361 +edge_2_0_+disjointig_2_0_44285 24278 27516 44285 -1 -1 2587 0.0230875
Chain
	Aln	0	+SRR33939694.59237/1 235 3337 3361 +edge_1_0_+disjointig_1_0_47382 19726 22850 47382 -1 -1 2547 0.0237015
Chain
	Aln	1	-SRR33939694.59237/1 23 3125 3361 -edge_1_0_+disjointig_1_0_47382 24531 27655 47382 -1 -1 2547 0.0237015
Chain
	Aln	3	+SRR33939694.59380/1 122 1295 1299 -edge_2_0_+disjointig_2_0_44285 17517 18698 44285 -1 -1 1016 0.0166323
Chain
	Aln	2	-SRR33939694.59380/1 3 1176 1299 +edge_2_0_+disjointig_2_0_44285 25586 26767 44285 -1 -1 1016 0.0166323
Chain
	Aln	2	+SRR33939694.59384/1 110 1143 1157 +edge_2_0_+disjointig_2_0_44285 15292 16339 44285 -1 -1 730 0.0307367
Chain
	Aln	3	-SRR33939694.59384/1 13 1046 1157 -edge_2_0_+disjointig_2_0_44285 27945 28992 44285 -1 -1 730 0.0307367
Chain
	Aln	2	+SRR33939694.59493/1 116 1179 1183 +edge_2_0_+disjointig_2_0_44285 10782 11842 44285 -1 -1 710 0.0400065
Chain
	Aln	3	-SRR33939694.59493/1 3 1066 1183 -edge_2_0_+disjointig_2_0_44285 32442 33502 44285 -1 -1 710 0.0400065
Chain
	Aln	3	+SRR33939694.59510/1 123 2051 2055 -edge_2_0_+disjointig_2_0_44285 12345 14290 44285 -1 -1 1583 0.0266556
Chain
	Aln	2	-SRR33939694.59510/1 3 1931 2055 +edge_2_0_+disjointig_2_0_44285 29994 31939 44285 -1 -1 1583 0.0266556
Chain
	Aln	2	+SRR33939694.59595/1 125 1310 1318 +edge_2_0_+disjointig_2_0_44285 10639 11818 44285 -1 -1 905 0.0364786
Chain
	Aln	3	-SRR33939694.59595/1 7 1192 1318 -edge_2_0_+disjointig_2_0_44285 32466 33645 44285 -1 -1 905 0.0364786
Chain
	Aln	3	+SRR33939694.59589/1 109 1689 1712 -edge_2_0_+disjointig_2_0_44285 18585 20174 44285 -1 -1 1481 0.0104794
Chain
	Aln	2	-SRR33939694.59589/1 22 1602 1712 +edge_2_0_+disjointig_2_0_44285 24110 25699 44285 -1 -1 1481 0.0104794
Chain
	Aln	2	+SRR33939694.59583/1 113 2110 2119 +edge_2_0_+disjointig_2_0_44285 10473 12457 44285 -1 -1 1614 0.0227201
Chain
	Aln	3	-SRR33939694.59583/1 8 2005 2119 -edge_2_0_+disjointig_2_0_44285 31827 33811 44285 -1 -1 1614 0.0227201
Chain
	Aln	3	+SRR33939694.59801/1 123 1131 1134 -edge_2_0_+disjointig_2_0_44285 26047 27060 44285 -1 -1 888 0.0178967
Chain
	Aln	2	-SRR33939694.59801/1 2 1010 1134 +edge_2_0_+disjointig_2_0_44285 17224 18237 44285 -1 -1 888 0.0178967
Chain
	Aln	3	+SRR33939694.59782/1 120 1392 1436 -edge_2_0_+disjointig_2_0_44285 6284 7572 44285 -1 -1 921 0.0320246
Chain
	Aln	2	-SRR33939694.59782/1 43 1315 1436 +edge_2_0_+disjointig_2_0_44285 36712 38000 44285 -1 -1 921 0.0320246
Chain
	Aln	0	+SRR33939694.59759/1 284 2189 2195 +edge_1_0_+disjointig_1_0_47382 27757 29667 47382 -1 -1 1646 0.0164078
Chain
	Aln	1	-SRR33939694.59759/1 5 1910 2195 -edge_1_0_+disjointig_1_0_47382 17714 19624 47382 -1 -1 1646 0.0164078
Chain
	Aln	2	+SRR33939694.59805/1 124 1178 1203 +edge_2_0_+disjointig_2_0_44285 41195 42254 44285 -1 -1 885 0.0196503
Chain
	Aln	3	-SRR33939694.59805/1 24 1078 1203 -edge_2_0_+disjointig_2_0_44285 2030 3089 44285 -1 -1 885 0.0196503
Chain
	Aln	0	+SRR33939694.59685/1 231 3116 3118 +edge_1_0_+disjointig_1_0_47382 32383 35282 47382 -1 -1 1795 0.0448834
Chain
	Aln	1	-SRR33939694.59685/1 1 2886 3118 -edge_1_0_+disjointig_1_0_47382 12099 14998 47382 -1 -1 1795 0.0448834
Chain
	Aln	2	+SRR33939694.59825/1 121 1227 1237 +edge_2_0_+disjointig_2_0_44285 27675 28781 44285 -1 -1 893 0.0257176
Chain
	Aln	3	-SRR33939694.59825/1 9 1115 1237 -edge_2_0_+disjointig_2_0_44285 15503 16609 44285 -1 -1 893 0.0257176
Chain
	Aln	2	+SRR33939694.59943/1 115 1371 1373 +edge_2_0_+disjointig_2_0_44285 36275 37538 44285 -1 -1 1090 0.0191462
Chain
	Aln	3	-SRR33939694.59943/1 1 1257 1373 -edge_2_0_+disjointig_2_0_44285 6746 8009 44285 -1 -1 1090 0.0191462
Chain
	Aln	2	+SRR33939694.59939/1 127 1794 1805 +edge_2_0_+disjointig_2_0_44285 8889 10552 44285 -1 -1 1437 0.0170623
Chain
	Aln	3	-SRR33939694.59939/1 10 1677 1805 -edge_2_0_+disjointig_2_0_44285 33732 35395 44285 -1 -1 1437 0.0170623
Chain
	Aln	2	+SRR33939694.59991/1 125 1362 1369 +edge_2_0_+disjointig_2_0_44285 23510 24754 44285 -1 -1 1152 0.0154859
Chain
	Aln	3	-SRR33939694.59991/1 6 1243 1369 -edge_2_0_+disjointig_2_0_44285 19530 20774 44285 -1 -1 1152 0.0154859
Chain
	Aln	3	+SRR33939694.60041/1 111 1183 1218 -edge_2_0_+disjointig_2_0_44285 42997 44071 44285 -1 -1 912 0.0213364
Chain
	Aln	2	-SRR33939694.60041/1 34 1106 1218 +edge_2_0_+disjointig_2_0_44285 213 1287 44285 -1 -1 912 0.0213364
Chain
	Aln	2	+SRR33939694.60003/1 133 2036 2075 +edge_2_0_+disjointig_2_0_44285 39354 41294 44285 -1 -1 1248 0.0383374
Chain
	Aln	3	-SRR33939694.60003/1 38 1941 2075 -edge_2_0_+disjointig_2_0_44285 2990 4930 44285 -1 -1 1248 0.0383374
Chain
	Aln	2	+SRR33939694.60120/1 122 1428 1431 +edge_2_0_+disjointig_2_0_44285 39354 40650 44285 -1 -1 1035 0.0232811
Chain
	Aln	3	-SRR33939694.60120/1 2 1308 1431 -edge_2_0_+disjointig_2_0_44285 3634 4930 44285 -1 -1 1035 0.0232811
Chain
	Aln	2	+SRR33939694.60114/1 115 1374 1383 +edge_2_0_+disjointig_2_0_44285 40960 42223 44285 -1 -1 1047 0.020219
Chain
	Aln	3	-SRR33939694.60114/1 8 1267 1383 -edge_2_0_+disjointig_2_0_44285 2061 3324 44285 -1 -1 1047 0.020219
Chain
	Aln	2	+SRR33939694.60048/1 148 2656 2662 +edge_2_0_+disjointig_2_0_44285 28661 31168 44285 -1 -1 2186 0.0176719
Chain
	Aln	3	-SRR33939694.60048/1 5 2513 2662 -edge_2_0_+disjointig_2_0_44285 13116 15623 44285 -1 -1 2186 0.0176719
Chain
	Aln	3	+SRR33939694.60179/1 114 1176 1187 -edge_2_0_+disjointig_2_0_44285 12904 13970 44285 -1 -1 896 0.0171272
Chain
	Aln	2	-SRR33939694.60179/1 10 1072 1187 +edge_2_0_+disjointig_2_0_44285 30314 31380 44285 -1 -1 896 0.0171272
Chain
	Aln	3	+SRR33939694.60208/1 114 1430 1480 -edge_2_0_+disjointig_2_0_44285 24812 26146 44285 -1 -1 822 0.0481962
Chain
	Aln	2	-SRR33939694.60208/1 49 1365 1480 +edge_2_0_+disjointig_2_0_44285 18138 19472 44285 -1 -1 822 0.0481962
Chain
	Aln	3	+SRR33939694.60387/1 125 1147 1150 -edge_2_0_+disjointig_2_0_44285 32424 33440 44285 -1 -1 852 0.0233783
Chain
	Aln	2	-SRR33939694.60387/1 2 1024 1150 +edge_2_0_+disjointig_2_0_44285 10844 11860 44285 -1 -1 852 0.0233783
Chain
	Aln	3	+SRR33939694.60453/1 142 1340 1354 -edge_2_0_+disjointig_2_0_44285 14982 16184 44285 -1 -1 963 0.0292718
Chain
	Aln	2	-SRR33939694.60453/1 13 1211 1354 +edge_2_0_+disjointig_2_0_44285 28100 29302 44285 -1 -1 963 0.0292718
Chain
	Aln	3	+SRR33939694.60430/1 114 1237 1256 -edge_2_0_+disjointig_2_0_44285 5504 6626 44285 -1 -1 1009 0.0140343
Chain
	Aln	2	-SRR33939694.60430/1 18 1141 1256 +edge_2_0_+disjointig_2_0_44285 37658 38780 44285 -1 -1 1009 0.0140343
Chain
	Aln	2	+SRR33939694.60468/1 129 1191 1202 +edge_2_0_+disjointig_2_0_44285 11844 12903 44285 -1 -1 806 0.0295272
Chain
	Aln	3	-SRR33939694.60468/1 10 1072 1202 -edge_2_0_+disjointig_2_0_44285 31381 32440 44285 -1 -1 806 0.0295272
Chain
	Aln	2	+SRR33939694.60514/1 119 1189 1192 +edge_2_0_+disjointig_2_0_44285 25096 26176 44285 -1 -1 797 0.0325621
Chain
	Aln	3	-SRR33939694.60514/1 2 1072 1192 -edge_2_0_+disjointig_2_0_44285 18108 19188 44285 -1 -1 797 0.0325621
Chain
	Aln	2	+SRR33939694.60508/1 163 1260 1268 +edge_2_0_+disjointig_2_0_44285 29950 31054 44285 -1 -1 851 0.024713
Chain
	Aln	3	-SRR33939694.60508/1 7 1104 1268 -edge_2_0_+disjointig_2_0_44285 13230 14334 44285 -1 -1 851 0.024713
Chain
	Aln	1	+SRR33939694.60525/1 396 1925 1931 -edge_1_0_+disjointig_1_0_47382 19020 20544 47382 -1 -1 1416 0.0132894
Chain
	Aln	0	-SRR33939694.60525/1 5 1534 1931 +edge_1_0_+disjointig_1_0_47382 26837 28361 47382 -1 -1 1416 0.0132894
Chain
	Aln	2	+SRR33939694.60691/1 141 1528 1532 +edge_2_0_+disjointig_2_0_44285 24183 25581 44285 -1 -1 1223 0.0168678
Chain
	Aln	3	-SRR33939694.60691/1 3 1390 1532 -edge_2_0_+disjointig_2_0_44285 18703 20101 44285 -1 -1 1223 0.0168678
Chain
	Aln	2	+SRR33939694.60672/1 146 1498 1505 +edge_2_0_+disjointig_2_0_44285 22348 23699 44285 -1 -1 1119 0.0227985
Chain
	Aln	3	-SRR33939694.60672/1 6 1358 1505 -edge_2_0_+disjointig_2_0_44285 20585 21936 44285 -1 -1 1119 0.0227985
Chain
	Aln	2	+SRR33939694.60717/1 115 1278 1283 +edge_2_0_+disjointig_2_0_44285 20740 21909 44285 -1 -1 1006 0.0175022
Chain
	Aln	3	-SRR33939694.60717/1 4 1167 1283 -edge_2_0_+disjointig_2_0_44285 22375 23544 44285 -1 -1 1006 0.0175022
Chain
	Aln	2	+SRR33939694.60738/1 131 1313 1319 +edge_2_0_+disjointig_2_0_44285 33632 34840 44285 -1 -1 1013 0.0179619
Chain
	Aln	3	-SRR33939694.60738/1 5 1187 1319 -edge_2_0_+disjointig_2_0_44285 9444 10652 44285 -1 -1 1013 0.0179619
Chain
	Aln	1	+SRR33939694.60404/1 158 6029 6038 -edge_1_0_+disjointig_1_0_47382 63 5955 47382 -1 -1 5087 0.0175282
Chain
	Aln	0	-SRR33939694.60404/1 8 5879 6038 +edge_1_0_+disjointig_1_0_47382 41426 47318 47382 -1 -1 5087 0.0175282
Chain
	Aln	2	+SRR33939694.60749/1 234 1580 1629 +edge_2_0_+disjointig_2_0_44285 4361 5706 44285 -1 -1 1037 0.026545
Chain
	Aln	3	-SRR33939694.60749/1 48 1394 1629 -edge_2_0_+disjointig_2_0_44285 38578 39923 44285 -1 -1 1037 0.026545
Chain
	Aln	2	+SRR33939694.60806/1 214 1339 1348 +edge_2_0_+disjointig_2_0_44285 224 1315 44285 -1 -1 894 0.0276315
Chain
	Aln	3	-SRR33939694.60806/1 8 1133 1348 -edge_2_0_+disjointig_2_0_44285 42969 44060 44285 -1 -1 894 0.0276315
Chain
	Aln	3	+SRR33939694.60854/1 117 1193 1199 -edge_2_0_+disjointig_2_0_44285 15412 16484 44285 -1 -1 903 0.0201623
Chain
	Aln	2	-SRR33939694.60854/1 5 1081 1199 +edge_2_0_+disjointig_2_0_44285 27800 28872 44285 -1 -1 903 0.0201623
Chain
	Aln	2	+SRR33939694.60886/1 149 1151 1165 +edge_2_0_+disjointig_2_0_44285 8093 9101 44285 -1 -1 632 0.0399619
Chain
	Aln	3	-SRR33939694.60886/1 13 1015 1165 -edge_2_0_+disjointig_2_0_44285 35183 36191 44285 -1 -1 632 0.0399619
Chain
	Aln	2	+SRR33939694.60905/1 120 1148 1154 +edge_2_0_+disjointig_2_0_44285 10236 11257 44285 -1 -1 749 0.0374399
Chain
	Aln	3	-SRR33939694.60905/1 5 1033 1154 -edge_2_0_+disjointig_2_0_44285 33027 34048 44285 -1 -1 749 0.0374399
Chain
	Aln	3	+SRR33939694.61068/1 92 1142 1156 -edge_2_0_+disjointig_2_0_44285 28524 29575 44285 -1 -1 829 0.025973
Chain
	Aln	2	-SRR33939694.61068/1 13 1063 1156 +edge_2_0_+disjointig_2_0_44285 14709 15760 44285 -1 -1 829 0.025973
Chain
	Aln	2	+SRR33939694.61147/1 114 1489 1491 +edge_2_0_+disjointig_2_0_44285 22450 23826 44285 -1 -1 988 0.0354813
Chain
	Aln	3	-SRR33939694.61147/1 1 1376 1491 -edge_2_0_+disjointig_2_0_44285 20458 21834 44285 -1 -1 988 0.0354813
Chain
	Aln	3	+SRR33939694.61172/1 168 1662 1671 -edge_2_0_+disjointig_2_0_44285 14318 15818 44285 -1 -1 981 0.041422
Chain
	Aln	2	-SRR33939694.61172/1 8 1502 1671 +edge_2_0_+disjointig_2_0_44285 28466 29966 44285 -1 -1 981 0.041422
Chain
	Aln	2	+SRR33939694.61214/1 146 1169 1186 +edge_2_0_+disjointig_2_0_44285 2680 3713 44285 -1 -1 804 0.0294266
Chain
	Aln	3	-SRR33939694.61214/1 16 1039 1186 -edge_2_0_+disjointig_2_0_44285 40571 41604 44285 -1 -1 804 0.0294266
Chain
	Aln	3	+SRR33939694.61250/1 155 1237 1251 -edge_2_0_+disjointig_2_0_44285 36743 37842 44285 -1 -1 816 0.0209848
Chain
	Aln	2	-SRR33939694.61250/1 13 1095 1251 +edge_2_0_+disjointig_2_0_44285 6442 7541 44285 -1 -1 816 0.0209848
Chain
	Aln	2	+SRR33939694.61277/1 117 1245 1256 +edge_2_0_+disjointig_2_0_44285 36162 37305 44285 -1 -1 934 0.0276532
Chain
	Aln	3	-SRR33939694.61277/1 10 1138 1256 -edge_2_0_+disjointig_2_0_44285 6979 8122 44285 -1 -1 934 0.0276532
Chain
	Aln	3	+SRR33939694.61290/1 149 1538 1541 -edge_2_0_+disjointig_2_0_44285 33461 34878 44285 -1 -1 962 0.031485
Chain
	Aln	2	-SRR33939694.61290/1 2 1391 1541 +edge_2_0_+disjointig_2_0_44285 9406 10823 44285 -1 -1 962 0.031485
Chain
	Aln	2	+SRR33939694.61293/1 141 1921 1927 +edge_2_0_+disjointig_2_0_44285 12620 14391 44285 -1 -1 1480 0.0227629
Chain
	Aln	3	-SRR33939694.61293/1 5 1785 1927 -edge_2_0_+disjointig_2_0_44285 29893 31664 44285 -1 -1 1480 0.0227629
Chain
	Aln	3	+SRR33939694.61342/1 114 1214 1221 -edge_2_0_+disjointig_2_0_44285 40674 41784 44285 -1 -1 953 0.0163474
Chain
	Aln	2	-SRR33939694.61342/1 6 1106 1221 +edge_2_0_+disjointig_2_0_44285 2500 3610 44285 -1 -1 953 0.0163474
Chain
	Aln	3	+SRR33939694.61441/1 115 1325 1332 -edge_2_0_+disjointig_2_0_44285 35955 37161 44285 -1 -1 964 0.0199034
Chain
	Aln	2	-SRR33939694.61441/1 6 1216 1332 +edge_2_0_+disjointig_2_0_44285 7123 8329 44285 -1 -1 964 0.0199034
Chain
	Aln	3	+SRR33939694.61465/1 124 1148 1152 -edge_2_0_+disjointig_2_0_44285 14670 15699 44285 -1 -1 863 0.0228461
Chain
	Aln	2	-SRR33939694.61465/1 3 1027 1152 +edge_2_0_+disjointig_2_0_44285 28585 29614 44285 -1 -1 863 0.0228461
Chain
	Aln	2	+SRR33939694.61472/1 113 1622 1629 +edge_2_0_+disjointig_2_0_44285 16980 18488 44285 -1 -1 1152 0.0289098
Chain
	Aln	3	-SRR33939694.61472/1 6 1515 1629 -edge_2_0_+disjointig_2_0_44285 25796 27304 44285 -1 -1 1152 0.0289098
Chain
	Aln	3	+SRR33939694.61478/1 115 1192 1211 -edge_2_0_+disjointig_2_0_44285 22435 23516 44285 -1 -1 758 0.0358259
Chain
	Aln	2	-SRR33939694.61478/1 18 1095 1211 +edge_2_0_+disjointig_2_0_44285 20768 21849 44285 -1 -1 758 0.0358259
Chain
	Aln	1	+SRR33939694.61461/1 126 2720 2722 -edge_1_0_+disjointig_1_0_47382 31641 34241 47382 -1 -1 2335 0.0118276
Chain
	Aln	0	-SRR33939694.61461/1 1 2595 2722 +edge_1_0_+disjointig_1_0_47382 13140 15740 47382 -1 -1 2335 0.0118276
Chain
	Aln	0	+SRR33939694.58941/1 263 24742 24763 +edge_1_0_+disjointig_1_0_47382 18417 42940 47382 -1 -1 18929 0.0270686
Chain
	Aln	1	-SRR33939694.58941/1 20 24499 24763 -edge_1_0_+disjointig_1_0_47382 4441 28964 47382 -1 -1 18929 0.0270686
Chain
	Aln	3	+SRR33939694.61519/1 116 1304 1320 -edge_2_0_+disjointig_2_0_44285 5522 6708 44285 -1 -1 978 0.0199589
Chain
	Aln	2	-SRR33939694.61519/1 15 1203 1320 +edge_2_0_+disjointig_2_0_44285 37576 38762 44285 -1 -1 978 0.0199589
Chain
	Aln	2	+SRR33939694.61526/1 136 1667 1670 +edge_2_0_+disjointig_2_0_44285 2826 4362 44285 -1 -1 1042 0.0386136
Chain
	Aln	3	-SRR33939694.61526/1 2 1533 1670 -edge_2_0_+disjointig_2_0_44285 39922 41458 44285 -1 -1 1042 0.0386136
Chain
	Aln	1	+SRR33939694.61539/1 660 1985 2007 -edge_1_0_+disjointig_1_0_47382 44641 45976 47382 -1 -1 892 0.0376991
Chain
	Aln	0	-SRR33939694.61539/1 21 1346 2007 +edge_1_0_+disjointig_1_0_47382 1405 2740 47382 -1 -1 892 0.0376991
Chain
	Aln	3	+SRR33939694.61618/1 140 1328 1332 -edge_2_0_+disjointig_2_0_44285 15357 16559 44285 -1 -1 882 0.032921
Chain
	Aln	2	-SRR33939694.61618/1 3 1191 1332 +edge_2_0_+disjointig_2_0_44285 27725 28927 44285 -1 -1 882 0.032921
Chain
	Aln	3	+SRR33939694.61606/1 132 1404 1433 -edge_2_0_+disjointig_2_0_44285 11583 12866 44285 -1 -1 1110 0.0186697
Chain
	Aln	2	-SRR33939694.61606/1 28 1300 1433 +edge_2_0_+disjointig_2_0_44285 31418 32701 44285 -1 -1 1110 0.0186697
Chain
	Aln	2	+SRR33939694.61644/1 120 1274 1307 +edge_2_0_+disjointig_2_0_44285 8801 9976 44285 -1 -1 841 0.0380443
Chain
	Aln	3	-SRR33939694.61644/1 32 1186 1307 -edge_2_0_+disjointig_2_0_44285 34308 35483 44285 -1 -1 841 0.0380443
Chain
	Aln	3	+SRR33939694.61660/1 122 1405 1414 -edge_2_0_+disjointig_2_0_44285 20173 21459 44285 -1 -1 1088 0.0246216
Chain
	Aln	2	-SRR33939694.61660/1 8 1291 1414 +edge_2_0_+disjointig_2_0_44285 22825 24111 44285 -1 -1 1088 0.0246216
Chain
	Aln	2	+SRR33939694.61677/1 122 1150 1171 +edge_2_0_+disjointig_2_0_44285 17399 18425 44285 -1 -1 927 0.014992
Chain
	Aln	3	-SRR33939694.61677/1 20 1048 1171 -edge_2_0_+disjointig_2_0_44285 25859 26885 44285 -1 -1 927 0.014992
Chain
	Aln	2	+SRR33939694.61682/1 118 1399 1408 +edge_2_0_+disjointig_2_0_44285 10725 12010 44285 -1 -1 723 0.0523761
Chain
	Aln	3	-SRR33939694.61682/1 8 1289 1408 -edge_2_0_+disjointig_2_0_44285 32274 33559 44285 -1 -1 723 0.0523761
Chain
	Aln	3	+SRR33939694.61718/1 146 1375 1398 -edge_2_0_+disjointig_2_0_44285 15258 16492 44285 -1 -1 864 0.038862
Chain
	Aln	2	-SRR33939694.61718/1 22 1251 1398 +edge_2_0_+disjointig_2_0_44285 27792 29026 44285 -1 -1 864 0.038862
Chain
	Aln	2	+SRR33939694.61709/1 122 1214 1233 +edge_2_0_+disjointig_2_0_44285 22360 23468 44285 -1 -1 872 0.0253731
Chain
	Aln	3	-SRR33939694.61709/1 18 1110 1233 -edge_2_0_+disjointig_2_0_44285 20816 21924 44285 -1 -1 872 0.0253731
Chain
	Aln	3	+SRR33939694.61804/1 113 1259 1270 -edge_2_0_+disjointig_2_0_44285 31456 32605 44285 -1 -1 1027 0.0128771
Chain
	Aln	2	-SRR33939694.61804/1 10 1156 1270 +edge_2_0_+disjointig_2_0_44285 11679 12828 44285 -1 -1 1027 0.0128771
Chain
	Aln	2	+SRR33939694.61844/1 110 1129 1133 +edge_2_0_+disjointig_2_0_44285 22463 23488 44285 -1 -1 825 0.0279462
Chain
	Aln	3	-SRR33939694.61844/1 3 1022 1133 -edge_2_0_+disjointig_2_0_44285 20796 21821 44285 -1 -1 825 0.0279462
Chain
	Aln	2	+SRR33939694.61851/1 120 1671 1680 +edge_2_0_+disjointig_2_0_44285 20970 22530 44285 -1 -1 1287 0.021498
Chain
	Aln	3	-SRR33939694.61851/1 8 1559 1680 -edge_2_0_+disjointig_2_0_44285 21754 23314 44285 -1 -1 1287 0.021498
Chain
	Aln	2	+SRR33939694.61859/1 123 1508 1513 +edge_2_0_+disjointig_2_0_44285 17634 19010 44285 -1 -1 1226 0.0147981
Chain
	Aln	3	-SRR33939694.61859/1 4 1389 1513 -edge_2_0_+disjointig_2_0_44285 25274 26650 44285 -1 -1 1226 0.0147981
Chain
	Aln	3	+SRR33939694.61897/1 113 1486 1500 -edge_2_0_+disjointig_2_0_44285 16168 17557 44285 -1 -1 1002 0.0356067
Chain
	Aln	2	-SRR33939694.61897/1 13 1386 1500 +edge_2_0_+disjointig_2_0_44285 26727 28116 44285 -1 -1 1002 0.0356067
Chain
	Aln	3	+SRR33939694.61902/1 133 1624 1632 -edge_2_0_+disjointig_2_0_44285 33187 34700 44285 -1 -1 1342 0.0148295
Chain
	Aln	2	-SRR33939694.61902/1 7 1498 1632 +edge_2_0_+disjointig_2_0_44285 9584 11097 44285 -1 -1 1342 0.0148295
Chain
	Aln	3	+SRR33939694.61909/1 120 1651 1655 -edge_2_0_+disjointig_2_0_44285 1397 2956 44285 -1 -1 1164 0.028426
Chain
	Aln	2	-SRR33939694.61909/1 3 1534 1655 +edge_2_0_+disjointig_2_0_44285 41328 42887 44285 -1 -1 1164 0.028426
Chain
	Aln	2	+SRR33939694.61962/1 115 1355 1360 +edge_2_0_+disjointig_2_0_44285 13895 15144 44285 -1 -1 899 0.0333243
Chain
	Aln	3	-SRR33939694.61962/1 4 1244 1360 -edge_2_0_+disjointig_2_0_44285 29140 30389 44285 -1 -1 899 0.0333243
Chain
	Aln	3	+SRR33939694.62020/1 120 1575 1582 -edge_2_0_+disjointig_2_0_44285 36958 38426 44285 -1 -1 1252 0.016448
Chain
	Aln	2	-SRR33939694.62020/1 6 1461 1582 +edge_2_0_+disjointig_2_0_44285 5858 7326 44285 -1 -1 1252 0.016448
Chain
	Aln	2	+SRR33939694.61943/1 185 2122 2149 +edge_2_0_+disjointig_2_0_44285 2248 4198 44285 -1 -1 1541 0.0255137
Chain
	Aln	3	-SRR33939694.61943/1 26 1963 2149 -edge_2_0_+disjointig_2_0_44285 40086 42036 44285 -1 -1 1541 0.0255137
Chain
	Aln	2	+SRR33939694.61974/1 169 1463 1473 +edge_2_0_+disjointig_2_0_44285 23554 24857 44285 -1 -1 1198 0.0127282
Chain
	Aln	3	-SRR33939694.61974/1 9 1303 1473 -edge_2_0_+disjointig_2_0_44285 19427 20730 44285 -1 -1 1198 0.0127282
Chain
	Aln	2	+SRR33939694.62068/1 134 1379 1386 +edge_2_0_+disjointig_2_0_44285 11772 13020 44285 -1 -1 1069 0.0166978
Chain
	Aln	3	-SRR33939694.62068/1 6 1251 1386 -edge_2_0_+disjointig_2_0_44285 31264 32512 44285 -1 -1 1069 0.0166978
Chain
	Aln	3	+SRR33939694.61866/1 248 3711 3718 -edge_2_0_+disjointig_2_0_44285 9408 12866 44285 -1 -1 2952 0.0226271
Chain
	Aln	2	-SRR33939694.61866/1 6 3469 3718 +edge_2_0_+disjointig_2_0_44285 31418 34876 44285 -1 -1 2952 0.0226271
Chain
	Aln	2	+SRR33939694.62076/1 136 1153 1159 +edge_2_0_+disjointig_2_0_44285 26711 27726 44285 -1 -1 806 0.0250029
Chain
	Aln	3	-SRR33939694.62076/1 5 1022 1159 -edge_2_0_+disjointig_2_0_44285 16558 17573 44285 -1 -1 806 0.0250029
Chain
	Aln	3	+SRR33939694.62109/1 131 1249 1256 -edge_2_0_+disjointig_2_0_44285 8090 9215 44285 -1 -1 953 0.0232066
Chain
	Aln	2	-SRR33939694.62109/1 6 1124 1256 +edge_2_0_+disjointig_2_0_44285 35069 36194 44285 -1 -1 953 0.0232066
Chain
	Aln	2	+SRR33939694.62105/1 114 1629 1642 +edge_2_0_+disjointig_2_0_44285 36105 37623 44285 -1 -1 1208 0.0242289
Chain
	Aln	3	-SRR33939694.62105/1 12 1527 1642 -edge_2_0_+disjointig_2_0_44285 6661 8179 44285 -1 -1 1208 0.0242289
Chain
	Aln	3	+SRR33939694.62110/1 123 1314 1321 -edge_2_0_+disjointig_2_0_44285 8895 10091 44285 -1 -1 792 0.0390863
Chain
	Aln	2	-SRR33939694.62110/1 6 1197 1321 +edge_2_0_+disjointig_2_0_44285 34193 35389 44285 -1 -1 792 0.0390863
Chain
	Aln	2	+SRR33939694.62113/1 136 1599 1606 +edge_2_0_+disjointig_2_0_44285 23410 24876 44285 -1 -1 1326 0.0196616
Chain
	Aln	3	-SRR33939694.62113/1 6 1469 1606 -edge_2_0_+disjointig_2_0_44285 19408 20874 44285 -1 -1 1326 0.0196616
Chain
	Aln	2	+SRR33939694.62174/1 116 1989 1997 +edge_2_0_+disjointig_2_0_44285 9514 11394 44285 -1 -1 1485 0.0284351
Chain
	Aln	3	-SRR33939694.62174/1 7 1880 1997 -edge_2_0_+disjointig_2_0_44285 32890 34770 44285 -1 -1 1485 0.0284351
Chain
	Aln	2	+SRR33939694.62205/1 111 1248 1259 +edge_2_0_+disjointig_2_0_44285 29977 31112 44285 -1 -1 1007 0.013677
Chain
	Aln	3	-SRR33939694.62205/1 10 1147 1259 -edge_2_0_+disjointig_2_0_44285 13172 14307 44285 -1 -1 1007 0.013677
Chain
	Aln	3	+SRR33939694.62178/1 132 1721 1743 -edge_2_0_+disjointig_2_0_44285 5763 7362 44285 -1 -1 1430 0.0113366
Chain
	Aln	2	-SRR33939694.62178/1 21 1610 1743 +edge_2_0_+disjointig_2_0_44285 36922 38521 44285 -1 -1 1430 0.0113366
Chain
	Aln	2	+SRR33939694.62262/1 132 1140 1142 +edge_2_0_+disjointig_2_0_44285 31560 32563 44285 -1 -1 702 0.0345282
Chain
	Aln	3	-SRR33939694.62262/1 1 1009 1142 -edge_2_0_+disjointig_2_0_44285 11721 12724 44285 -1 -1 702 0.0345282
Chain
	Aln	2	+SRR33939694.62423/1 143 1291 1294 +edge_2_0_+disjointig_2_0_44285 14695 15844 44285 -1 -1 1110 0.00532951
Chain
	Aln	3	-SRR33939694.62423/1 2 1150 1294 -edge_2_0_+disjointig_2_0_44285 28440 29589 44285 -1 -1 1110 0.00532951
Chain
	Aln	2	+SRR33939694.62319/1 134 2603 2612 +edge_2_0_+disjointig_2_0_44285 14803 17294 44285 -1 -1 1521 0.0458311
Chain
	Aln	3	-SRR33939694.62319/1 8 2477 2612 -edge_2_0_+disjointig_2_0_44285 26990 29481 44285 -1 -1 1521 0.0458311
Chain
	Aln	2	+SRR33939694.62422/1 135 1191 2090 +edge_2_0_+disjointig_2_0_44285 27122 28111 44285 -1 -1 661 0.0355595
Chain
	Aln	3	-SRR33939694.62422/1 898 1954 2090 -edge_2_0_+disjointig_2_0_44285 16173 17162 44285 -1 -1 661 0.0355595
Chain
	Aln	2	+SRR33939694.62328/1 145 2574 2578 +edge_2_0_+disjointig_2_0_44285 16778 19209 44285 -1 -1 1681 0.0350069
Chain
	Aln	3	-SRR33939694.62328/1 3 2432 2578 -edge_2_0_+disjointig_2_0_44285 25075 27506 44285 -1 -1 1681 0.0350069
Chain
	Aln	2	+SRR33939694.62485/1 137 1168 1179 +edge_2_0_+disjointig_2_0_44285 33203 34242 44285 -1 -1 946 0.0164351
Chain
	Aln	3	-SRR33939694.62485/1 10 1041 1179 -edge_2_0_+disjointig_2_0_44285 10042 11081 44285 -1 -1 946 0.0164351
Chain
	Aln	3	+SRR33939694.62577/1 125 1473 1475 -edge_2_0_+disjointig_2_0_44285 17104 18460 44285 -1 -1 1036 0.0266045
Chain
	Aln	2	-SRR33939694.62577/1 1 1349 1475 +edge_2_0_+disjointig_2_0_44285 25824 27180 44285 -1 -1 1036 0.0266045
Chain
	Aln	3	+SRR33939694.62585/1 231 1433 1466 -edge_2_0_+disjointig_2_0_44285 19416 20624 44285 -1 -1 941 0.0309067
Chain
	Aln	2	-SRR33939694.62585/1 32 1234 1466 +edge_2_0_+disjointig_2_0_44285 23660 24868 44285 -1 -1 941 0.0309067
Chain
	Aln	3	+SRR33939694.62600/1 113 1216 1221 -edge_2_0_+disjointig_2_0_44285 7040 8144 44285 -1 -1 947 0.0183818
Chain
	Aln	2	-SRR33939694.62600/1 4 1107 1221 +edge_2_0_+disjointig_2_0_44285 36140 37244 44285 -1 -1 947 0.0183818
Chain
	Aln	2	+SRR33939694.62613/1 121 1184 1272 +edge_2_0_+disjointig_2_0_44285 19906 20989 44285 -1 -1 613 0.0515882
Chain
	Aln	3	-SRR33939694.62613/1 87 1150 1272 -edge_2_0_+disjointig_2_0_44285 23295 24378 44285 -1 -1 613 0.0515882
Chain
	Aln	1	+SRR33939694.62627/1 221 1743 1763 -edge_1_0_+disjointig_1_0_47382 16897 18425 47382 -1 -1 1241 0.0230295
Chain
	Aln	0	-SRR33939694.62627/1 19 1541 1763 +edge_1_0_+disjointig_1_0_47382 28956 30484 47382 -1 -1 1241 0.0230295
Chain
	Aln	2	+SRR33939694.62672/1 109 1438 1470 +edge_2_0_+disjointig_2_0_44285 35862 37205 44285 -1 -1 1006 0.0336256
Chain
	Aln	3	-SRR33939694.62672/1 31 1360 1470 -edge_2_0_+disjointig_2_0_44285 7079 8422 44285 -1 -1 1006 0.0336256
Chain
	Aln	3	+SRR33939694.62878/1 106 1136 1138 -edge_2_0_+disjointig_2_0_44285 6308 7329 44285 -1 -1 825 0.0233682
Chain
	Aln	2	-SRR33939694.62878/1 1 1031 1138 +edge_2_0_+disjointig_2_0_44285 36955 37976 44285 -1 -1 825 0.0233682
Chain
	Aln	3	+SRR33939694.62869/1 506 1634 1651 -edge_2_0_+disjointig_2_0_44285 34074 35173 44285 -1 -1 804 0.0351201
Chain
	Aln	2	-SRR33939694.62869/1 16 1144 1651 +edge_2_0_+disjointig_2_0_44285 9111 10210 44285 -1 -1 804 0.0351201
Chain
	Aln	3	+SRR33939694.62901/1 112 1184 1187 -edge_2_0_+disjointig_2_0_44285 23121 24198 44285 -1 -1 957 0.0161304
Chain
	Aln	2	-SRR33939694.62901/1 2 1074 1187 +edge_2_0_+disjointig_2_0_44285 20086 21163 44285 -1 -1 957 0.0161304
Chain
	Aln	3	+SRR33939694.62909/1 122 1429 1435 -edge_2_0_+disjointig_2_0_44285 42557 43862 44285 -1 -1 1234 0.00874751
Chain
	Aln	2	-SRR33939694.62909/1 5 1312 1435 +edge_2_0_+disjointig_2_0_44285 422 1727 44285 -1 -1 1234 0.00874751
Chain
	Aln	3	+SRR33939694.62899/1 124 1484 1502 -edge_2_0_+disjointig_2_0_44285 16858 18221 44285 -1 -1 1146 0.0205227
Chain
	Aln	2	-SRR33939694.62899/1 17 1377 1502 +edge_2_0_+disjointig_2_0_44285 26063 27426 44285 -1 -1 1146 0.0205227
Chain
	Aln	2	+SRR33939694.62980/1 143 1452 1466 +edge_2_0_+disjointig_2_0_44285 15137 16442 44285 -1 -1 1122 0.0145588
Chain
	Aln	3	-SRR33939694.62980/1 13 1322 1466 -edge_2_0_+disjointig_2_0_44285 27842 29147 44285 -1 -1 1122 0.0145588
Chain
	Aln	2	+SRR33939694.63002/1 125 1773 1776 +edge_2_0_+disjointig_2_0_44285 25138 26778 44285 -1 -1 1211 0.0290623
Chain
	Aln	3	-SRR33939694.63002/1 2 1650 1776 -edge_2_0_+disjointig_2_0_44285 17506 19146 44285 -1 -1 1211 0.0290623
Chain
	Aln	2	+SRR33939694.62996/1 145 2001 2318 +edge_2_0_+disjointig_2_0_44285 40290 42148 44285 -1 -1 1553 0.015459
Chain
	Aln	3	-SRR33939694.62996/1 316 2172 2318 -edge_2_0_+disjointig_2_0_44285 2136 3994 44285 -1 -1 1553 0.015459
Chain
	Aln	2	+SRR33939694.62967/1 121 2298 2327 +edge_2_0_+disjointig_2_0_44285 12052 14245 44285 -1 -1 1813 0.0200164
Chain
	Aln	3	-SRR33939694.62967/1 28 2205 2327 -edge_2_0_+disjointig_2_0_44285 30039 32232 44285 -1 -1 1813 0.0200164
Chain
	Aln	2	+SRR33939694.63017/1 127 1184 1198 +edge_2_0_+disjointig_2_0_44285 40262 41316 44285 -1 -1 835 0.0272722
Chain
	Aln	3	-SRR33939694.63017/1 13 1070 1198 -edge_2_0_+disjointig_2_0_44285 2968 4022 44285 -1 -1 835 0.0272722
Chain
	Aln	3	+SRR33939694.63031/1 117 1401 1433 -edge_2_0_+disjointig_2_0_44285 11109 12385 44285 -1 -1 808 0.0437902
Chain
	Aln	2	-SRR33939694.63031/1 31 1315 1433 +edge_2_0_+disjointig_2_0_44285 31899 33175 44285 -1 -1 808 0.0437902
Chain
	Aln	3	+SRR33939694.63175/1 119 1126 1138 -edge_2_0_+disjointig_2_0_44285 40142 41142 44285 -1 -1 904 0.0117837
Chain
	Aln	2	-SRR33939694.63175/1 11 1018 1138 +edge_2_0_+disjointig_2_0_44285 3142 4142 44285 -1 -1 904 0.0117837
Chain
	Aln	3	+SRR33939694.63163/1 108 1354 1357 -edge_2_0_+disjointig_2_0_44285 5615 6854 44285 -1 -1 1015 0.0223821
Chain
	Aln	2	-SRR33939694.63163/1 2 1248 1357 +edge_2_0_+disjointig_2_0_44285 37430 38669 44285 -1 -1 1015 0.0223821
Chain
	Aln	2	+SRR33939694.63115/1 116 1986 2000 +edge_2_0_+disjointig_2_0_44285 20300 22195 44285 -1 -1 1612 0.0191617
Chain
	Aln	3	-SRR33939694.63115/1 13 1883 2000 -edge_2_0_+disjointig_2_0_44285 22089 23984 44285 -1 -1 1612 0.0191617
Chain
	Aln	2	+SRR33939694.63144/1 119 1781 1788 +edge_2_0_+disjointig_2_0_44285 18116 19792 44285 -1 -1 1403 0.0166067
Chain
	Aln	3	-SRR33939694.63144/1 6 1668 1788 -edge_2_0_+disjointig_2_0_44285 24492 26168 44285 -1 -1 1403 0.0166067
Chain
	Aln	3	+SRR33939694.63192/1 115 1310 1314 -edge_2_0_+disjointig_2_0_44285 3621 4819 44285 -1 -1 1142 0.00747889
Chain
	Aln	2	-SRR33939694.63192/1 3 1198 1314 +edge_2_0_+disjointig_2_0_44285 39465 40663 44285 -1 -1 1142 0.00747889
Chain
	Aln	3	+SRR33939694.63193/1 128 2008 2018 -edge_2_0_+disjointig_2_0_44285 16479 18353 44285 -1 -1 1538 0.0211054
Chain
	Aln	2	-SRR33939694.63193/1 9 1889 2018 +edge_2_0_+disjointig_2_0_44285 25931 27805 44285 -1 -1 1538 0.0211054
Chain
	Aln	2	+SRR33939694.63340/1 133 1212 1243 +edge_2_0_+disjointig_2_0_44285 11000 12068 44285 -1 -1 840 0.0251757
Chain
	Aln	3	-SRR33939694.63340/1 30 1109 1243 -edge_2_0_+disjointig_2_0_44285 32216 33284 44285 -1 -1 840 0.0251757
Chain
	Aln	3	+SRR33939694.63221/1 117 1702 1716 -edge_2_0_+disjointig_2_0_44285 5781 7364 44285 -1 -1 1454 0.011808
Chain
	Aln	2	-SRR33939694.63221/1 13 1598 1716 +edge_2_0_+disjointig_2_0_44285 36920 38503 44285 -1 -1 1454 0.011808
Chain
	Aln	2	+SRR33939694.63344/1 128 1269 1271 +edge_2_0_+disjointig_2_0_44285 17879 19022 44285 -1 -1 985 0.0176875
Chain
	Aln	3	-SRR33939694.63344/1 1 1142 1271 -edge_2_0_+disjointig_2_0_44285 25262 26405 44285 -1 -1 985 0.0176875
Chain
	Aln	2	+SRR33939694.63366/1 119 1380 1392 +edge_2_0_+disjointig_2_0_44285 33477 34742 44285 -1 -1 1008 0.0255946
Chain
	Aln	3	-SRR33939694.63366/1 11 1272 1392 -edge_2_0_+disjointig_2_0_44285 9542 10807 44285 -1 -1 1008 0.0255946
Chain
	Aln	3	+SRR33939694.63464/1 109 1213 1239 -edge_2_0_+disjointig_2_0_44285 1410 2514 44285 -1 -1 935 0.0137658
Chain
	Aln	2	-SRR33939694.63464/1 25 1129 1239 +edge_2_0_+disjointig_2_0_44285 41770 42874 44285 -1 -1 935 0.0137658
Chain
	Aln	2	+SRR33939694.63479/1 126 1295 1312 +edge_2_0_+disjointig_2_0_44285 32588 33764 44285 -1 -1 1013 0.0205189
Chain
	Aln	3	-SRR33939694.63479/1 16 1185 1312 -edge_2_0_+disjointig_2_0_44285 10520 11696 44285 -1 -1 1013 0.0205189
Chain
	Aln	3	+SRR33939694.63577/1 116 1229 1236 -edge_2_0_+disjointig_2_0_44285 15481 16598 44285 -1 -1 900 0.0202833
Chain
	Aln	2	-SRR33939694.63577/1 6 1119 1236 +edge_2_0_+disjointig_2_0_44285 27686 28803 44285 -1 -1 900 0.0202833
Chain
	Aln	3	+SRR33939694.63599/1 126 1324 1329 -edge_2_0_+disjointig_2_0_44285 21135 22337 44285 -1 -1 966 0.0229857
Chain
	Aln	2	-SRR33939694.63599/1 4 1202 1329 +edge_2_0_+disjointig_2_0_44285 21947 23149 44285 -1 -1 966 0.0229857
Chain
	Aln	3	+SRR33939694.63579/1 116 1151 1153 -edge_2_0_+disjointig_2_0_44285 24162 25199 44285 -1 -1 920 0.00614804
Chain
	Aln	2	-SRR33939694.63579/1 1 1036 1153 +edge_2_0_+disjointig_2_0_44285 19085 20122 44285 -1 -1 920 0.00614804
Chain
	Aln	2	+SRR33939694.63578/1 125 1877 1883 +edge_2_0_+disjointig_2_0_44285 15137 16911 44285 -1 -1 1074 0.0458828
Chain
	Aln	3	-SRR33939694.63578/1 5 1757 1883 -edge_2_0_+disjointig_2_0_44285 27373 29147 44285 -1 -1 1074 0.0458828
Chain
	Aln	2	+SRR33939694.63629/1 131 1298 1307 +edge_2_0_+disjointig_2_0_44285 31767 32937 44285 -1 -1 1096 0.0115412
Chain
	Aln	3	-SRR33939694.63629/1 8 1175 1307 -edge_2_0_+disjointig_2_0_44285 11347 12517 44285 -1 -1 1096 0.0115412
Chain
	Aln	2	+SRR33939694.63670/1 129 1451 1509 +edge_2_0_+disjointig_2_0_44285 42907 44229 44285 -1 -1 1245 0.00828203
Chain
	Aln	3	-SRR33939694.63670/1 57 1379 1509 -edge_2_0_+disjointig_2_0_44285 55 1377 44285 -1 -1 1245 0.00828203
Chain
	Aln	3	+SRR33939694.63650/1 119 1937 1945 -edge_2_0_+disjointig_2_0_44285 10502 12334 44285 -1 -1 1026 0.0493869
Chain
	Aln	2	-SRR33939694.63650/1 7 1825 1945 +edge_2_0_+disjointig_2_0_44285 31950 33782 44285 -1 -1 1026 0.0493869
Chain
	Aln	3	+SRR33939694.63703/1 113 1781 1786 -edge_2_0_+disjointig_2_0_44285 27189 28861 44285 -1 -1 1553 0.00902843
Chain
	Aln	2	-SRR33939694.63703/1 4 1672 1786 +edge_2_0_+disjointig_2_0_44285 15423 17095 44285 -1 -1 1553 0.00902843
Chain
	Aln	2	+SRR33939694.63775/1 110 1110 1141 +edge_2_0_+disjointig_2_0_44285 13551 14570 44285 -1 -1 686 0.0399712
Chain
	Aln	3	-SRR33939694.63775/1 30 1030 1141 -edge_2_0_+disjointig_2_0_44285 29714 30733 44285 -1 -1 686 0.0399712
Chain
	Aln	3	+SRR33939694.63786/1 124 1127 1132 -edge_2_0_+disjointig_2_0_44285 1104 2112 44285 -1 -1 939 0.00804573
Chain
	Aln	2	-SRR33939694.63786/1 4 1007 1132 +edge_2_0_+disjointig_2_0_44285 42172 43180 44285 -1 -1 939 0.00804573
Chain
	Aln	2	+SRR33939694.63793/1 115 1361 1370 +edge_2_0_+disjointig_2_0_44285 32938 34199 44285 -1 -1 1033 0.0274162
Chain
	Aln	3	-SRR33939694.63793/1 8 1254 1370 -edge_2_0_+disjointig_2_0_44285 10085 11346 44285 -1 -1 1033 0.0274162
Chain
	Aln	3	+SRR33939694.63684/1 110 4404 4410 -edge_2_0_+disjointig_2_0_44285 10478 14778 44285 -1 -1 3552 0.0229248
Chain
	Aln	2	-SRR33939694.63684/1 5 4299 4410 +edge_2_0_+disjointig_2_0_44285 29506 33806 44285 -1 -1 3552 0.0229248
Chain
	Aln	2	+SRR33939694.63866/1 114 1367 1370 +edge_2_0_+disjointig_2_0_44285 38438 39704 44285 -1 -1 1092 0.0165171
Chain
	Aln	3	-SRR33939694.63866/1 2 1255 1370 -edge_2_0_+disjointig_2_0_44285 4580 5846 44285 -1 -1 1092 0.0165171
Chain
	Aln	2	+SRR33939694.63094/1 159 11072 11079 +edge_2_0_+disjointig_2_0_44285 313 11257 44285 -1 -1 7665 0.0340219
Chain
	Aln	3	-SRR33939694.63094/1 6 10919 11079 -edge_2_0_+disjointig_2_0_44285 33027 43971 44285 -1 -1 7665 0.0340219
Chain
	Aln	2	+SRR33939694.63979/1 122 1466 1477 +edge_2_0_+disjointig_2_0_44285 30648 31989 44285 -1 -1 1190 0.0151698
Chain
	Aln	3	-SRR33939694.63979/1 10 1354 1477 -edge_2_0_+disjointig_2_0_44285 12295 13636 44285 -1 -1 1190 0.0151698
Chain
	Aln	2	+SRR33939694.64081/1 129 1153 1155 +edge_2_0_+disjointig_2_0_44285 12595 13627 44285 -1 -1 808 0.0258642
Chain
	Aln	3	-SRR33939694.64081/1 1 1025 1155 -edge_2_0_+disjointig_2_0_44285 30657 31689 44285 -1 -1 808 0.0258642
Chain
	Aln	2	+SRR33939694.64071/1 119 1947 1966 +edge_2_0_+disjointig_2_0_44285 3548 5372 44285 -1 -1 1598 0.0158748
Chain
	Aln	3	-SRR33939694.64071/1 18 1846 1966 -edge_2_0_+disjointig_2_0_44285 38912 40736 44285 -1 -1 1598 0.0158748
Chain
	Aln	3	+SRR33939694.64073/1 146 1574 1598 -edge_2_0_+disjointig_2_0_44285 23734 25157 44285 -1 -1 1045 0.0270819
Chain
	Aln	2	-SRR33939694.64073/1 23 1451 1598 +edge_2_0_+disjointig_2_0_44285 19127 20550 44285 -1 -1 1045 0.0270819
Chain
	Aln	3	+SRR33939694.64005/1 113 2315 2330 -edge_2_0_+disjointig_2_0_44285 1595 3782 44285 -1 -1 1739 0.0227969
Chain
	Aln	2	-SRR33939694.64005/1 14 2216 2330 +edge_2_0_+disjointig_2_0_44285 40502 42689 44285 -1 -1 1739 0.0227969
Chain
	Aln	3	+SRR33939694.64111/1 129 1157 1161 -edge_2_0_+disjointig_2_0_44285 35920 36929 44285 -1 -1 772 0.0261239
Chain
	Aln	2	-SRR33939694.64111/1 3 1031 1161 +edge_2_0_+disjointig_2_0_44285 7355 8364 44285 -1 -1 772 0.0261239
Chain
	Aln	3	+SRR33939694.64128/1 121 1319 1328 -edge_2_0_+disjointig_2_0_44285 7396 8591 44285 -1 -1 931 0.0256398
Chain
	Aln	2	-SRR33939694.64128/1 8 1206 1328 +edge_2_0_+disjointig_2_0_44285 35693 36888 44285 -1 -1 931 0.0256398
Chain
	Aln	3	+SRR33939694.64205/1 119 1610 1614 -edge_2_0_+disjointig_2_0_44285 9764 11260 44285 -1 -1 1190 0.0227307
Chain
	Aln	2	-SRR33939694.64205/1 3 1494 1614 +edge_2_0_+disjointig_2_0_44285 33024 34520 44285 -1 -1 1190 0.0227307
Chain
	Aln	3	+SRR33939694.64232/1 119 1397 1402 -edge_2_0_+disjointig_2_0_44285 15792 17087 44285 -1 -1 1026 0.022417
Chain
	Aln	2	-SRR33939694.64232/1 4 1282 1402 +edge_2_0_+disjointig_2_0_44285 27197 28492 44285 -1 -1 1026 0.022417
Chain
	Aln	3	+SRR33939694.64233/1 215 1565 1595 -edge_2_0_+disjointig_2_0_44285 4633 5992 44285 -1 -1 972 0.0326415
Chain
	Aln	2	-SRR33939694.64233/1 29 1379 1595 +edge_2_0_+disjointig_2_0_44285 38292 39651 44285 -1 -1 972 0.0326415
Chain
	Aln	2	+SRR33939694.64287/1 116 1431 1460 +edge_2_0_+disjointig_2_0_44285 5364 6710 44285 -1 -1 886 0.0434674
Chain
	Aln	3	-SRR33939694.64287/1 28 1343 1460 -edge_2_0_+disjointig_2_0_44285 37574 38920 44285 -1 -1 886 0.0434674
Chain
	Aln	2	+SRR33939694.64272/1 113 1625 1635 +edge_2_0_+disjointig_2_0_44285 35862 37390 44285 -1 -1 1313 0.0170826
Chain
	Aln	3	-SRR33939694.64272/1 9 1521 1635 -edge_2_0_+disjointig_2_0_44285 6894 8422 44285 -1 -1 1313 0.0170826
Chain
	Aln	2	+SRR33939694.64308/1 112 1288 1314 +edge_2_0_+disjointig_2_0_44285 9924 11113 44285 -1 -1 1067 0.0148901
Chain
	Aln	3	-SRR33939694.64308/1 25 1201 1314 -edge_2_0_+disjointig_2_0_44285 33171 34360 44285 -1 -1 1067 0.0148901
Chain
	Aln	2	+SRR33939694.64359/1 126 1747 1794 +edge_2_0_+disjointig_2_0_44285 6475 8090 44285 -1 -1 1070 0.0401812
Chain
	Aln	3	-SRR33939694.64359/1 46 1667 1794 -edge_2_0_+disjointig_2_0_44285 36194 37809 44285 -1 -1 1070 0.0401812
Chain
	Aln	2	+SRR33939694.64484/1 114 1494 1497 +edge_2_0_+disjointig_2_0_44285 20587 21976 44285 -1 -1 1261 0.0129036
Chain
	Aln	3	-SRR33939694.64484/1 2 1382 1497 -edge_2_0_+disjointig_2_0_44285 22308 23697 44285 -1 -1 1261 0.0129036
Chain
	Aln	3	+SRR33939694.64538/1 112 1180 1186 -edge_2_0_+disjointig_2_0_44285 22786 23870 44285 -1 -1 896 0.0259091
Chain
	Aln	2	-SRR33939694.64538/1 5 1073 1186 +edge_2_0_+disjointig_2_0_44285 20414 21498 44285 -1 -1 896 0.0259091
Chain
	Aln	3	+SRR33939694.64603/1 125 1325 1345 -edge_2_0_+disjointig_2_0_44285 8087 9293 44285 -1 -1 991 0.0204628
Chain
	Aln	2	-SRR33939694.64603/1 19 1219 1345 +edge_2_0_+disjointig_2_0_44285 34991 36197 44285 -1 -1 991 0.0204628
Chain
	Aln	2	+SRR33939694.64689/1 115 1424 1434 +edge_2_0_+disjointig_2_0_44285 18123 19439 44285 -1 -1 1199 0.0111949
Chain
	Aln	3	-SRR33939694.64689/1 9 1318 1434 -edge_2_0_+disjointig_2_0_44285 24845 26161 44285 -1 -1 1199 0.0111949
Chain
	Aln	2	+SRR33939694.64692/1 114 1196 1202 +edge_2_0_+disjointig_2_0_44285 4406 5497 44285 -1 -1 917 0.0184908
Chain
	Aln	3	-SRR33939694.64692/1 5 1087 1202 -edge_2_0_+disjointig_2_0_44285 38787 39878 44285 -1 -1 917 0.0184908
Chain
	Aln	3	+SRR33939694.64709/1 123 1322 1329 -edge_2_0_+disjointig_2_0_44285 28736 29931 44285 -1 -1 1028 0.0193662
Chain
	Aln	2	-SRR33939694.64709/1 6 1205 1329 +edge_2_0_+disjointig_2_0_44285 14353 15548 44285 -1 -1 1028 0.0193662
Chain
	Aln	2	+SRR33939694.64832/1 135 1206 1212 +edge_2_0_+disjointig_2_0_44285 14665 15731 44285 -1 -1 737 0.0398504
Chain
	Aln	3	-SRR33939694.64832/1 5 1076 1212 -edge_2_0_+disjointig_2_0_44285 28553 29619 44285 -1 -1 737 0.0398504
Chain
	Aln	2	+SRR33939694.64810/1 125 1461 1466 +edge_2_0_+disjointig_2_0_44285 25901 27261 44285 -1 -1 1170 0.014634
Chain
	Aln	3	-SRR33939694.64810/1 4 1340 1466 -edge_2_0_+disjointig_2_0_44285 17023 18383 44285 -1 -1 1170 0.014634
Chain
	Aln	2	+SRR33939694.64848/1 111 1314 1320 +edge_2_0_+disjointig_2_0_44285 19740 20935 44285 -1 -1 1007 0.020697
Chain
	Aln	3	-SRR33939694.64848/1 5 1208 1320 -edge_2_0_+disjointig_2_0_44285 23349 24544 44285 -1 -1 1007 0.020697
Chain
	Aln	2	+SRR33939694.64909/1 114 1666 1674 +edge_2_0_+disjointig_2_0_44285 35484 37036 44285 -1 -1 1044 0.0392232
Chain
	Aln	3	-SRR33939694.64909/1 7 1559 1674 -edge_2_0_+disjointig_2_0_44285 7248 8800 44285 -1 -1 1044 0.0392232
Chain
	Aln	2	+SRR33939694.64817/1 124 2819 2850 +edge_2_0_+disjointig_2_0_44285 25075 27816 44285 -1 -1 2008 0.0279843
Chain
	Aln	3	-SRR33939694.64817/1 30 2725 2850 -edge_2_0_+disjointig_2_0_44285 16468 19209 44285 -1 -1 2008 0.0279843
Chain
	Aln	3	+SRR33939694.64949/1 125 1391 1446 -edge_2_0_+disjointig_2_0_44285 34737 36005 44285 -1 -1 935 0.0337582
Chain
	Aln	2	-SRR33939694.64949/1 54 1320 1446 +edge_2_0_+disjointig_2_0_44285 8279 9547 44285 -1 -1 935 0.0337582
Chain
	Aln	3	+SRR33939694.64999/1 104 1107 1117 -edge_2_0_+disjointig_2_0_44285 6310 7312 44285 -1 -1 773 0.0276929
Chain
	Aln	2	-SRR33939694.64999/1 9 1012 1117 +edge_2_0_+disjointig_2_0_44285 36972 37974 44285 -1 -1 773 0.0276929
Chain
	Aln	3	+SRR33939694.65025/1 118 1121 1128 -edge_2_0_+disjointig_2_0_44285 7119 8152 44285 -1 -1 704 0.0389258
Chain
	Aln	2	-SRR33939694.65025/1 6 1009 1128 +edge_2_0_+disjointig_2_0_44285 36132 37165 44285 -1 -1 704 0.0389258
Chain
	Aln	3	+SRR33939694.65003/1 139 1291 1296 -edge_2_0_+disjointig_2_0_44285 5297 6479 44285 -1 -1 810 0.0358245
Chain
	Aln	2	-SRR33939694.65003/1 4 1156 1296 +edge_2_0_+disjointig_2_0_44285 37805 38987 44285 -1 -1 810 0.0358245
Chain
	Aln	3	+SRR33939694.65035/1 128 1263 1266 -edge_2_0_+disjointig_2_0_44285 26226 27372 44285 -1 -1 913 0.030587
Chain
	Aln	2	-SRR33939694.65035/1 2 1137 1266 +edge_2_0_+disjointig_2_0_44285 16912 18058 44285 -1 -1 913 0.030587
Chain
	Aln	3	+SRR33939694.65189/1 111 1125 1136 -edge_2_0_+disjointig_2_0_44285 10455 11483 44285 -1 -1 811 0.0251516
Chain
	Aln	2	-SRR33939694.65189/1 10 1024 1136 +edge_2_0_+disjointig_2_0_44285 32801 33829 44285 -1 -1 811 0.0251516
Chain
	Aln	3	+SRR33939694.65196/1 122 1794 1797 -edge_2_0_+disjointig_2_0_44285 7166 8843 44285 -1 -1 1339 0.0285028
Chain
	Aln	2	-SRR33939694.65196/1 2 1674 1797 +edge_2_0_+disjointig_2_0_44285 35441 37118 44285 -1 -1 1339 0.0285028
Chain
	Aln	2	+SRR33939694.65212/1 146 1151 1158 +edge_2_0_+disjointig_2_0_44285 13043 14056 44285 -1 -1 721 0.0359841
Chain
	Aln	3	-SRR33939694.65212/1 6 1011 1158 -edge_2_0_+disjointig_2_0_44285 30228 31241 44285 -1 -1 721 0.0359841
Chain
	Aln	3	+SRR33939694.65202/1 136 1150 1156 -edge_2_0_+disjointig_2_0_44285 35245 36262 44285 -1 -1 870 0.0151762
Chain
	Aln	2	-SRR33939694.65202/1 5 1019 1156 +edge_2_0_+disjointig_2_0_44285 8022 9039 44285 -1 -1 870 0.0151762
Chain
	Aln	3	+SRR33939694.65234/1 119 1461 1467 -edge_2_0_+disjointig_2_0_44285 1183 2536 44285 -1 -1 896 0.0375749
Chain
	Aln	2	-SRR33939694.65234/1 5 1347 1467 +edge_2_0_+disjointig_2_0_44285 41748 43101 44285 -1 -1 896 0.0375749
Chain
	Aln	3	+SRR33939694.65198/1 112 2681 2686 -edge_2_0_+disjointig_2_0_44285 40631 43213 44285 -1 -1 2285 0.0135864
Chain
	Aln	2	-SRR33939694.65198/1 4 2573 2686 +edge_2_0_+disjointig_2_0_44285 1071 3653 44285 -1 -1 2285 0.0135864
Chain
	Aln	3	+SRR33939694.65262/1 126 1207 1241 -edge_2_0_+disjointig_2_0_44285 29644 30735 44285 -1 -1 802 0.0331582
Chain
	Aln	2	-SRR33939694.65262/1 33 1114 1241 +edge_2_0_+disjointig_2_0_44285 13549 14640 44285 -1 -1 802 0.0331582
Chain
	Aln	3	+SRR33939694.65342/1 118 1496 1537 -edge_2_0_+disjointig_2_0_44285 28347 29730 44285 -1 -1 1139 0.0200501
Chain
	Aln	2	-SRR33939694.65342/1 40 1418 1537 +edge_2_0_+disjointig_2_0_44285 14554 15937 44285 -1 -1 1139 0.0200501
Chain
	Aln	2	+SRR33939694.65388/1 109 1318 1320 +edge_2_0_+disjointig_2_0_44285 1272 2486 44285 -1 -1 1134 0.00704642
Chain
	Aln	3	-SRR33939694.65388/1 1 1210 1320 -edge_2_0_+disjointig_2_0_44285 41798 43012 44285 -1 -1 1134 0.00704642
Chain
	Aln	3	+SRR33939694.65392/1 109 1285 1306 -edge_2_0_+disjointig_2_0_44285 21107 22293 44285 -1 -1 849 0.0330815
Chain
	Aln	2	-SRR33939694.65392/1 20 1196 1306 +edge_2_0_+disjointig_2_0_44285 21991 23177 44285 -1 -1 849 0.0330815
Chain
	Aln	2	+SRR33939694.65403/1 136 1228 1239 +edge_2_0_+disjointig_2_0_44285 9076 10174 44285 -1 -1 863 0.0248398
Chain
	Aln	3	-SRR33939694.65403/1 10 1102 1239 -edge_2_0_+disjointig_2_0_44285 34110 35208 44285 -1 -1 863 0.0248398
Chain
	Aln	3	+SRR33939694.65367/1 108 1903 1905 -edge_2_0_+disjointig_2_0_44285 31586 33386 44285 -1 -1 1478 0.0267195
Chain
	Aln	2	-SRR33939694.65367/1 1 1796 1905 +edge_2_0_+disjointig_2_0_44285 10898 12698 44285 -1 -1 1478 0.0267195
Chain
	Aln	2	+SRR33939694.65582/1 122 1253 1258 +edge_2_0_+disjointig_2_0_44285 40396 41522 44285 -1 -1 863 0.0279444
Chain
	Aln	3	-SRR33939694.65582/1 4 1135 1258 -edge_2_0_+disjointig_2_0_44285 2762 3888 44285 -1 -1 863 0.0279444
Chain
	Aln	2	+SRR33939694.65579/1 124 1344 1350 +edge_2_0_+disjointig_2_0_44285 9339 10568 44285 -1 -1 1078 0.0157953
Chain
	Aln	3	-SRR33939694.65579/1 5 1225 1350 -edge_2_0_+disjointig_2_0_44285 33716 34945 44285 -1 -1 1078 0.0157953
Chain
	Aln	2	+SRR33939694.65625/1 136 1138 1154 +edge_2_0_+disjointig_2_0_44285 11056 12060 44285 -1 -1 752 0.0354591
Chain
	Aln	3	-SRR33939694.65625/1 15 1017 1154 -edge_2_0_+disjointig_2_0_44285 32224 33228 44285 -1 -1 752 0.0354591
Chain
	Aln	3	+SRR33939694.65663/1 125 1302 1307 -edge_2_0_+disjointig_2_0_44285 18229 19375 44285 -1 -1 834 0.0258646
Chain
	Aln	2	-SRR33939694.65663/1 4 1181 1307 +edge_2_0_+disjointig_2_0_44285 24909 26055 44285 -1 -1 834 0.0258646
Chain
	Aln	2	+SRR33939694.65682/1 116 1246 1265 +edge_2_0_+disjointig_2_0_44285 36522 37655 44285 -1 -1 1008 0.0187186
Chain
	Aln	3	-SRR33939694.65682/1 18 1148 1265 -edge_2_0_+disjointig_2_0_44285 6629 7762 44285 -1 -1 1008 0.0187186
Chain
	Aln	2	+SRR33939694.65714/1 125 1157 1186 +edge_2_0_+disjointig_2_0_44285 4657 5714 44285 -1 -1 832 0.023964
Chain
	Aln	3	-SRR33939694.65714/1 28 1060 1186 -edge_2_0_+disjointig_2_0_44285 38570 39627 44285 -1 -1 832 0.023964
Chain
	Aln	2	+SRR33939694.65713/1 111 1244 1260 +edge_2_0_+disjointig_2_0_44285 6950 8072 44285 -1 -1 924 0.0244822
Chain
	Aln	3	-SRR33939694.65713/1 15 1148 1260 -edge_2_0_+disjointig_2_0_44285 36212 37334 44285 -1 -1 924 0.0244822
Chain
	Aln	3	+SRR33939694.65730/1 140 1651 1661 -edge_2_0_+disjointig_2_0_44285 6729 8236 44285 -1 -1 1226 0.025257
Chain
	Aln	2	-SRR33939694.65730/1 9 1520 1661 +edge_2_0_+disjointig_2_0_44285 36048 37555 44285 -1 -1 1226 0.025257
Chain
	Aln	0	+SRR33939694.65779/1 140 1496 1505 +edge_1_0_+disjointig_1_0_47382 45147 46520 47382 -1 -1 1030 0.0296295
Chain
	Aln	1	-SRR33939694.65779/1 8 1364 1505 -edge_1_0_+disjointig_1_0_47382 861 2234 47382 -1 -1 1030 0.0296295
Chain
	Aln	3	+SRR33939694.65748/1 122 1981 2045 -edge_2_0_+disjointig_2_0_44285 35996 37852 44285 -1 -1 1557 0.016864
Chain
	Aln	2	-SRR33939694.65748/1 63 1922 2045 +edge_2_0_+disjointig_2_0_44285 6432 8288 44285 -1 -1 1557 0.016864
Chain
	Aln	2	+SRR33939694.65905/1 109 1167 1174 +edge_2_0_+disjointig_2_0_44285 28500 29563 44285 -1 -1 826 0.0353905
Chain
	Aln	3	-SRR33939694.65905/1 6 1064 1174 -edge_2_0_+disjointig_2_0_44285 14721 15784 44285 -1 -1 826 0.0353905
Chain
	Aln	2	+SRR33939694.65840/1 132 1411 1418 +edge_2_0_+disjointig_2_0_44285 373 1663 44285 -1 -1 1048 0.022556
Chain
	Aln	3	-SRR33939694.65840/1 6 1285 1418 -edge_2_0_+disjointig_2_0_44285 42621 43911 44285 -1 -1 1048 0.022556
Chain
	Aln	3	+SRR33939694.65977/1 151 1557 1566 -edge_2_0_+disjointig_2_0_44285 35679 37088 44285 -1 -1 1197 0.0167161
Chain
	Aln	2	-SRR33939694.65977/1 8 1414 1566 +edge_2_0_+disjointig_2_0_44285 7196 8605 44285 -1 -1 1197 0.0167161
Chain
	Aln	3	+SRR33939694.65890/1 112 2370 2375 -edge_2_0_+disjointig_2_0_44285 40052 42312 44285 -1 -1 1805 0.0241104
Chain
	Aln	2	-SRR33939694.65890/1 4 2262 2375 +edge_2_0_+disjointig_2_0_44285 1972 4232 44285 -1 -1 1805 0.0241104
Chain
	Aln	3	+SRR33939694.65991/1 111 1300 1316 -edge_2_0_+disjointig_2_0_44285 13062 14260 44285 -1 -1 895 0.0331974
Chain
	Aln	2	-SRR33939694.65991/1 15 1204 1316 +edge_2_0_+disjointig_2_0_44285 30024 31222 44285 -1 -1 895 0.0331974
Chain
	Aln	3	+SRR33939694.66055/1 117 1282 1284 -edge_2_0_+disjointig_2_0_44285 6583 7759 44285 -1 -1 1055 0.0156609
Chain
	Aln	2	-SRR33939694.66055/1 1 1166 1284 +edge_2_0_+disjointig_2_0_44285 36525 37701 44285 -1 -1 1055 0.0156609
Chain
	Aln	1	+SRR33939694.65056/1 224 12708 12718 -edge_1_0_+disjointig_1_0_47382 17901 30437 47382 -1 -1 9420 0.0302164
Chain
	Aln	0	-SRR33939694.65056/1 9 12493 12718 +edge_1_0_+disjointig_1_0_47382 16944 29480 47382 -1 -1 9420 0.0302164
Chain
	Aln	1	+SRR33939694.66041/1 649 1676 1698 -edge_1_0_+disjointig_1_0_47382 26035 27066 47382 -1 -1 744 0.0394214
Chain
	Aln	0	-SRR33939694.66041/1 21 1048 1698 +edge_1_0_+disjointig_1_0_47382 20315 21346 47382 -1 -1 744 0.0394214
Chain
	Aln	2	+SRR33939694.66094/1 129 1141 1169 +edge_2_0_+disjointig_2_0_44285 31190 32200 44285 -1 -1 908 0.010527
Chain
	Aln	3	-SRR33939694.66094/1 27 1039 1169 -edge_2_0_+disjointig_2_0_44285 12084 13094 44285 -1 -1 908 0.010527
Chain
	Aln	3	+SRR33939694.66133/1 127 1286 1319 -edge_2_0_+disjointig_2_0_44285 39215 40375 44285 -1 -1 869 0.0308288
Chain
	Aln	2	-SRR33939694.66133/1 32 1191 1319 +edge_2_0_+disjointig_2_0_44285 3909 5069 44285 -1 -1 869 0.0308288
Chain
	Aln	2	+SRR33939694.66183/1 110 1239 1258 +edge_2_0_+disjointig_2_0_44285 38987 40111 44285 -1 -1 689 0.0472663
Chain
	Aln	3	-SRR33939694.66183/1 18 1147 1258 -edge_2_0_+disjointig_2_0_44285 4173 5297 44285 -1 -1 689 0.0472663
Chain
	Aln	2	+SRR33939694.66256/1 150 1158 1165 +edge_2_0_+disjointig_2_0_44285 41555 42546 44285 -1 -1 781 0.0235157
Chain
	Aln	3	-SRR33939694.66256/1 6 1014 1165 -edge_2_0_+disjointig_2_0_44285 1738 2729 44285 -1 -1 781 0.0235157
Chain
	Aln	1	+SRR33939694.66244/1 293 1325 1335 -edge_1_0_+disjointig_1_0_47382 1275 2317 47382 -1 -1 835 0.0264314
Chain
	Aln	0	-SRR33939694.66244/1 9 1041 1335 +edge_1_0_+disjointig_1_0_47382 45064 46106 47382 -1 -1 835 0.0264314
Chain
	Aln	2	+SRR33939694.66371/1 130 1158 1169 +edge_2_0_+disjointig_2_0_44285 23636 24664 44285 -1 -1 901 0.0218698
Chain
	Aln	3	-SRR33939694.66371/1 10 1038 1169 -edge_2_0_+disjointig_2_0_44285 19620 20648 44285 -1 -1 901 0.0218698
Chain
	Aln	2	+SRR33939694.66361/1 116 1218 1240 +edge_2_0_+disjointig_2_0_44285 15703 16801 44285 -1 -1 894 0.0259587
Chain
	Aln	3	-SRR33939694.66361/1 21 1123 1240 -edge_2_0_+disjointig_2_0_44285 27483 28581 44285 -1 -1 894 0.0259587
Chain
	Aln	2	+SRR33939694.66403/1 119 1160 1162 +edge_2_0_+disjointig_2_0_44285 11823 12873 44285 -1 -1 747 0.030905
Chain
	Aln	3	-SRR33939694.66403/1 1 1042 1162 -edge_2_0_+disjointig_2_0_44285 31411 32461 44285 -1 -1 747 0.030905
Chain
	Aln	0	+SRR33939694.66236/1 250 3516 3520 +edge_1_0_+disjointig_1_0_47382 15107 18394 47382 -1 -1 2545 0.0284213
Chain
	Aln	1	-SRR33939694.66236/1 3 3269 3520 -edge_1_0_+disjointig_1_0_47382 28987 32274 47382 -1 -1 2545 0.0284213
Chain
	Aln	3	+SRR33939694.66270/1 145 3349 3353 -edge_2_0_+disjointig_2_0_44285 40315 43569 44285 -1 -1 2285 0.030103
Chain
	Aln	2	-SRR33939694.66270/1 3 3207 3353 +edge_2_0_+disjointig_2_0_44285 715 3969 44285 -1 -1 2285 0.030103
Chain
	Aln	3	+SRR33939694.66488/1 166 1176 1179 -edge_2_0_+disjointig_2_0_44285 35013 36026 44285 -1 -1 875 0.0196528
Chain
	Aln	2	-SRR33939694.66488/1 2 1012 1179 +edge_2_0_+disjointig_2_0_44285 8258 9271 44285 -1 -1 875 0.0196528
Chain
	Aln	2	+SRR33939694.66462/1 138 1538 1573 +edge_2_0_+disjointig_2_0_44285 4016 5428 44285 -1 -1 1030 0.0324575
Chain
	Aln	3	-SRR33939694.66462/1 34 1434 1573 -edge_2_0_+disjointig_2_0_44285 38856 40268 44285 -1 -1 1030 0.0324575
Chain
	Aln	3	+SRR33939694.66478/1 127 1860 1913 -edge_2_0_+disjointig_2_0_44285 8185 9941 44285 -1 -1 1324 0.0290601
Chain
	Aln	2	-SRR33939694.66478/1 52 1785 1913 +edge_2_0_+disjointig_2_0_44285 34343 36099 44285 -1 -1 1324 0.0290601
Chain
	Aln	2	+SRR33939694.66641/1 118 1333 1337 +edge_2_0_+disjointig_2_0_44285 35024 36238 44285 -1 -1 863 0.0340262
Chain
	Aln	3	-SRR33939694.66641/1 3 1218 1337 -edge_2_0_+disjointig_2_0_44285 8046 9260 44285 -1 -1 863 0.0340262
Chain
	Aln	3	+SRR33939694.66726/1 126 1171 1190 -edge_2_0_+disjointig_2_0_44285 30451 31530 44285 -1 -1 783 0.0279998
Chain
	Aln	2	-SRR33939694.66726/1 18 1063 1190 +edge_2_0_+disjointig_2_0_44285 12754 13833 44285 -1 -1 783 0.0279998
Chain
	Aln	3	+SRR33939694.66745/1 178 1285 1287 -edge_2_0_+disjointig_2_0_44285 34786 35885 44285 -1 -1 792 0.0340146
Chain
	Aln	2	-SRR33939694.66745/1 1 1108 1287 +edge_2_0_+disjointig_2_0_44285 8399 9498 44285 -1 -1 792 0.0340146
Chain
	Aln	2	+SRR33939694.66769/1 132 1366 1381 +edge_2_0_+disjointig_2_0_44285 29410 30640 44285 -1 -1 934 0.0330714
Chain
	Aln	3	-SRR33939694.66769/1 14 1248 1381 -edge_2_0_+disjointig_2_0_44285 13644 14874 44285 -1 -1 934 0.0330714
Chain
	Aln	3	+SRR33939694.66867/1 108 1130 1158 -edge_2_0_+disjointig_2_0_44285 10350 11379 44285 -1 -1 884 0.0179598
Chain
	Aln	2	-SRR33939694.66867/1 27 1049 1158 +edge_2_0_+disjointig_2_0_44285 32905 33934 44285 -1 -1 884 0.0179598
Chain
	Aln	3	+SRR33939694.66772/1 114 1256 1349 -edge_2_0_+disjointig_2_0_44285 6521 7657 44285 -1 -1 715 0.0454362
Chain
	Aln	2	-SRR33939694.66772/1 92 1234 1349 +edge_2_0_+disjointig_2_0_44285 36627 37763 44285 -1 -1 715 0.0454362
Chain
	Aln	2	+SRR33939694.66934/1 118 1351 1356 +edge_2_0_+disjointig_2_0_44285 762 2002 44285 -1 -1 1017 0.0194999
Chain
	Aln	3	-SRR33939694.66934/1 4 1237 1356 -edge_2_0_+disjointig_2_0_44285 42282 43522 44285 -1 -1 1017 0.0194999
Chain
	Aln	2	+SRR33939694.66975/1 126 1185 1189 +edge_2_0_+disjointig_2_0_44285 19413 20497 44285 -1 -1 868 0.0214506
Chain
	Aln	3	-SRR33939694.66975/1 3 1062 1189 -edge_2_0_+disjointig_2_0_44285 23787 24871 44285 -1 -1 868 0.0214506
Chain
	Aln	2	+SRR33939694.66983/1 141 1283 1286 +edge_2_0_+disjointig_2_0_44285 26489 27632 44285 -1 -1 934 0.019629
Chain
	Aln	3	-SRR33939694.66983/1 2 1144 1286 -edge_2_0_+disjointig_2_0_44285 16652 17795 44285 -1 -1 934 0.019629
Chain
	Aln	2	+SRR33939694.66981/1 137 1488 1503 +edge_2_0_+disjointig_2_0_44285 25767 27102 44285 -1 -1 835 0.050614
Chain
	Aln	3	-SRR33939694.66981/1 14 1365 1503 -edge_2_0_+disjointig_2_0_44285 17182 18517 44285 -1 -1 835 0.050614
Chain
	Aln	2	+SRR33939694.67163/1 119 1282 1284 +edge_2_0_+disjointig_2_0_44285 642 1817 44285 -1 -1 861 0.0306508
Chain
	Aln	3	-SRR33939694.67163/1 1 1164 1284 -edge_2_0_+disjointig_2_0_44285 42467 43642 44285 -1 -1 861 0.0306508
Chain
	Aln	3	+SRR33939694.67262/1 96 1352 1363 -edge_2_0_+disjointig_2_0_44285 6537 7800 44285 -1 -1 898 0.0372619
Chain
	Aln	2	-SRR33939694.67262/1 10 1266 1363 +edge_2_0_+disjointig_2_0_44285 36484 37747 44285 -1 -1 898 0.0372619
Chain
	Aln	2	+SRR33939694.67165/1 114 1268 1273 +edge_2_0_+disjointig_2_0_44285 29099 30254 44285 -1 -1 936 0.02433
Chain
	Aln	3	-SRR33939694.67165/1 4 1158 1273 -edge_2_0_+disjointig_2_0_44285 14030 15185 44285 -1 -1 936 0.02433
Chain
	Aln	3	+SRR33939694.67222/1 125 1410 1412 -edge_2_0_+disjointig_2_0_44285 12615 13911 44285 -1 -1 1089 0.0199589
Chain
	Aln	2	-SRR33939694.67222/1 1 1286 1412 +edge_2_0_+disjointig_2_0_44285 30373 31669 44285 -1 -1 1089 0.0199589
Chain
	Aln	3	+SRR33939694.67271/1 134 1476 1482 -edge_2_0_+disjointig_2_0_44285 10745 12104 44285 -1 -1 1037 0.0252546
Chain
	Aln	2	-SRR33939694.67271/1 5 1347 1482 +edge_2_0_+disjointig_2_0_44285 32180 33539 44285 -1 -1 1037 0.0252546
Chain
	Aln	3	+SRR33939694.67237/1 226 2752 2754 -edge_2_0_+disjointig_2_0_44285 41749 44283 44285 -1 -1 2356 0.00663288
Chain
	Aln	2	-SRR33939694.67237/1 1 2527 2754 +edge_2_0_+disjointig_2_0_44285 1 2535 44285 -1 -1 2356 0.00663288
Chain
	Aln	3	+SRR33939694.67296/1 131 1612 1620 -edge_2_0_+disjointig_2_0_44285 36154 37649 44285 -1 -1 1290 0.0109161
Chain
	Aln	2	-SRR33939694.67296/1 7 1488 1620 +edge_2_0_+disjointig_2_0_44285 6635 8130 44285 -1 -1 1290 0.0109161
Chain
	Aln	3	+SRR33939694.67409/1 122 1422 1453 -edge_2_0_+disjointig_2_0_44285 13420 14725 44285 -1 -1 1075 0.0228695
Chain
	Aln	2	-SRR33939694.67409/1 30 1330 1453 +edge_2_0_+disjointig_2_0_44285 29559 30864 44285 -1 -1 1075 0.0228695
Chain
	Aln	3	+SRR33939694.67420/1 119 1537 1573 -edge_2_0_+disjointig_2_0_44285 15907 17334 44285 -1 -1 1257 0.0124971
Chain
	Aln	2	-SRR33939694.67420/1 35 1453 1573 +edge_2_0_+disjointig_2_0_44285 26950 28377 44285 -1 -1 1257 0.0124971
Chain
	Aln	3	+SRR33939694.67379/1 125 1815 1829 -edge_2_0_+disjointig_2_0_44285 15968 17658 44285 -1 -1 1267 0.0277186
Chain
	Aln	2	-SRR33939694.67379/1 13 1703 1829 +edge_2_0_+disjointig_2_0_44285 26626 28316 44285 -1 -1 1267 0.0277186
Chain
	Aln	2	+SRR33939694.67443/1 122 1126 1133 +edge_2_0_+disjointig_2_0_44285 17375 18375 44285 -1 -1 883 0.0148322
Chain
	Aln	3	-SRR33939694.67443/1 6 1010 1133 -edge_2_0_+disjointig_2_0_44285 25909 26909 44285 -1 -1 883 0.0148322
Chain
	Aln	3	+SRR33939694.67426/1 135 2236 2257 -edge_2_0_+disjointig_2_0_44285 1104 3197 44285 -1 -1 1496 0.0319835
Chain
	Aln	2	-SRR33939694.67426/1 20 2121 2257 +edge_2_0_+disjointig_2_0_44285 41087 43180 44285 -1 -1 1496 0.0319835
Chain
	Aln	3	+SRR33939694.67454/1 135 1246 1282 -edge_2_0_+disjointig_2_0_44285 42969 44091 44285 -1 -1 904 0.0213688
Chain
	Aln	2	-SRR33939694.67454/1 35 1146 1282 +edge_2_0_+disjointig_2_0_44285 193 1315 44285 -1 -1 904 0.0213688
Chain
	Aln	3	+SRR33939694.67458/1 121 1144 1167 -edge_2_0_+disjointig_2_0_44285 23241 24273 44285 -1 -1 831 0.0189898
Chain
	Aln	2	-SRR33939694.67458/1 22 1045 1167 +edge_2_0_+disjointig_2_0_44285 20011 21043 44285 -1 -1 831 0.0189898
Chain
	Aln	2	+SRR33939694.67477/1 118 1253 1260 +edge_2_0_+disjointig_2_0_44285 40980 42104 44285 -1 -1 877 0.024155
Chain
	Aln	3	-SRR33939694.67477/1 6 1141 1260 -edge_2_0_+disjointig_2_0_44285 2180 3304 44285 -1 -1 877 0.024155
Chain
	Aln	3	+SRR33939694.67478/1 135 1744 1747 -edge_2_0_+disjointig_2_0_44285 20108 21715 44285 -1 -1 1401 0.0184482
Chain
	Aln	2	-SRR33939694.67478/1 2 1611 1747 +edge_2_0_+disjointig_2_0_44285 22569 24176 44285 -1 -1 1401 0.0184482
Chain
	Aln	3	+SRR33939694.67546/1 112 1229 1233 -edge_2_0_+disjointig_2_0_44285 8329 9445 44285 -1 -1 1016 0.0112156
Chain
	Aln	2	-SRR33939694.67546/1 3 1120 1233 +edge_2_0_+disjointig_2_0_44285 34839 35955 44285 -1 -1 1016 0.0112156
Chain
	Aln	3	+SRR33939694.67499/1 110 1590 1608 -edge_2_0_+disjointig_2_0_44285 30220 31706 44285 -1 -1 1020 0.0383124
Chain
	Aln	2	-SRR33939694.67499/1 17 1497 1608 +edge_2_0_+disjointig_2_0_44285 12578 14064 44285 -1 -1 1020 0.0383124
Chain
	Aln	3	+SRR33939694.65964/1 147 18489 18511 -edge_2_0_+disjointig_2_0_44285 25842 44278 44285 -1 -1 14347 0.026071
Chain
	Aln	2	-SRR33939694.65964/1 21 18363 18511 +edge_2_0_+disjointig_2_0_44285 6 18442 44285 -1 -1 14347 0.026071
Chain
	Aln	3	+SRR33939694.67564/1 113 1325 1333 -edge_2_0_+disjointig_2_0_44285 18501 19722 44285 -1 -1 969 0.0219538
Chain
	Aln	2	-SRR33939694.67564/1 7 1219 1333 +edge_2_0_+disjointig_2_0_44285 24562 25783 44285 -1 -1 969 0.0219538
Chain
	Aln	3	+SRR33939694.67592/1 121 1444 1448 -edge_2_0_+disjointig_2_0_44285 25085 26419 44285 -1 -1 1151 0.0169505
Chain
	Aln	2	-SRR33939694.67592/1 3 1326 1448 +edge_2_0_+disjointig_2_0_44285 17865 19199 44285 -1 -1 1151 0.0169505
Chain
	Aln	2	+SRR33939694.67547/1 139 2682 2689 +edge_2_0_+disjointig_2_0_44285 11010 13565 44285 -1 -1 1856 0.0308979
Chain
	Aln	3	-SRR33939694.67547/1 6 2549 2689 -edge_2_0_+disjointig_2_0_44285 30719 33274 44285 -1 -1 1856 0.0308979
Chain
	Aln	2	+SRR33939694.67643/1 121 1501 1505 +edge_2_0_+disjointig_2_0_44285 16252 17662 44285 -1 -1 1177 0.0225169
Chain
	Aln	3	-SRR33939694.67643/1 3 1383 1505 -edge_2_0_+disjointig_2_0_44285 26622 28032 44285 -1 -1 1177 0.0225169
Chain
	Aln	2	+SRR33939694.67358/1 110 8069 8099 +edge_2_0_+disjointig_2_0_44285 24801 32801 44285 -1 -1 6622 0.0191722
Chain
	Aln	3	-SRR33939694.67358/1 29 7988 8099 -edge_2_0_+disjointig_2_0_44285 11483 19483 44285 -1 -1 6622 0.0191722
Chain
	Aln	2	+SRR33939694.67687/1 121 1131 1133 +edge_2_0_+disjointig_2_0_44285 18681 19688 44285 -1 -1 846 0.0212884
Chain
	Aln	3	-SRR33939694.67687/1 1 1011 1133 -edge_2_0_+disjointig_2_0_44285 24596 25603 44285 -1 -1 846 0.0212884
Chain
	Aln	3	+SRR33939694.67679/1 117 1142 1179 -edge_2_0_+disjointig_2_0_44285 6671 7711 44285 -1 -1 739 0.0341038
Chain
	Aln	2	-SRR33939694.67679/1 36 1061 1179 +edge_2_0_+disjointig_2_0_44285 36573 37613 44285 -1 -1 739 0.0341038
Chain
	Aln	2	+SRR33939694.67688/1 121 1205 1211 +edge_2_0_+disjointig_2_0_44285 27232 28321 44285 -1 -1 884 0.0285425
Chain
	Aln	3	-SRR33939694.67688/1 5 1089 1211 -edge_2_0_+disjointig_2_0_44285 15963 17052 44285 -1 -1 884 0.0285425
Chain
	Aln	3	+SRR33939694.67727/1 115 1303 1311 -edge_2_0_+disjointig_2_0_44285 17194 18388 44285 -1 -1 902 0.027136
Chain
	Aln	2	-SRR33939694.67727/1 7 1195 1311 +edge_2_0_+disjointig_2_0_44285 25896 27090 44285 -1 -1 902 0.027136
Chain
	Aln	3	+SRR33939694.67752/1 157 1358 1384 -edge_2_0_+disjointig_2_0_44285 4572 5784 44285 -1 -1 849 0.0338808
Chain
	Aln	2	-SRR33939694.67752/1 25 1226 1384 +edge_2_0_+disjointig_2_0_44285 38500 39712 44285 -1 -1 849 0.0338808
Chain
	Aln	2	+SRR33939694.67740/1 110 2304 2306 +edge_2_0_+disjointig_2_0_44285 28077 30309 44285 -1 -1 1891 0.0198235
Chain
	Aln	3	-SRR33939694.67740/1 1 2195 2306 -edge_2_0_+disjointig_2_0_44285 13975 16207 44285 -1 -1 1891 0.0198235
Chain
	Aln	2	+SRR33939694.67739/1 136 1887 1901 +edge_2_0_+disjointig_2_0_44285 9977 11722 44285 -1 -1 1260 0.0349227
Chain
	Aln	3	-SRR33939694.67739/1 13 1764 1901 -edge_2_0_+disjointig_2_0_44285 32562 34307 44285 -1 -1 1260 0.0349227
Chain
	Aln	3	+SRR33939694.67802/1 119 1120 1142 -edge_2_0_+disjointig_2_0_44285 29997 30994 44285 -1 -1 826 0.0250505
Chain
	Aln	2	-SRR33939694.67802/1 21 1022 1142 +edge_2_0_+disjointig_2_0_44285 13290 14287 44285 -1 -1 826 0.0250505
Chain
	Aln	2	+SRR33939694.67774/1 133 2155 2165 +edge_2_0_+disjointig_2_0_44285 35161 37205 44285 -1 -1 1624 0.0245667
Chain
	Aln	3	-SRR33939694.67774/1 9 2031 2165 -edge_2_0_+disjointig_2_0_44285 7079 9123 44285 -1 -1 1624 0.0245667
Chain
	Aln	2	+SRR33939694.67852/1 114 1154 1181 +edge_2_0_+disjointig_2_0_44285 29834 30880 44285 -1 -1 802 0.027145
Chain
	Aln	3	-SRR33939694.67852/1 26 1066 1181 -edge_2_0_+disjointig_2_0_44285 13404 14450 44285 -1 -1 802 0.027145
Chain
	Aln	2	+SRR33939694.67872/1 121 1354 1371 +edge_2_0_+disjointig_2_0_44285 8605 9861 44285 -1 -1 787 0.0435628
Chain
	Aln	3	-SRR33939694.67872/1 16 1249 1371 -edge_2_0_+disjointig_2_0_44285 34423 35679 44285 -1 -1 787 0.0435628
Chain
	Aln	3	+SRR33939694.67895/1 121 1306 1341 -edge_2_0_+disjointig_2_0_44285 29809 31006 44285 -1 -1 1066 0.0181546
Chain
	Aln	2	-SRR33939694.67895/1 34 1219 1341 +edge_2_0_+disjointig_2_0_44285 13278 14475 44285 -1 -1 1066 0.0181546
Chain
	Aln	3	+SRR33939694.67878/1 157 2297 2300 -edge_2_0_+disjointig_2_0_44285 14721 16866 44285 -1 -1 1731 0.0262154
Chain
	Aln	2	-SRR33939694.67878/1 2 2142 2300 +edge_2_0_+disjointig_2_0_44285 27418 29563 44285 -1 -1 1731 0.0262154
Chain
	Aln	3	+SRR33939694.67782/1 115 3267 3289 -edge_2_0_+disjointig_2_0_44285 41123 44278 44285 -1 -1 2573 0.0223036
Chain
	Aln	2	-SRR33939694.67782/1 21 3173 3289 +edge_2_0_+disjointig_2_0_44285 6 3161 44285 -1 -1 2573 0.0223036
Chain
	Aln	3	+SRR33939694.67889/1 125 2054 2056 -edge_2_0_+disjointig_2_0_44285 4094 6032 44285 -1 -1 1698 0.0140011
Chain
	Aln	2	-SRR33939694.67889/1 1 1930 2056 +edge_2_0_+disjointig_2_0_44285 38252 40190 44285 -1 -1 1698 0.0140011
Chain
	Aln	3	+SRR33939694.67927/1 119 1373 1375 -edge_2_0_+disjointig_2_0_44285 6042 7298 44285 -1 -1 1111 0.015045
Chain
	Aln	2	-SRR33939694.67927/1 1 1255 1375 +edge_2_0_+disjointig_2_0_44285 36986 38242 44285 -1 -1 1111 0.015045
Chain
	Aln	2	+SRR33939694.68109/1 124 1257 1263 +edge_2_0_+disjointig_2_0_44285 35721 36850 44285 -1 -1 873 0.0303922
Chain
	Aln	3	-SRR33939694.68109/1 5 1138 1263 -edge_2_0_+disjointig_2_0_44285 7434 8563 44285 -1 -1 873 0.0303922
Chain
	Aln	2	+SRR33939694.68130/1 116 1151 1162 +edge_2_0_+disjointig_2_0_44285 34300 35364 44285 -1 -1 863 0.0203552
Chain
	Aln	3	-SRR33939694.68130/1 10 1045 1162 -edge_2_0_+disjointig_2_0_44285 8920 9984 44285 -1 -1 863 0.0203552
Chain
	Aln	3	+SRR33939694.68144/1 128 1425 1433 -edge_2_0_+disjointig_2_0_44285 31942 33249 44285 -1 -1 1065 0.0225954
Chain
	Aln	2	-SRR33939694.68144/1 7 1304 1433 +edge_2_0_+disjointig_2_0_44285 11035 12342 44285 -1 -1 1065 0.0225954
Chain
	Aln	3	+SRR33939694.68179/1 126 1175 1228 -edge_2_0_+disjointig_2_0_44285 7900 8974 44285 -1 -1 667 0.0510973
Chain
	Aln	2	-SRR33939694.68179/1 52 1101 1228 +edge_2_0_+disjointig_2_0_44285 35310 36384 44285 -1 -1 667 0.0510973
Chain
	Aln	2	+SRR33939694.68281/1 220 1718 1725 +edge_2_0_+disjointig_2_0_44285 10529 12042 44285 -1 -1 1176 0.0287164
Chain
	Aln	3	-SRR33939694.68281/1 6 1504 1725 -edge_2_0_+disjointig_2_0_44285 32242 33755 44285 -1 -1 1176 0.0287164
Chain
	Aln	3	+SRR33939694.68306/1 127 1330 1334 -edge_2_0_+disjointig_2_0_44285 36137 37349 44285 -1 -1 880 0.0311012
Chain
	Aln	2	-SRR33939694.68306/1 3 1206 1334 +edge_2_0_+disjointig_2_0_44285 6935 8147 44285 -1 -1 880 0.0311012
Chain
	Aln	0	+SRR33939694.67718/1 266 7050 7226 +edge_1_0_+disjointig_1_0_47382 14318 21156 47382 -1 -1 4858 0.030897
Chain
	Aln	1	-SRR33939694.67718/1 175 6959 7226 -edge_1_0_+disjointig_1_0_47382 26225 33063 47382 -1 -1 4858 0.030897
Chain
	Aln	2	+SRR33939694.68277/1 116 1573 1579 +edge_2_0_+disjointig_2_0_44285 2351 3789 44285 -1 -1 1043 0.0355076
Chain
	Aln	3	-SRR33939694.68277/1 5 1462 1579 -edge_2_0_+disjointig_2_0_44285 40495 41933 44285 -1 -1 1043 0.0355076
Chain
	Aln	3	+SRR33939694.68316/1 121 1249 1251 -edge_2_0_+disjointig_2_0_44285 28738 29878 44285 -1 -1 851 0.0284107
Chain
	Aln	2	-SRR33939694.68316/1 1 1129 1251 +edge_2_0_+disjointig_2_0_44285 14406 15546 44285 -1 -1 851 0.0284107
Chain
	Aln	1	+SRR33939694.68439/1 273 1759 1768 -edge_1_0_+disjointig_1_0_47382 3263 4757 47382 -1 -1 1280 0.0198578
Chain
	Aln	0	-SRR33939694.68439/1 8 1494 1768 +edge_1_0_+disjointig_1_0_47382 42624 44118 47382 -1 -1 1280 0.0198578
Chain
	Aln	2	+SRR33939694.68446/1 141 1408 1419 +edge_2_0_+disjointig_2_0_44285 16032 17314 44285 -1 -1 780 0.0475302
Chain
	Aln	3	-SRR33939694.68446/1 10 1277 1419 -edge_2_0_+disjointig_2_0_44285 26970 28252 44285 -1 -1 780 0.0475302
Chain
	Aln	3	+SRR33939694.68540/1 134 1237 1247 -edge_2_0_+disjointig_2_0_44285 4014 5113 44285 -1 -1 963 0.0144571
Chain
	Aln	2	-SRR33939694.68540/1 9 1112 1247 +edge_2_0_+disjointig_2_0_44285 39171 40270 44285 -1 -1 963 0.0144571
Chain
	Aln	2	+SRR33939694.68486/1 125 2337 2341 +edge_2_0_+disjointig_2_0_44285 19183 21412 44285 -1 -1 1681 0.0294238
Chain
	Aln	3	-SRR33939694.68486/1 3 2215 2341 -edge_2_0_+disjointig_2_0_44285 22872 25101 44285 -1 -1 1681 0.0294238
Chain
	Aln	2	+SRR33939694.68658/1 160 1169 1193 +edge_2_0_+disjointig_2_0_44285 39090 40111 44285 -1 -1 741 0.034708
Chain
	Aln	3	-SRR33939694.68658/1 23 1032 1193 -edge_2_0_+disjointig_2_0_44285 4173 5194 44285 -1 -1 741 0.034708
Chain
	Aln	2	+SRR33939694.68682/1 155 1777 1781 +edge_2_0_+disjointig_2_0_44285 26922 28546 44285 -1 -1 1286 0.0232689
Chain
	Aln	3	-SRR33939694.68682/1 3 1625 1781 -edge_2_0_+disjointig_2_0_44285 15738 17362 44285 -1 -1 1286 0.0232689
Chain
	Aln	3	+SRR33939694.68646/1 123 1799 1814 -edge_2_0_+disjointig_2_0_44285 7485 9187 44285 -1 -1 1081 0.0438444
Chain
	Aln	2	-SRR33939694.68646/1 14 1690 1814 +edge_2_0_+disjointig_2_0_44285 35097 36799 44285 -1 -1 1081 0.0438444
Chain
	Aln	2	+SRR33939694.68782/1 117 1801 1808 +edge_2_0_+disjointig_2_0_44285 29235 30906 44285 -1 -1 1329 0.0245228
Chain
	Aln	3	-SRR33939694.68782/1 6 1690 1808 -edge_2_0_+disjointig_2_0_44285 13378 15049 44285 -1 -1 1329 0.0245228
Chain
	Aln	0	+SRR33939694.68783/1 157 1459 1487 +edge_1_0_+disjointig_1_0_47382 35929 37242 47382 -1 -1 989 0.0285803
Chain
	Aln	1	-SRR33939694.68783/1 27 1329 1487 -edge_1_0_+disjointig_1_0_47382 10139 11452 47382 -1 -1 989 0.0285803
Chain
	Aln	2	+SRR33939694.68296/1 107 10130 10153 +edge_2_0_+disjointig_2_0_44285 34218 44260 44285 -1 -1 8542 0.017687
Chain
	Aln	3	-SRR33939694.68296/1 22 10045 10153 -edge_2_0_+disjointig_2_0_44285 24 10066 44285 -1 -1 8542 0.017687
Chain
	Aln	2	+SRR33939694.68795/1 126 1317 1350 +edge_2_0_+disjointig_2_0_44285 28305 29493 44285 -1 -1 954 0.0309851
Chain
	Aln	3	-SRR33939694.68795/1 32 1223 1350 -edge_2_0_+disjointig_2_0_44285 14791 15979 44285 -1 -1 954 0.0309851
Chain
	Aln	2	+SRR33939694.68807/1 119 1138 1143 +edge_2_0_+disjointig_2_0_44285 30744 31770 44285 -1 -1 720 0.0327542
Chain
	Aln	3	-SRR33939694.68807/1 4 1023 1143 -edge_2_0_+disjointig_2_0_44285 12514 13540 44285 -1 -1 720 0.0327542
Chain
	Aln	3	+SRR33939694.68841/1 108 1282 1294 -edge_2_0_+disjointig_2_0_44285 26016 27191 44285 -1 -1 1034 0.0178033
Chain
	Aln	2	-SRR33939694.68841/1 11 1185 1294 +edge_2_0_+disjointig_2_0_44285 17093 18268 44285 -1 -1 1034 0.0178033
Chain
	Aln	3	+SRR33939694.68835/1 130 1362 1366 -edge_2_0_+disjointig_2_0_44285 16614 17844 44285 -1 -1 940 0.0277047
Chain
	Aln	2	-SRR33939694.68835/1 3 1235 1366 +edge_2_0_+disjointig_2_0_44285 26440 27670 44285 -1 -1 940 0.0277047
Chain
	Aln	3	+SRR33939694.68009/1 112 13060 13063 -edge_2_0_+disjointig_2_0_44285 18450 31508 44285 -1 -1 10936 0.0188472
Chain
	Aln	2	-SRR33939694.68009/1 2 12950 13063 +edge_2_0_+disjointig_2_0_44285 12776 25834 44285 -1 -1 10936 0.0188472
Chain
	Aln	2	+SRR33939694.68828/1 129 2090 2092 +edge_2_0_+disjointig_2_0_44285 25075 27054 44285 -1 -1 1331 0.0354924
Chain
	Aln	3	-SRR33939694.68828/1 1 1962 2092 -edge_2_0_+disjointig_2_0_44285 17230 19209 44285 -1 -1 1331 0.0354924
Chain
	Aln	3	+SRR33939694.69134/1 118 1157 1163 -edge_2_0_+disjointig_2_0_44285 37985 39019 44285 -1 -1 833 0.0185287
Chain
	Aln	2	-SRR33939694.69134/1 5 1044 1163 +edge_2_0_+disjointig_2_0_44285 5265 6299 44285 -1 -1 833 0.0185287
Chain
	Aln	2	+SRR33939694.69026/1 127 1824 1831 +edge_2_0_+disjointig_2_0_44285 18421 20119 44285 -1 -1 1503 0.0148703
Chain
	Aln	3	-SRR33939694.69026/1 6 1703 1831 -edge_2_0_+disjointig_2_0_44285 24165 25863 44285 -1 -1 1503 0.0148703
Chain
	Aln	2	+SRR33939694.69099/1 118 1975 1995 +edge_2_0_+disjointig_2_0_44285 25690 27559 44285 -1 -1 1509 0.0240501
Chain
	Aln	3	-SRR33939694.69099/1 19 1876 1995 -edge_2_0_+disjointig_2_0_44285 16725 18594 44285 -1 -1 1509 0.0240501
Chain
	Aln	3	+SRR33939694.69040/1 144 1791 1797 -edge_2_0_+disjointig_2_0_44285 21042 22683 44285 -1 -1 1443 0.0133221
Chain
	Aln	2	-SRR33939694.69040/1 5 1652 1797 +edge_2_0_+disjointig_2_0_44285 21601 23242 44285 -1 -1 1443 0.0133221
Chain
	Aln	2	+SRR33939694.69169/1 116 1390 1396 +edge_2_0_+disjointig_2_0_44285 39763 41061 44285 -1 -1 987 0.0263252
Chain
	Aln	3	-SRR33939694.69169/1 5 1279 1396 -edge_2_0_+disjointig_2_0_44285 3223 4521 44285 -1 -1 987 0.0263252
Chain
	Aln	0	+SRR33939694.68961/1 118 3478 3501 +edge_1_0_+disjointig_1_0_47382 1532 4919 47382 -1 -1 2505 0.0334621
Chain
	Aln	1	-SRR33939694.68961/1 22 3382 3501 -edge_1_0_+disjointig_1_0_47382 42462 45849 47382 -1 -1 2505 0.0334621
Chain
	Aln	1	+SRR33939694.69174/1 319 1957 1964 -edge_1_0_+disjointig_1_0_47382 43867 45516 47382 -1 -1 1423 0.0138878
Chain
	Aln	0	-SRR33939694.69174/1 6 1644 1964 +edge_1_0_+disjointig_1_0_47382 1865 3514 47382 -1 -1 1423 0.0138878
Chain
	Aln	3	+SRR33939694.69218/1 196 1253 1257 -edge_2_0_+disjointig_2_0_44285 30417 31476 44285 -1 -1 940 0.0139663
Chain
	Aln	2	-SRR33939694.69218/1 3 1060 1257 +edge_2_0_+disjointig_2_0_44285 12808 13867 44285 -1 -1 940 0.0139663
Chain
	Aln	2	+SRR33939694.69282/1 152 1256 1284 +edge_2_0_+disjointig_2_0_44285 8805 9925 44285 -1 -1 949 0.020034
Chain
	Aln	3	-SRR33939694.69282/1 27 1131 1284 -edge_2_0_+disjointig_2_0_44285 34359 35479 44285 -1 -1 949 0.020034
Chain
	Aln	2	+SRR33939694.69260/1 128 1576 1594 +edge_2_0_+disjointig_2_0_44285 31692 33137 44285 -1 -1 1283 0.0156411
Chain
	Aln	3	-SRR33939694.69260/1 17 1465 1594 -edge_2_0_+disjointig_2_0_44285 11147 12592 44285 -1 -1 1283 0.0156411
Chain
	Aln	2	+SRR33939694.69258/1 121 1903 1908 +edge_2_0_+disjointig_2_0_44285 9531 11315 44285 -1 -1 1592 0.0192659
Chain
	Aln	3	-SRR33939694.69258/1 4 1786 1908 -edge_2_0_+disjointig_2_0_44285 32969 34753 44285 -1 -1 1592 0.0192659
Chain
	Aln	2	+SRR33939694.69321/1 113 1197 1202 +edge_2_0_+disjointig_2_0_44285 13907 14996 44285 -1 -1 949 0.0175771
Chain
	Aln	3	-SRR33939694.69321/1 4 1088 1202 -edge_2_0_+disjointig_2_0_44285 29288 30377 44285 -1 -1 949 0.0175771
Chain
	Aln	2	+SRR33939694.69295/1 118 1248 1252 +edge_2_0_+disjointig_2_0_44285 22890 24041 44285 -1 -1 639 0.0620091
Chain
	Aln	3	-SRR33939694.69295/1 3 1133 1252 -edge_2_0_+disjointig_2_0_44285 20243 21394 44285 -1 -1 639 0.0620091
Chain
	Aln	3	+SRR33939694.69379/1 120 1146 1162 -edge_2_0_+disjointig_2_0_44285 18585 19608 44285 -1 -1 875 0.0204029
Chain
	Aln	2	-SRR33939694.69379/1 15 1041 1162 +edge_2_0_+disjointig_2_0_44285 24676 25699 44285 -1 -1 875 0.0204029
Chain
	Aln	2	+SRR33939694.69285/1 150 1821 1847 +edge_2_0_+disjointig_2_0_44285 22759 24447 44285 -1 -1 1200 0.0365636
Chain
	Aln	3	-SRR33939694.69285/1 25 1696 1847 -edge_2_0_+disjointig_2_0_44285 19837 21525 44285 -1 -1 1200 0.0365636
Chain
	Aln	2	+SRR33939694.69434/1 122 1407 1412 +edge_2_0_+disjointig_2_0_44285 12421 13720 44285 -1 -1 1133 0.0157106
Chain
	Aln	3	-SRR33939694.69434/1 4 1289 1412 -edge_2_0_+disjointig_2_0_44285 30564 31863 44285 -1 -1 1133 0.0157106
Chain
	Aln	3	+SRR33939694.69459/1 118 1292 1295 -edge_2_0_+disjointig_2_0_44285 5598 6785 44285 -1 -1 917 0.0294244
Chain
	Aln	2	-SRR33939694.69459/1 2 1176 1295 +edge_2_0_+disjointig_2_0_44285 37499 38686 44285 -1 -1 917 0.0294244
Chain
	Aln	3	+SRR33939694.69433/1 131 1749 1752 -edge_2_0_+disjointig_2_0_44285 7406 9030 44285 -1 -1 1439 0.0134876
Chain
	Aln	2	-SRR33939694.69433/1 2 1620 1752 +edge_2_0_+disjointig_2_0_44285 35254 36878 44285 -1 -1 1439 0.0134876
Chain
	Aln	3	+SRR33939694.69464/1 116 1458 1461 -edge_2_0_+disjointig_2_0_44285 25191 26533 44285 -1 -1 1139 0.0192741
Chain
	Aln	2	-SRR33939694.69464/1 2 1344 1461 +edge_2_0_+disjointig_2_0_44285 17751 19093 44285 -1 -1 1139 0.0192741
Chain
	Aln	3	+SRR33939694.69455/1 118 1483 1494 -edge_2_0_+disjointig_2_0_44285 20789 22139 44285 -1 -1 1065 0.0247875
Chain
	Aln	2	-SRR33939694.69455/1 10 1375 1494 +edge_2_0_+disjointig_2_0_44285 22145 23495 44285 -1 -1 1065 0.0247875
Chain
	Aln	2	+SRR33939694.69517/1 118 1127 1132 +edge_2_0_+disjointig_2_0_44285 28070 29075 44285 -1 -1 873 0.0189761
Chain
	Aln	3	-SRR33939694.69517/1 4 1013 1132 -edge_2_0_+disjointig_2_0_44285 15209 16214 44285 -1 -1 873 0.0189761
Chain
	Aln	2	+SRR33939694.69483/1 143 1432 1443 +edge_2_0_+disjointig_2_0_44285 10916 12222 44285 -1 -1 995 0.0359494
Chain
	Aln	3	-SRR33939694.69483/1 10 1299 1443 -edge_2_0_+disjointig_2_0_44285 32062 33368 44285 -1 -1 995 0.0359494
Chain
	Aln	2	+SRR33939694.69505/1 115 1305 1313 +edge_2_0_+disjointig_2_0_44285 42735 43925 44285 -1 -1 991 0.0204411
Chain
	Aln	3	-SRR33939694.69505/1 7 1197 1313 -edge_2_0_+disjointig_2_0_44285 359 1549 44285 -1 -1 991 0.0204411
Chain
	Aln	3	+SRR33939694.69577/1 149 1461 2013 -edge_2_0_+disjointig_2_0_44285 35377 36691 44285 -1 -1 1220 0.00792498
Chain
	Aln	2	-SRR33939694.69577/1 551 1863 2013 +edge_2_0_+disjointig_2_0_44285 7593 8907 44285 -1 -1 1220 0.00792498
Chain
	Aln	2	+SRR33939694.69609/1 115 1172 1207 +edge_2_0_+disjointig_2_0_44285 2694 3742 44285 -1 -1 773 0.0302639
Chain
	Aln	3	-SRR33939694.69609/1 34 1091 1207 -edge_2_0_+disjointig_2_0_44285 40542 41590 44285 -1 -1 773 0.0302639
Chain
	Aln	2	+SRR33939694.69691/1 184 1362 1404 +edge_2_0_+disjointig_2_0_44285 15076 16268 44285 -1 -1 1062 0.0139972
Chain
	Aln	3	-SRR33939694.69691/1 41 1219 1404 -edge_2_0_+disjointig_2_0_44285 28016 29208 44285 -1 -1 1062 0.0139972
Chain
	Aln	2	+SRR33939694.69732/1 109 1431 1440 +edge_2_0_+disjointig_2_0_44285 28829 30167 44285 -1 -1 1063 0.0304956
Chain
	Aln	3	-SRR33939694.69732/1 8 1330 1440 -edge_2_0_+disjointig_2_0_44285 14117 15455 44285 -1 -1 1063 0.0304956
Chain
	Aln	2	+SRR33939694.69791/1 157 1185 1188 +edge_2_0_+disjointig_2_0_44285 9033 10052 44285 -1 -1 788 0.0261239
Chain
	Aln	3	-SRR33939694.69791/1 2 1030 1188 -edge_2_0_+disjointig_2_0_44285 34232 35251 44285 -1 -1 788 0.0261239
Chain
	Aln	2	+SRR33939694.69845/1 139 1142 1148 +edge_2_0_+disjointig_2_0_44285 36955 37969 44285 -1 -1 651 0.044914
Chain
	Aln	3	-SRR33939694.69845/1 5 1008 1148 -edge_2_0_+disjointig_2_0_44285 6315 7329 44285 -1 -1 651 0.044914
Chain
	Aln	3	+SRR33939694.69873/1 110 1196 1202 -edge_2_0_+disjointig_2_0_44285 26186 27285 44285 -1 -1 767 0.0384702
Chain
	Aln	2	-SRR33939694.69873/1 5 1091 1202 +edge_2_0_+disjointig_2_0_44285 16999 18098 44285 -1 -1 767 0.0384702
Chain
	Aln	3	+SRR33939694.69892/1 114 1405 1407 -edge_2_0_+disjointig_2_0_44285 17403 18698 44285 -1 -1 1088 0.0192174
Chain
	Aln	2	-SRR33939694.69892/1 1 1292 1407 +edge_2_0_+disjointig_2_0_44285 25586 26881 44285 -1 -1 1088 0.0192174
Chain
	Aln	3	+SRR33939694.70030/1 118 1314 1336 -edge_2_0_+disjointig_2_0_44285 26014 27217 44285 -1 -1 970 0.0210802
Chain
	Aln	2	-SRR33939694.70030/1 21 1217 1336 +edge_2_0_+disjointig_2_0_44285 17067 18270 44285 -1 -1 970 0.0210802
Chain
	Aln	3	+SRR33939694.69970/1 107 1885 1894 -edge_2_0_+disjointig_2_0_44285 25238 27015 44285 -1 -1 1494 0.0213748
Chain
	Aln	2	-SRR33939694.69970/1 8 1786 1894 +edge_2_0_+disjointig_2_0_44285 17269 19046 44285 -1 -1 1494 0.0213748
Chain
	Aln	3	+SRR33939694.70070/1 125 1140 1146 -edge_2_0_+disjointig_2_0_44285 16148 17176 44285 -1 -1 880 0.0174779
Chain
	Aln	2	-SRR33939694.70070/1 5 1020 1146 +edge_2_0_+disjointig_2_0_44285 27108 28136 44285 -1 -1 880 0.0174779
Chain
	Aln	2	+SRR33939694.70045/1 136 1339 1346 +edge_2_0_+disjointig_2_0_44285 16252 17471 44285 -1 -1 906 0.0332784
Chain
	Aln	3	-SRR33939694.70045/1 6 1209 1346 -edge_2_0_+disjointig_2_0_44285 26813 28032 44285 -1 -1 906 0.0332784
Chain
	Aln	3	+SRR33939694.70125/1 119 1131 1140 -edge_2_0_+disjointig_2_0_44285 35765 36791 44285 -1 -1 911 0.00945568
Chain
	Aln	2	-SRR33939694.70125/1 8 1020 1140 +edge_2_0_+disjointig_2_0_44285 7493 8519 44285 -1 -1 911 0.00945568
Chain
	Aln	3	+SRR33939694.70109/1 148 1302 1312 -edge_2_0_+disjointig_2_0_44285 12483 13660 44285 -1 -1 918 0.0302895
Chain
	Aln	2	-SRR33939694.70109/1 9 1163 1312 +edge_2_0_+disjointig_2_0_44285 30624 31801 44285 -1 -1 918 0.0302895
Chain
	Aln	3	+SRR33939694.70181/1 131 1215 1224 -edge_2_0_+disjointig_2_0_44285 2148 3255 44285 -1 -1 846 0.0276091
Chain
	Aln	2	-SRR33939694.70181/1 8 1092 1224 +edge_2_0_+disjointig_2_0_44285 41029 42136 44285 -1 -1 846 0.0276091
Chain
	Aln	3	+SRR33939694.70250/1 124 1205 1228 -edge_2_0_+disjointig_2_0_44285 32649 33736 44285 -1 -1 891 0.0289185
Chain
	Aln	2	-SRR33939694.70250/1 22 1103 1228 +edge_2_0_+disjointig_2_0_44285 10548 11635 44285 -1 -1 891 0.0289185
Chain
	Aln	2	+SRR33939694.70267/1 123 1512 1539 +edge_2_0_+disjointig_2_0_44285 10323 11710 44285 -1 -1 972 0.0404929
Chain
	Aln	3	-SRR33939694.70267/1 26 1415 1539 -edge_2_0_+disjointig_2_0_44285 32574 33961 44285 -1 -1 972 0.0404929
Chain
	Aln	2	+SRR33939694.70265/1 119 1275 1281 +edge_2_0_+disjointig_2_0_44285 8262 9445 44285 -1 -1 918 0.031515
Chain
	Aln	3	-SRR33939694.70265/1 5 1161 1281 -edge_2_0_+disjointig_2_0_44285 34839 36022 44285 -1 -1 918 0.031515
Chain
	Aln	2	+SRR33939694.70304/1 129 1248 1258 +edge_2_0_+disjointig_2_0_44285 19106 20227 44285 -1 -1 954 0.0180923
Chain
	Aln	3	-SRR33939694.70304/1 9 1128 1258 -edge_2_0_+disjointig_2_0_44285 24057 25178 44285 -1 -1 954 0.0180923
Chain
	Aln	2	+SRR33939694.70279/1 121 1779 1792 +edge_2_0_+disjointig_2_0_44285 39249 40905 44285 -1 -1 1045 0.0468788
Chain
	Aln	3	-SRR33939694.70279/1 12 1670 1792 -edge_2_0_+disjointig_2_0_44285 3379 5035 44285 -1 -1 1045 0.0468788
Chain
	Aln	2	+SRR33939694.70561/1 114 1260 1262 +edge_2_0_+disjointig_2_0_44285 18483 19621 44285 -1 -1 912 0.0242945
Chain
	Aln	3	-SRR33939694.70561/1 1 1147 1262 -edge_2_0_+disjointig_2_0_44285 24663 25801 44285 -1 -1 912 0.0242945
Chain
	Aln	3	+SRR33939694.70552/1 113 1522 1540 -edge_2_0_+disjointig_2_0_44285 3149 4566 44285 -1 -1 1186 0.0173547
Chain
	Aln	2	-SRR33939694.70552/1 17 1426 1540 +edge_2_0_+disjointig_2_0_44285 39718 41135 44285 -1 -1 1186 0.0173547
Chain
	Aln	2	+SRR33939694.70629/1 123 1141 1149 +edge_2_0_+disjointig_2_0_44285 34812 35830 44285 -1 -1 828 0.0203897
Chain
	Aln	3	-SRR33939694.70629/1 7 1025 1149 -edge_2_0_+disjointig_2_0_44285 8454 9472 44285 -1 -1 828 0.0203897
Chain
	Aln	2	+SRR33939694.70617/1 115 1414 1417 +edge_2_0_+disjointig_2_0_44285 40212 41503 44285 -1 -1 1144 0.0134786
Chain
	Aln	3	-SRR33939694.70617/1 2 1301 1417 -edge_2_0_+disjointig_2_0_44285 2781 4072 44285 -1 -1 1144 0.0134786
Chain
	Aln	2	+SRR33939694.70678/1 117 1523 1526 +edge_2_0_+disjointig_2_0_44285 30531 31939 44285 -1 -1 1241 0.0154676
Chain
	Aln	3	-SRR33939694.70678/1 2 1408 1526 -edge_2_0_+disjointig_2_0_44285 12345 13753 44285 -1 -1 1241 0.0154676
Chain
	Aln	2	+SRR33939694.70601/1 197 2000 2010 +edge_2_0_+disjointig_2_0_44285 23254 25063 44285 -1 -1 948 0.0629041
Chain
	Aln	3	-SRR33939694.70601/1 9 1812 2010 -edge_2_0_+disjointig_2_0_44285 19221 21030 44285 -1 -1 948 0.0629041
Chain
	Aln	3	+SRR33939694.70689/1 129 1256 1289 -edge_2_0_+disjointig_2_0_44285 25751 26871 44285 -1 -1 668 0.0553833
Chain
	Aln	2	-SRR33939694.70689/1 32 1159 1289 +edge_2_0_+disjointig_2_0_44285 17413 18533 44285 -1 -1 668 0.0553833
Chain
	Aln	3	+SRR33939694.70745/1 147 1154 1174 -edge_2_0_+disjointig_2_0_44285 41372 42382 44285 -1 -1 744 0.0250848
Chain
	Aln	2	-SRR33939694.70745/1 19 1026 1174 +edge_2_0_+disjointig_2_0_44285 1902 2912 44285 -1 -1 744 0.0250848
Chain
	Aln	3	+SRR33939694.70711/1 119 1292 1315 -edge_2_0_+disjointig_2_0_44285 29226 30423 44285 -1 -1 838 0.0380943
Chain
	Aln	2	-SRR33939694.70711/1 22 1195 1315 +edge_2_0_+disjointig_2_0_44285 13861 15058 44285 -1 -1 838 0.0380943
Chain
	Aln	2	+SRR33939694.70766/1 111 1136 1166 +edge_2_0_+disjointig_2_0_44285 11772 12804 44285 -1 -1 709 0.0336496
Chain
	Aln	3	-SRR33939694.70766/1 29 1054 1166 -edge_2_0_+disjointig_2_0_44285 31480 32512 44285 -1 -1 709 0.0336496
Chain
	Aln	3	+SRR33939694.70868/1 146 1252 1270 -edge_2_0_+disjointig_2_0_44285 28315 29425 44285 -1 -1 881 0.0228448
Chain
	Aln	2	-SRR33939694.70868/1 17 1123 1270 +edge_2_0_+disjointig_2_0_44285 14859 15969 44285 -1 -1 881 0.0228448
Chain
	Aln	3	+SRR33939694.70800/1 140 1229 1249 -edge_2_0_+disjointig_2_0_44285 7981 9061 44285 -1 -1 803 0.030007
Chain
	Aln	2	-SRR33939694.70800/1 19 1108 1249 +edge_2_0_+disjointig_2_0_44285 35223 36303 44285 -1 -1 803 0.030007
Chain
	Aln	2	+SRR33939694.70833/1 111 1688 1692 +edge_2_0_+disjointig_2_0_44285 2038 3641 44285 -1 -1 976 0.0419421
Chain
	Aln	3	-SRR33939694.70833/1 3 1580 1692 -edge_2_0_+disjointig_2_0_44285 40643 42246 44285 -1 -1 976 0.0419421
Chain
	Aln	3	+SRR33939694.70894/1 126 1205 1212 -edge_2_0_+disjointig_2_0_44285 18790 19853 44285 -1 -1 656 0.0446017
Chain
	Aln	2	-SRR33939694.70894/1 6 1085 1212 +edge_2_0_+disjointig_2_0_44285 24431 25494 44285 -1 -1 656 0.0446017
Chain
	Aln	2	+SRR33939694.70944/1 109 1176 1186 +edge_2_0_+disjointig_2_0_44285 16657 17708 44285 -1 -1 916 0.0222638
Chain
	Aln	3	-SRR33939694.70944/1 9 1076 1186 -edge_2_0_+disjointig_2_0_44285 26576 27627 44285 -1 -1 916 0.0222638
Chain
	Aln	2	+SRR33939694.71057/1 128 1282 1284 +edge_2_0_+disjointig_2_0_44285 6485 7644 44285 -1 -1 940 0.0188884
Chain
	Aln	3	-SRR33939694.71057/1 1 1155 1284 -edge_2_0_+disjointig_2_0_44285 36640 37799 44285 -1 -1 940 0.0188884
Chain
	Aln	2	+SRR33939694.71107/1 197 1350 1359 +edge_2_0_+disjointig_2_0_44285 35693 36850 44285 -1 -1 832 0.0311489
Chain
	Aln	3	-SRR33939694.71107/1 8 1161 1359 -edge_2_0_+disjointig_2_0_44285 7434 8591 44285 -1 -1 832 0.0311489
Chain
	Aln	2	+SRR33939694.70946/1 126 1558 1579 +edge_2_0_+disjointig_2_0_44285 19463 20901 44285 -1 -1 837 0.0515229
Chain
	Aln	3	-SRR33939694.70946/1 20 1452 1579 -edge_2_0_+disjointig_2_0_44285 23383 24821 44285 -1 -1 837 0.0515229
Chain
	Aln	3	+SRR33939694.71109/1 137 1378 1387 -edge_2_0_+disjointig_2_0_44285 16191 17456 44285 -1 -1 895 0.0383273
Chain
	Aln	2	-SRR33939694.71109/1 8 1249 1387 +edge_2_0_+disjointig_2_0_44285 26828 28093 44285 -1 -1 895 0.0383273
Chain
	Aln	2	+SRR33939694.71120/1 145 1521 1578 +edge_2_0_+disjointig_2_0_44285 7907 9321 44285 -1 -1 871 0.0401689
Chain
	Aln	3	-SRR33939694.71120/1 56 1432 1578 -edge_2_0_+disjointig_2_0_44285 34963 36377 44285 -1 -1 871 0.0401689
Chain
	Aln	3	+SRR33939694.71173/1 157 1192 1198 -edge_2_0_+disjointig_2_0_44285 17346 18397 44285 -1 -1 910 0.0175234
Chain
	Aln	2	-SRR33939694.71173/1 5 1040 1198 +edge_2_0_+disjointig_2_0_44285 25887 26938 44285 -1 -1 910 0.0175234
Chain
	Aln	2	+SRR33939694.71207/1 114 1156 1164 +edge_2_0_+disjointig_2_0_44285 16072 17109 44285 -1 -1 829 0.0240496
Chain
	Aln	3	-SRR33939694.71207/1 7 1049 1164 -edge_2_0_+disjointig_2_0_44285 27175 28212 44285 -1 -1 829 0.0240496
Chain
	Aln	3	+SRR33939694.71144/1 108 1718 1721 -edge_2_0_+disjointig_2_0_44285 7941 9550 44285 -1 -1 1378 0.0179376
Chain
	Aln	2	-SRR33939694.71144/1 2 1612 1721 +edge_2_0_+disjointig_2_0_44285 34734 36343 44285 -1 -1 1378 0.0179376
Chain
	Aln	2	+SRR33939694.71223/1 118 1157 1166 +edge_2_0_+disjointig_2_0_44285 38419 39453 44285 -1 -1 873 0.0176823
Chain
	Aln	3	-SRR33939694.71223/1 8 1047 1166 -edge_2_0_+disjointig_2_0_44285 4831 5865 44285 -1 -1 873 0.0176823
Chain
	Aln	3	+SRR33939694.71272/1 128 1276 1288 -edge_2_0_+disjointig_2_0_44285 1908 3069 44285 -1 -1 958 0.0186066
Chain
	Aln	2	-SRR33939694.71272/1 11 1159 1288 +edge_2_0_+disjointig_2_0_44285 41215 42376 44285 -1 -1 958 0.0186066
Chain
	Aln	2	+SRR33939694.71285/1 129 1159 1188 +edge_2_0_+disjointig_2_0_44285 4152 5182 44285 -1 -1 975 0.00786326
Chain
	Aln	3	-SRR33939694.71285/1 28 1058 1188 -edge_2_0_+disjointig_2_0_44285 39102 40132 44285 -1 -1 975 0.00786326
Chain
	Aln	3	+SRR33939694.71318/1 114 1160 1168 -edge_2_0_+disjointig_2_0_44285 13162 14194 44285 -1 -1 831 0.0228908
Chain
	Aln	2	-SRR33939694.71318/1 7 1053 1168 +edge_2_0_+disjointig_2_0_44285 30090 31122 44285 -1 -1 831 0.0228908
Chain
	Aln	3	+SRR33939694.71325/1 120 1728 1736 -edge_2_0_+disjointig_2_0_44285 24462 26072 44285 -1 -1 1448 0.00957437
Chain
	Aln	2	-SRR33939694.71325/1 7 1615 1736 +edge_2_0_+disjointig_2_0_44285 18212 19822 44285 -1 -1 1448 0.00957437
Chain
	Aln	3	+SRR33939694.71243/1 120 3713 3720 -edge_2_0_+disjointig_2_0_44285 26475 30065 44285 -1 -1 2989 0.0203084
Chain
	Aln	2	-SRR33939694.71243/1 6 3599 3720 +edge_2_0_+disjointig_2_0_44285 14219 17809 44285 -1 -1 2989 0.0203084
Chain
	Aln	2	+SRR33939694.71410/1 118 1293 1298 +edge_2_0_+disjointig_2_0_44285 7022 8214 44285 -1 -1 928 0.0257631
Chain
	Aln	3	-SRR33939694.71410/1 4 1179 1298 -edge_2_0_+disjointig_2_0_44285 36070 37262 44285 -1 -1 928 0.0257631
Chain
	Aln	3	+SRR33939694.71412/1 134 1150 1172 -edge_2_0_+disjointig_2_0_44285 3697 4712 44285 -1 -1 962 0.00814424
Chain
	Aln	2	-SRR33939694.71412/1 21 1037 1172 +edge_2_0_+disjointig_2_0_44285 39572 40587 44285 -1 -1 962 0.00814424
Chain
	Aln	2	+SRR33939694.71349/1 147 1688 1701 +edge_2_0_+disjointig_2_0_44285 5867 7409 44285 -1 -1 1102 0.0319596
Chain
	Aln	3	-SRR33939694.71349/1 12 1553 1701 -edge_2_0_+disjointig_2_0_44285 36875 38417 44285 -1 -1 1102 0.0319596
Chain
	Aln	3	+SRR33939694.71416/1 140 1384 1402 -edge_2_0_+disjointig_2_0_44285 21746 23005 44285 -1 -1 975 0.0229927
Chain
	Aln	2	-SRR33939694.71416/1 17 1261 1402 +edge_2_0_+disjointig_2_0_44285 21279 22538 44285 -1 -1 975 0.0229927
Chain
	Aln	2	+SRR33939694.71432/1 125 1269 1275 +edge_2_0_+disjointig_2_0_44285 4073 5239 44285 -1 -1 669 0.0524502
Chain
	Aln	3	-SRR33939694.71432/1 5 1149 1275 -edge_2_0_+disjointig_2_0_44285 39045 40211 44285 -1 -1 669 0.0524502
Chain
	Aln	3	+SRR33939694.71448/1 127 1310 1330 -edge_2_0_+disjointig_2_0_44285 20891 22065 44285 -1 -1 847 0.0329325
Chain
	Aln	2	-SRR33939694.71448/1 19 1202 1330 +edge_2_0_+disjointig_2_0_44285 22219 23393 44285 -1 -1 847 0.0329325
Chain
	Aln	2	+SRR33939694.71487/1 142 1175 1187 +edge_2_0_+disjointig_2_0_44285 19617 20662 44285 -1 -1 836 0.0251599
Chain
	Aln	3	-SRR33939694.71487/1 11 1044 1187 -edge_2_0_+disjointig_2_0_44285 23622 24667 44285 -1 -1 836 0.0251599
Chain
	Aln	3	+SRR33939694.71551/1 144 1257 1290 -edge_2_0_+disjointig_2_0_44285 30432 31544 44285 -1 -1 871 0.0247466
Chain
	Aln	2	-SRR33939694.71551/1 32 1145 1290 +edge_2_0_+disjointig_2_0_44285 12740 13852 44285 -1 -1 871 0.0247466
Chain
	Aln	3	+SRR33939694.71561/1 132 1244 1248 -edge_2_0_+disjointig_2_0_44285 4641 5767 44285 -1 -1 950 0.0156711
Chain
	Aln	2	-SRR33939694.71561/1 3 1115 1248 +edge_2_0_+disjointig_2_0_44285 38517 39643 44285 -1 -1 950 0.0156711
Chain
	Aln	3	+SRR33939694.71553/1 135 1618 1634 -edge_2_0_+disjointig_2_0_44285 28332 29835 44285 -1 -1 1165 0.0236447
Chain
	Aln	2	-SRR33939694.71553/1 15 1498 1634 +edge_2_0_+disjointig_2_0_44285 14449 15952 44285 -1 -1 1165 0.0236447
Chain
	Aln	3	+SRR33939694.71552/1 116 1465 1470 -edge_2_0_+disjointig_2_0_44285 10218 11581 44285 -1 -1 905 0.0422283
Chain
	Aln	2	-SRR33939694.71552/1 4 1353 1470 +edge_2_0_+disjointig_2_0_44285 32703 34066 44285 -1 -1 905 0.0422283
Chain
	Aln	2	+SRR33939694.71611/1 140 1304 1307 +edge_2_0_+disjointig_2_0_44285 18639 19815 44285 -1 -1 925 0.0266734
Chain
	Aln	3	-SRR33939694.71611/1 2 1166 1307 -edge_2_0_+disjointig_2_0_44285 24469 25645 44285 -1 -1 925 0.0266734
Chain
	Aln	3	+SRR33939694.71634/1 216 1424 1455 -edge_2_0_+disjointig_2_0_44285 32984 34169 44285 -1 -1 875 0.035127
Chain
	Aln	2	-SRR33939694.71634/1 30 1238 1455 +edge_2_0_+disjointig_2_0_44285 10115 11300 44285 -1 -1 875 0.035127
Chain
	Aln	2	+SRR33939694.71655/1 117 1634 1652 +edge_2_0_+disjointig_2_0_44285 12109 13655 44285 -1 -1 879 0.049639
Chain
	Aln	3	-SRR33939694.71655/1 17 1534 1652 -edge_2_0_+disjointig_2_0_44285 30629 32175 44285 -1 -1 879 0.049639
Chain
	Aln	3	+SRR33939694.71765/1 173 1483 1500 -edge_2_0_+disjointig_2_0_44285 32082 33393 44285 -1 -1 1006 0.0297035
Chain
	Aln	2	-SRR33939694.71765/1 16 1326 1500 +edge_2_0_+disjointig_2_0_44285 10891 12202 44285 -1 -1 1006 0.0297035
Chain
	Aln	2	+SRR33939694.71775/1 100 1120 1124 +edge_2_0_+disjointig_2_0_44285 20152 21182 44285 -1 -1 878 0.0210791
Chain
	Aln	3	-SRR33939694.71775/1 3 1023 1124 -edge_2_0_+disjointig_2_0_44285 23102 24132 44285 -1 -1 878 0.0210791
Chain
	Aln	3	+SRR33939694.71747/1 137 1658 1661 -edge_2_0_+disjointig_2_0_44285 20624 22162 44285 -1 -1 1293 0.0234132
Chain
	Aln	2	-SRR33939694.71747/1 2 1523 1661 +edge_2_0_+disjointig_2_0_44285 22122 23660 44285 -1 -1 1293 0.0234132
Chain
	Aln	3	+SRR33939694.71826/1 99 1181 1185 -edge_2_0_+disjointig_2_0_44285 20828 21911 44285 -1 -1 950 0.0160637
Chain
	Aln	2	-SRR33939694.71826/1 3 1085 1185 +edge_2_0_+disjointig_2_0_44285 22373 23456 44285 -1 -1 950 0.0160637
Chain
	Aln	3	+SRR33939694.71845/1 133 1152 1197 -edge_2_0_+disjointig_2_0_44285 5245 6276 44285 -1 -1 785 0.025323
Chain
	Aln	2	-SRR33939694.71845/1 44 1063 1197 +edge_2_0_+disjointig_2_0_44285 38008 39039 44285 -1 -1 785 0.025323
Chain
	Aln	3	+SRR33939694.71847/1 108 2076 2079 -edge_2_0_+disjointig_2_0_44285 38325 40297 44285 -1 -1 1661 0.0171791
Chain
	Aln	2	-SRR33939694.71847/1 2 1970 2079 +edge_2_0_+disjointig_2_0_44285 3987 5959 44285 -1 -1 1661 0.0171791
Chain
	Aln	3	+SRR33939694.71959/1 123 1336 1352 -edge_2_0_+disjointig_2_0_44285 1554 2775 44285 -1 -1 1064 0.0127216
Chain
	Aln	2	-SRR33939694.71959/1 15 1228 1352 +edge_2_0_+disjointig_2_0_44285 41509 42730 44285 -1 -1 1064 0.0127216
Chain
	Aln	3	+SRR33939694.72067/1 125 1273 1321 -edge_2_0_+disjointig_2_0_44285 31851 33022 44285 -1 -1 860 0.0328129
Chain
	Aln	2	-SRR33939694.72067/1 47 1195 1321 +edge_2_0_+disjointig_2_0_44285 11262 12433 44285 -1 -1 860 0.0328129
Chain
	Aln	2	+SRR33939694.71846/1 186 1866 1870 +edge_2_0_+disjointig_2_0_44285 33223 34907 44285 -1 -1 1266 0.0316335
Chain
	Aln	3	-SRR33939694.71846/1 3 1683 1870 -edge_2_0_+disjointig_2_0_44285 9377 11061 44285 -1 -1 1266 0.0316335
Chain
	Aln	3	+SRR33939694.72002/1 119 1492 1495 -edge_2_0_+disjointig_2_0_44285 9652 11014 44285 -1 -1 1158 0.0176838
Chain
	Aln	2	-SRR33939694.72002/1 2 1375 1495 +edge_2_0_+disjointig_2_0_44285 33270 34632 44285 -1 -1 1158 0.0176838
Chain
	Aln	2	+SRR33939694.72140/1 119 1437 1445 +edge_2_0_+disjointig_2_0_44285 10869 12189 44285 -1 -1 988 0.0265398
Chain
	Aln	3	-SRR33939694.72140/1 7 1325 1445 -edge_2_0_+disjointig_2_0_44285 32095 33415 44285 -1 -1 988 0.0265398
Chain
	Aln	2	+SRR33939694.72142/1 129 1933 1955 +edge_2_0_+disjointig_2_0_44285 10549 12356 44285 -1 -1 1553 0.0182855
Chain
	Aln	3	-SRR33939694.72142/1 21 1825 1955 -edge_2_0_+disjointig_2_0_44285 31928 33735 44285 -1 -1 1553 0.0182855
Chain
	Aln	3	+SRR33939694.72089/1 120 2335 2353 -edge_2_0_+disjointig_2_0_44285 14741 16964 44285 -1 -1 1759 0.026692
Chain
	Aln	2	-SRR33939694.72089/1 17 2232 2353 +edge_2_0_+disjointig_2_0_44285 27320 29543 44285 -1 -1 1759 0.026692
Chain
	Aln	2	+SRR33939694.72158/1 116 2163 2206 +edge_2_0_+disjointig_2_0_44285 15851 17895 44285 -1 -1 1689 0.0220695
Chain
	Aln	3	-SRR33939694.72158/1 42 2089 2206 -edge_2_0_+disjointig_2_0_44285 26389 28433 44285 -1 -1 1689 0.0220695
Chain
	Aln	3	+SRR33939694.72168/1 117 1290 1357 -edge_2_0_+disjointig_2_0_44285 1679 2870 44285 -1 -1 791 0.038317
Chain
	Aln	2	-SRR33939694.72168/1 66 1239 1357 +edge_2_0_+disjointig_2_0_44285 41414 42605 44285 -1 -1 791 0.038317
Chain
	Aln	3	+SRR33939694.72196/1 110 1422 1435 -edge_2_0_+disjointig_2_0_44285 31506 32809 44285 -1 -1 1114 0.0179442
Chain
	Aln	2	-SRR33939694.72196/1 12 1324 1435 +edge_2_0_+disjointig_2_0_44285 11475 12778 44285 -1 -1 1114 0.0179442
Chain
	Aln	3	+SRR33939694.72199/1 112 1394 1413 -edge_2_0_+disjointig_2_0_44285 24701 25996 44285 -1 -1 1126 0.0161828
Chain
	Aln	2	-SRR33939694.72199/1 18 1300 1413 +edge_2_0_+disjointig_2_0_44285 18288 19583 44285 -1 -1 1126 0.0161828
Chain
	Aln	3	+SRR33939694.72274/1 106 1322 1420 -edge_2_0_+disjointig_2_0_44285 41285 42526 44285 -1 -1 775 0.0467605
Chain
	Aln	2	-SRR33939694.72274/1 97 1313 1420 +edge_2_0_+disjointig_2_0_44285 1758 2999 44285 -1 -1 775 0.0467605
Chain
	Aln	3	+SRR33939694.72309/1 121 1211 1220 -edge_2_0_+disjointig_2_0_44285 32042 33135 44285 -1 -1 1003 0.00924182
Chain
	Aln	2	-SRR33939694.72309/1 8 1098 1220 +edge_2_0_+disjointig_2_0_44285 11149 12242 44285 -1 -1 1003 0.00924182
Chain
	Aln	3	+SRR33939694.71953/1 180 5752 5821 -edge_2_0_+disjointig_2_0_44285 17728 23344 44285 -1 -1 4149 0.0310403
Chain
	Aln	2	-SRR33939694.71953/1 68 5640 5821 +edge_2_0_+disjointig_2_0_44285 20940 26556 44285 -1 -1 4149 0.0310403
Chain
	Aln	3	+SRR33939694.72362/1 148 1232 1235 -edge_2_0_+disjointig_2_0_44285 16173 17259 44285 -1 -1 742 0.0389124
Chain
	Aln	2	-SRR33939694.72362/1 2 1086 1235 +edge_2_0_+disjointig_2_0_44285 27025 28111 44285 -1 -1 742 0.0389124
Chain
	Aln	2	+SRR33939694.72340/1 174 1261 1267 +edge_2_0_+disjointig_2_0_44285 9206 10320 44285 -1 -1 716 0.0452144
Chain
	Aln	3	-SRR33939694.72340/1 5 1092 1267 -edge_2_0_+disjointig_2_0_44285 33964 35078 44285 -1 -1 716 0.0452144
Chain
	Aln	3	+SRR33939694.72315/1 123 1339 1352 -edge_2_0_+disjointig_2_0_44285 14516 15762 44285 -1 -1 868 0.0399406
Chain
	Aln	2	-SRR33939694.72315/1 12 1228 1352 +edge_2_0_+disjointig_2_0_44285 28522 29768 44285 -1 -1 868 0.0399406
Chain
	Aln	1	+SRR33939694.72289/1 116 2359 2361 -edge_1_0_+disjointig_1_0_47382 296 2536 47382 -1 -1 1405 0.0385418
Chain
	Aln	0	-SRR33939694.72289/1 1 2244 2361 +edge_1_0_+disjointig_1_0_47382 44845 47085 47382 -1 -1 1405 0.0385418
Chain
	Aln	3	+SRR33939694.72435/1 123 1398 1405 -edge_2_0_+disjointig_2_0_44285 22321 23611 44285 -1 -1 726 0.0577228
Chain
	Aln	2	-SRR33939694.72435/1 6 1281 1405 +edge_2_0_+disjointig_2_0_44285 20673 21963 44285 -1 -1 726 0.0577228
Chain
	Aln	2	+SRR33939694.72478/1 121 1144 1156 +edge_2_0_+disjointig_2_0_44285 32301 33339 44285 -1 -1 633 0.0469781
Chain
	Aln	3	-SRR33939694.72478/1 11 1034 1156 -edge_2_0_+disjointig_2_0_44285 10945 11983 44285 -1 -1 633 0.0469781
Chain
	Aln	2	+SRR33939694.72521/1 127 1130 1151 +edge_2_0_+disjointig_2_0_44285 33688 34692 44285 -1 -1 840 0.0209379
Chain
	Aln	3	-SRR33939694.72521/1 20 1023 1151 -edge_2_0_+disjointig_2_0_44285 9592 10596 44285 -1 -1 840 0.0209379
Chain
	Aln	1	+SRR33939694.72507/1 862 2073 2087 -edge_1_0_+disjointig_1_0_47382 24424 25634 47382 -1 -1 875 0.0315069
Chain
	Aln	0	-SRR33939694.72507/1 13 1224 2087 +edge_1_0_+disjointig_1_0_47382 21747 22957 47382 -1 -1 875 0.0315069
Chain
	Aln	3	+SRR33939694.72527/1 159 1431 1490 -edge_2_0_+disjointig_2_0_44285 11379 12669 44285 -1 -1 839 0.0440644
Chain
	Aln	2	-SRR33939694.72527/1 58 1330 1490 +edge_2_0_+disjointig_2_0_44285 31615 32905 44285 -1 -1 839 0.0440644
Chain
	Aln	2	+SRR33939694.72634/1 120 1434 1472 +edge_2_0_+disjointig_2_0_44285 29169 30484 44285 -1 -1 975 0.0372725
Chain
	Aln	3	-SRR33939694.72634/1 37 1351 1472 -edge_2_0_+disjointig_2_0_44285 13800 15115 44285 -1 -1 975 0.0372725
Chain
	Aln	3	+SRR33939694.72713/1 114 1125 1145 -edge_2_0_+disjointig_2_0_44285 26896 27903 44285 -1 -1 907 0.0190926
Chain
	Aln	2	-SRR33939694.72713/1 19 1030 1145 +edge_2_0_+disjointig_2_0_44285 16381 17388 44285 -1 -1 907 0.0190926
Chain
	Aln	2	+SRR33939694.72904/1 128 1164 1166 +edge_2_0_+disjointig_2_0_44285 33848 34888 44285 -1 -1 834 0.0212001
Chain
	Aln	3	-SRR33939694.72904/1 1 1037 1166 -edge_2_0_+disjointig_2_0_44285 9396 10436 44285 -1 -1 834 0.0212001
Chain
	Aln	2	+SRR33939694.72949/1 121 1255 1262 +edge_2_0_+disjointig_2_0_44285 8960 10086 44285 -1 -1 967 0.0232506
Chain
	Aln	3	-SRR33939694.72949/1 6 1140 1262 -edge_2_0_+disjointig_2_0_44285 34198 35324 44285 -1 -1 967 0.0232506
Chain
	Aln	3	+SRR33939694.72887/1 123 1408 1430 -edge_2_0_+disjointig_2_0_44285 7282 8573 44285 -1 -1 1118 0.0190354
Chain
	Aln	2	-SRR33939694.72887/1 21 1306 1430 +edge_2_0_+disjointig_2_0_44285 35711 37002 44285 -1 -1 1118 0.0190354
Chain
	Aln	3	+SRR33939694.72636/1 117 2078 2082 -edge_2_0_+disjointig_2_0_44285 18612 20573 44285 -1 -1 1738 0.0153333
Chain
	Aln	2	-SRR33939694.72636/1 3 1964 2082 +edge_2_0_+disjointig_2_0_44285 23711 25672 44285 -1 -1 1738 0.0153333
Chain
	Aln	2	+SRR33939694.72767/1 142 2071 2076 +edge_2_0_+disjointig_2_0_44285 8885 10824 44285 -1 -1 1570 0.0246717
Chain
	Aln	3	-SRR33939694.72767/1 4 1933 2076 -edge_2_0_+disjointig_2_0_44285 33460 35399 44285 -1 -1 1570 0.0246717
Chain
	Aln	2	+SRR33939694.73009/1 119 1627 1630 +edge_2_0_+disjointig_2_0_44285 32712 34220 44285 -1 -1 1379 0.0151871
Chain
	Aln	3	-SRR33939694.73009/1 2 1510 1630 -edge_2_0_+disjointig_2_0_44285 10064 11572 44285 -1 -1 1379 0.0151871
Chain
	Aln	3	+SRR33939694.73114/1 111 1155 1194 -edge_2_0_+disjointig_2_0_44285 43191 44264 44285 -1 -1 766 0.0348418
Chain
	Aln	2	-SRR33939694.73114/1 38 1082 1194 +edge_2_0_+disjointig_2_0_44285 20 1093 44285 -1 -1 766 0.0348418
Chain
	Aln	3	+SRR33939694.73047/1 154 1605 1613 -edge_2_0_+disjointig_2_0_44285 31965 33405 44285 -1 -1 1072 0.0321058
Chain
	Aln	2	-SRR33939694.73047/1 7 1458 1613 +edge_2_0_+disjointig_2_0_44285 10879 12319 44285 -1 -1 1072 0.0321058
Chain
	Aln	2	+SRR33939694.73115/1 170 1900 1903 +edge_2_0_+disjointig_2_0_44285 569 2329 44285 -1 -1 1271 0.0319735
Chain
	Aln	3	-SRR33939694.73115/1 2 1732 1903 -edge_2_0_+disjointig_2_0_44285 41955 43715 44285 -1 -1 1271 0.0319735
Chain
	Aln	3	+SRR33939694.73160/1 115 1235 1238 -edge_2_0_+disjointig_2_0_44285 40513 41632 44285 -1 -1 954 0.0184333
Chain
	Aln	2	-SRR33939694.73160/1 2 1122 1238 +edge_2_0_+disjointig_2_0_44285 2652 3771 44285 -1 -1 954 0.0184333
Chain
	Aln	2	+SRR33939694.73049/1 116 2487 2507 +edge_2_0_+disjointig_2_0_44285 15107 17493 44285 -1 -1 1808 0.0292737
Chain
	Aln	3	-SRR33939694.73049/1 19 2390 2507 -edge_2_0_+disjointig_2_0_44285 26791 29177 44285 -1 -1 1808 0.0292737
Chain
	Aln	3	+SRR33939694.73205/1 117 1402 1408 -edge_2_0_+disjointig_2_0_44285 24417 25730 44285 -1 -1 846 0.0358096
Chain
	Aln	2	-SRR33939694.73205/1 5 1290 1408 +edge_2_0_+disjointig_2_0_44285 18554 19867 44285 -1 -1 846 0.0358096
Chain
	Aln	3	+SRR33939694.73247/1 128 1299 1305 -edge_2_0_+disjointig_2_0_44285 7119 8297 44285 -1 -1 768 0.0414331
Chain
	Aln	2	-SRR33939694.73247/1 5 1176 1305 +edge_2_0_+disjointig_2_0_44285 35987 37165 44285 -1 -1 768 0.0414331
Chain
	Aln	2	+SRR33939694.73172/1 115 2602 2608 +edge_2_0_+disjointig_2_0_44285 13704 16184 44285 -1 -1 2347 0.00683081
Chain
	Aln	3	-SRR33939694.73172/1 5 2492 2608 -edge_2_0_+disjointig_2_0_44285 28100 30580 44285 -1 -1 2347 0.00683081
Chain
	Aln	3	+SRR33939694.73214/1 121 2043 2048 -edge_2_0_+disjointig_2_0_44285 39102 41026 44285 -1 -1 1688 0.0146422
Chain
	Aln	2	-SRR33939694.73214/1 4 1926 2048 +edge_2_0_+disjointig_2_0_44285 3258 5182 44285 -1 -1 1688 0.0146422
Chain
	Aln	3	+SRR33939694.73218/1 116 1461 1468 -edge_2_0_+disjointig_2_0_44285 34751 36121 44285 -1 -1 1069 0.0257288
Chain
	Aln	2	-SRR33939694.73218/1 6 1351 1468 +edge_2_0_+disjointig_2_0_44285 8163 9533 44285 -1 -1 1069 0.0257288
Chain
	Aln	2	+SRR33939694.73255/1 117 1139 1148 +edge_2_0_+disjointig_2_0_44285 16903 17929 44285 -1 -1 792 0.0305953
Chain
	Aln	3	-SRR33939694.73255/1 8 1030 1148 -edge_2_0_+disjointig_2_0_44285 26355 27381 44285 -1 -1 792 0.0305953
Chain
	Aln	2	+SRR33939694.73344/1 117 1152 1164 +edge_2_0_+disjointig_2_0_44285 21587 22634 44285 -1 -1 677 0.0391144
Chain
	Aln	3	-SRR33939694.73344/1 11 1046 1164 -edge_2_0_+disjointig_2_0_44285 21650 22697 44285 -1 -1 677 0.0391144
Chain
	Aln	3	+SRR33939694.73311/1 192 1754 1758 -edge_2_0_+disjointig_2_0_44285 13149 14725 44285 -1 -1 1259 0.0218004
Chain
	Aln	2	-SRR33939694.73311/1 3 1565 1758 +edge_2_0_+disjointig_2_0_44285 29559 31135 44285 -1 -1 1259 0.0218004
Chain
	Aln	2	+SRR33939694.73342/1 141 1202 1208 +edge_2_0_+disjointig_2_0_44285 26411 27472 44285 -1 -1 871 0.0228234
Chain
	Aln	3	-SRR33939694.73342/1 5 1066 1208 -edge_2_0_+disjointig_2_0_44285 16812 17873 44285 -1 -1 871 0.0228234
Chain
	Aln	2	+SRR33939694.73294/1 159 1614 1620 +edge_2_0_+disjointig_2_0_44285 34288 35737 44285 -1 -1 1028 0.02607
Chain
	Aln	3	-SRR33939694.73294/1 5 1460 1620 -edge_2_0_+disjointig_2_0_44285 8547 9996 44285 -1 -1 1028 0.02607
Chain
	Aln	2	+SRR33939694.73444/1 119 1491 1494 +edge_2_0_+disjointig_2_0_44285 26241 27621 44285 -1 -1 1172 0.0209166
Chain
	Aln	3	-SRR33939694.73444/1 2 1374 1494 -edge_2_0_+disjointig_2_0_44285 16663 18043 44285 -1 -1 1172 0.0209166
Chain
	Aln	3	+SRR33939694.73480/1 171 1647 1654 -edge_2_0_+disjointig_2_0_44285 27317 28784 44285 -1 -1 1146 0.0248726
Chain
	Aln	2	-SRR33939694.73480/1 6 1482 1654 +edge_2_0_+disjointig_2_0_44285 15500 16967 44285 -1 -1 1146 0.0248726
Chain
	Aln	3	+SRR33939694.73519/1 109 1194 1199 -edge_2_0_+disjointig_2_0_44285 17212 18305 44285 -1 -1 912 0.0215092
Chain
	Aln	2	-SRR33939694.73519/1 4 1089 1199 +edge_2_0_+disjointig_2_0_44285 25979 27072 44285 -1 -1 912 0.0215092
Chain
	Aln	2	+SRR33939694.73544/1 114 1357 1395 +edge_2_0_+disjointig_2_0_44285 1242 2506 44285 -1 -1 963 0.0267446
Chain
	Aln	3	-SRR33939694.73544/1 37 1280 1395 -edge_2_0_+disjointig_2_0_44285 41778 43042 44285 -1 -1 963 0.0267446
Chain
	Aln	2	+SRR33939694.73567/1 120 1607 1610 +edge_2_0_+disjointig_2_0_44285 18465 19955 44285 -1 -1 1104 0.0299417
Chain
	Aln	3	-SRR33939694.73567/1 2 1489 1610 -edge_2_0_+disjointig_2_0_44285 24329 25819 44285 -1 -1 1104 0.0299417
Chain
	Aln	2	+SRR33939694.73620/1 109 1173 1196 +edge_2_0_+disjointig_2_0_44285 24838 25912 44285 -1 -1 825 0.0258289
Chain
	Aln	3	-SRR33939694.73620/1 22 1086 1196 -edge_2_0_+disjointig_2_0_44285 18372 19446 44285 -1 -1 825 0.0258289
Chain
	Aln	3	+SRR33939694.73652/1 114 1135 1141 -edge_2_0_+disjointig_2_0_44285 26071 27089 44285 -1 -1 685 0.0382385
Chain
	Aln	2	-SRR33939694.73652/1 5 1026 1141 +edge_2_0_+disjointig_2_0_44285 17195 18213 44285 -1 -1 685 0.0382385
Chain
	Aln	3	+SRR33939694.73607/1 118 1374 1383 -edge_2_0_+disjointig_2_0_44285 13819 15085 44285 -1 -1 1172 0.0110336
Chain
	Aln	2	-SRR33939694.73607/1 8 1264 1383 +edge_2_0_+disjointig_2_0_44285 29199 30465 44285 -1 -1 1172 0.0110336
Chain
	Aln	2	+SRR33939694.73682/1 123 1883 1899 +edge_2_0_+disjointig_2_0_44285 22837 24598 44285 -1 -1 1580 0.0185026
Chain
	Aln	3	-SRR33939694.73682/1 15 1775 1899 -edge_2_0_+disjointig_2_0_44285 19686 21447 44285 -1 -1 1580 0.0185026
Chain
	Aln	2	+SRR33939694.73692/1 131 1463 1471 +edge_2_0_+disjointig_2_0_44285 6983 8332 44285 -1 -1 993 0.0259266
Chain
	Aln	3	-SRR33939694.73692/1 7 1339 1471 -edge_2_0_+disjointig_2_0_44285 35952 37301 44285 -1 -1 993 0.0259266
Chain
	Aln	2	+SRR33939694.73761/1 123 1129 1152 +edge_2_0_+disjointig_2_0_44285 15766 16784 44285 -1 -1 575 0.0493998
Chain
	Aln	3	-SRR33939694.73761/1 22 1028 1152 -edge_2_0_+disjointig_2_0_44285 27500 28518 44285 -1 -1 575 0.0493998
Chain
	Aln	2	+SRR33939694.73721/1 115 1356 1363 +edge_2_0_+disjointig_2_0_44285 8859 10090 44285 -1 -1 952 0.0334041
Chain
	Aln	3	-SRR33939694.73721/1 6 1247 1363 -edge_2_0_+disjointig_2_0_44285 34194 35425 44285 -1 -1 952 0.0334041
Chain
	Aln	3	+SRR33939694.73741/1 125 1696 1716 -edge_2_0_+disjointig_2_0_44285 34091 35613 44285 -1 -1 1285 0.0187151
Chain
	Aln	2	-SRR33939694.73741/1 19 1590 1716 +edge_2_0_+disjointig_2_0_44285 8671 10193 44285 -1 -1 1285 0.0187151
Chain
	Aln	2	+SRR33939694.73815/1 126 1368 1374 +edge_2_0_+disjointig_2_0_44285 35993 37234 44285 -1 -1 1105 0.0171063
Chain
	Aln	3	-SRR33939694.73815/1 5 1247 1374 -edge_2_0_+disjointig_2_0_44285 7050 8291 44285 -1 -1 1105 0.0171063
Chain
	Aln	2	+SRR33939694.73894/1 136 1232 1255 +edge_2_0_+disjointig_2_0_44285 7332 8417 44285 -1 -1 809 0.0274904
Chain
	Aln	3	-SRR33939694.73894/1 22 1118 1255 -edge_2_0_+disjointig_2_0_44285 35867 36952 44285 -1 -1 809 0.0274904
Chain
	Aln	3	+SRR33939694.73850/1 120 1452 1455 -edge_2_0_+disjointig_2_0_44285 35724 37056 44285 -1 -1 1111 0.0175122
Chain
	Aln	2	-SRR33939694.73850/1 2 1334 1455 +edge_2_0_+disjointig_2_0_44285 7228 8560 44285 -1 -1 1111 0.0175122
Chain
	Aln	3	+SRR33939694.73932/1 117 1202 1204 -edge_2_0_+disjointig_2_0_44285 27502 28588 44285 -1 -1 900 0.0228614
Chain
	Aln	2	-SRR33939694.73932/1 1 1086 1204 +edge_2_0_+disjointig_2_0_44285 15696 16782 44285 -1 -1 900 0.0228614
Chain
	Aln	3	+SRR33939694.73819/1 160 1569 1574 -edge_2_0_+disjointig_2_0_44285 21215 22624 44285 -1 -1 1040 0.0281152
Chain
	Aln	2	-SRR33939694.73819/1 4 1413 1574 +edge_2_0_+disjointig_2_0_44285 21660 23069 44285 -1 -1 1040 0.0281152
Chain
	Aln	3	+SRR33939694.73895/1 131 1757 1770 -edge_2_0_+disjointig_2_0_44285 41223 42854 44285 -1 -1 1249 0.0314189
Chain
	Aln	2	-SRR33939694.73895/1 12 1638 1770 +edge_2_0_+disjointig_2_0_44285 1430 3061 44285 -1 -1 1249 0.0314189
Chain
	Aln	3	+SRR33939694.74113/1 114 1192 1202 -edge_2_0_+disjointig_2_0_44285 18994 20076 44285 -1 -1 859 0.0244271
Chain
	Aln	2	-SRR33939694.74113/1 9 1087 1202 +edge_2_0_+disjointig_2_0_44285 24208 25290 44285 -1 -1 859 0.0244271
Chain
	Aln	2	+SRR33939694.74128/1 164 1745 1750 +edge_2_0_+disjointig_2_0_44285 24763 26330 44285 -1 -1 1135 0.0285818
Chain
	Aln	3	-SRR33939694.74128/1 4 1585 1750 -edge_2_0_+disjointig_2_0_44285 17954 19521 44285 -1 -1 1135 0.0285818
Chain
	Aln	2	+SRR33939694.74109/1 117 1397 1410 +edge_2_0_+disjointig_2_0_44285 37552 38835 44285 -1 -1 917 0.0272207
Chain
	Aln	3	-SRR33939694.74109/1 12 1292 1410 -edge_2_0_+disjointig_2_0_44285 5449 6732 44285 -1 -1 917 0.0272207
Chain
	Aln	3	+SRR33939694.74150/1 121 1693 1701 -edge_2_0_+disjointig_2_0_44285 18727 20303 44285 -1 -1 1475 0.0104844
Chain
	Aln	2	-SRR33939694.74150/1 7 1579 1701 +edge_2_0_+disjointig_2_0_44285 23981 25557 44285 -1 -1 1475 0.0104844
Chain
	Aln	3	+SRR33939694.74247/1 122 1611 1622 -edge_2_0_+disjointig_2_0_44285 34356 35832 44285 -1 -1 1187 0.0253885
Chain
	Aln	2	-SRR33939694.74247/1 10 1499 1622 +edge_2_0_+disjointig_2_0_44285 8452 9928 44285 -1 -1 1187 0.0253885
Chain
	Aln	2	+SRR33939694.74268/1 137 1639 1653 +edge_2_0_+disjointig_2_0_44285 6090 7592 44285 -1 -1 1253 0.0210887
Chain
	Aln	3	-SRR33939694.74268/1 13 1515 1653 -edge_2_0_+disjointig_2_0_44285 36692 38194 44285 -1 -1 1253 0.0210887
Chain
	Aln	2	+SRR33939694.74267/1 109 1929 1934 +edge_2_0_+disjointig_2_0_44285 11733 13567 44285 -1 -1 1680 0.0113948
Chain
	Aln	3	-SRR33939694.74267/1 4 1824 1934 -edge_2_0_+disjointig_2_0_44285 30717 32551 44285 -1 -1 1680 0.0113948
Chain
	Aln	1	+SRR33939694.74345/1 250 1309 1336 -edge_1_0_+disjointig_1_0_47382 41849 42940 47382 -1 -1 743 0.0439872
Chain
	Aln	0	-SRR33939694.74345/1 26 1085 1336 +edge_1_0_+disjointig_1_0_47382 4441 5532 47382 -1 -1 743 0.0439872
Chain
	Aln	2	+SRR33939694.74377/1 154 1428 1436 +edge_2_0_+disjointig_2_0_44285 7347 8613 44285 -1 -1 1055 0.0165505
Chain
	Aln	3	-SRR33939694.74377/1 7 1281 1436 -edge_2_0_+disjointig_2_0_44285 35671 36937 44285 -1 -1 1055 0.0165505
Chain
	Aln	2	+SRR33939694.74389/1 121 1297 1303 +edge_2_0_+disjointig_2_0_44285 36652 37836 44285 -1 -1 977 0.0209178
Chain
	Aln	3	-SRR33939694.74389/1 5 1181 1303 -edge_2_0_+disjointig_2_0_44285 6448 7632 44285 -1 -1 977 0.0209178
Chain
	Aln	3	+SRR33939694.74360/1 125 1889 1912 -edge_2_0_+disjointig_2_0_44285 4468 6254 44285 -1 -1 1385 0.0268286
Chain
	Aln	2	-SRR33939694.74360/1 22 1786 1912 +edge_2_0_+disjointig_2_0_44285 38030 39816 44285 -1 -1 1385 0.0268286
Chain
	Aln	2	+SRR33939694.74479/1 121 1122 1145 +edge_2_0_+disjointig_2_0_44285 23459 24467 44285 -1 -1 681 0.0405978
Chain
	Aln	3	-SRR33939694.74479/1 22 1023 1145 -edge_2_0_+disjointig_2_0_44285 19817 20825 44285 -1 -1 681 0.0405978
Chain
	Aln	2	+SRR33939694.74522/1 101 1232 1235 +edge_2_0_+disjointig_2_0_44285 429 1567 44285 -1 -1 1013 0.0119622
Chain
	Aln	3	-SRR33939694.74522/1 2 1133 1235 -edge_2_0_+disjointig_2_0_44285 42717 43855 44285 -1 -1 1013 0.0119622
Chain
	Aln	2	+SRR33939694.74555/1 126 1135 1138 +edge_2_0_+disjointig_2_0_44285 17747 18748 44285 -1 -1 865 0.0203181
Chain
	Aln	3	-SRR33939694.74555/1 2 1011 1138 -edge_2_0_+disjointig_2_0_44285 25536 26537 44285 -1 -1 865 0.0203181
Chain
	Aln	2	+SRR33939694.74548/1 116 1802 1807 +edge_2_0_+disjointig_2_0_44285 35632 37337 44285 -1 -1 1158 0.0378705
Chain
	Aln	3	-SRR33939694.74548/1 4 1690 1807 -edge_2_0_+disjointig_2_0_44285 6947 8652 44285 -1 -1 1158 0.0378705
Chain
	Aln	2	+SRR33939694.74571/1 121 1476 1481 +edge_2_0_+disjointig_2_0_44285 2172 3553 44285 -1 -1 1241 0.014628
Chain
	Aln	3	-SRR33939694.74571/1 4 1359 1481 -edge_2_0_+disjointig_2_0_44285 40731 42112 44285 -1 -1 1241 0.014628
Chain
	Aln	3	+SRR33939694.74577/1 118 1609 1627 -edge_2_0_+disjointig_2_0_44285 20281 21787 44285 -1 -1 1072 0.0386831
Chain
	Aln	2	-SRR33939694.74577/1 17 1508 1627 +edge_2_0_+disjointig_2_0_44285 22497 24003 44285 -1 -1 1072 0.0386831
Chain
	Aln	2	+SRR33939694.74622/1 115 1176 1200 +edge_2_0_+disjointig_2_0_44285 20152 21228 44285 -1 -1 699 0.0413249
Chain
	Aln	3	-SRR33939694.74622/1 23 1084 1200 -edge_2_0_+disjointig_2_0_44285 23056 24132 44285 -1 -1 699 0.0413249
Chain
	Aln	2	+SRR33939694.74631/1 118 1138 1145 +edge_2_0_+disjointig_2_0_44285 9824 10860 44285 -1 -1 816 0.0237099
Chain
	Aln	3	-SRR33939694.74631/1 6 1026 1145 -edge_2_0_+disjointig_2_0_44285 33424 34460 44285 -1 -1 816 0.0237099
Chain
	Aln	3	+SRR33939694.74603/1 128 1979 1984 -edge_2_0_+disjointig_2_0_44285 35629 37499 44285 -1 -1 1578 0.0165203
Chain
	Aln	2	-SRR33939694.74603/1 4 1855 1984 +edge_2_0_+disjointig_2_0_44285 6785 8655 44285 -1 -1 1578 0.0165203
Chain
	Aln	3	+SRR33939694.74749/1 125 1211 1219 -edge_2_0_+disjointig_2_0_44285 35263 36352 44285 -1 -1 1000 0.0104268
Chain
	Aln	2	-SRR33939694.74749/1 7 1093 1219 +edge_2_0_+disjointig_2_0_44285 7932 9021 44285 -1 -1 1000 0.0104268
Chain
	Aln	2	+SRR33939694.74675/1 130 1184 1194 +edge_2_0_+disjointig_2_0_44285 35978 37038 44285 -1 -1 708 0.0435567
Chain
	Aln	3	-SRR33939694.74675/1 9 1063 1194 -edge_2_0_+disjointig_2_0_44285 7246 8306 44285 -1 -1 708 0.0435567
Chain
	Aln	2	+SRR33939694.74788/1 119 1308 1319 +edge_2_0_+disjointig_2_0_44285 31329 32536 44285 -1 -1 1003 0.0179132
Chain
	Aln	3	-SRR33939694.74788/1 10 1199 1319 -edge_2_0_+disjointig_2_0_44285 11748 12955 44285 -1 -1 1003 0.0179132
Chain
	Aln	3	+SRR33939694.74885/1 130 1624 1644 -edge_2_0_+disjointig_2_0_44285 42760 44278 44285 -1 -1 1031 0.0324984
Chain
	Aln	2	-SRR33939694.74885/1 19 1513 1644 +edge_2_0_+disjointig_2_0_44285 6 1524 44285 -1 -1 1031 0.0324984
Chain
	Aln	2	+SRR33939694.74830/1 115 1582 1587 +edge_2_0_+disjointig_2_0_44285 16233 17700 44285 -1 -1 1202 0.0286668
Chain
	Aln	3	-SRR33939694.74830/1 4 1471 1587 -edge_2_0_+disjointig_2_0_44285 26584 28051 44285 -1 -1 1202 0.0286668
Chain
	Aln	2	+SRR33939694.74907/1 121 1662 1669 +edge_2_0_+disjointig_2_0_44285 26862 28409 44285 -1 -1 1034 0.0390333
Chain
	Aln	3	-SRR33939694.74907/1 6 1547 1669 -edge_2_0_+disjointig_2_0_44285 15875 17422 44285 -1 -1 1034 0.0390333
Chain
	Aln	2	+SRR33939694.74909/1 119 1501 1519 +edge_2_0_+disjointig_2_0_44285 10600 11973 44285 -1 -1 1135 0.0244428
Chain
	Aln	3	-SRR33939694.74909/1 17 1399 1519 -edge_2_0_+disjointig_2_0_44285 32311 33684 44285 -1 -1 1135 0.0244428
Chain
	Aln	2	+SRR33939694.74942/1 118 2258 2274 +edge_2_0_+disjointig_2_0_44285 40552 42690 44285 -1 -1 1866 0.0126704
Chain
	Aln	3	-SRR33939694.74942/1 15 2155 2274 -edge_2_0_+disjointig_2_0_44285 1594 3732 44285 -1 -1 1866 0.0126704
Chain
	Aln	3	+SRR33939694.75042/1 110 1285 1288 -edge_2_0_+disjointig_2_0_44285 6242 7431 44285 -1 -1 1020 0.0166674
Chain
	Aln	2	-SRR33939694.75042/1 2 1177 1288 +edge_2_0_+disjointig_2_0_44285 36853 38042 44285 -1 -1 1020 0.0166674
Chain
	Aln	2	+SRR33939694.75082/1 116 1315 1319 +edge_2_0_+disjointig_2_0_44285 41449 42652 44285 -1 -1 1028 0.017356
Chain
	Aln	3	-SRR33939694.75082/1 3 1202 1319 -edge_2_0_+disjointig_2_0_44285 1632 2835 44285 -1 -1 1028 0.017356
Chain
	Aln	2	+SRR33939694.75092/1 115 1176 1199 +edge_2_0_+disjointig_2_0_44285 43197 44260 44285 -1 -1 835 0.0224868
Chain
	Aln	3	-SRR33939694.75092/1 22 1083 1199 -edge_2_0_+disjointig_2_0_44285 24 1087 44285 -1 -1 835 0.0224868
Chain
	Aln	1	+SRR33939694.75185/1 433 1829 1846 -edge_1_0_+disjointig_1_0_47382 32002 33401 47382 -1 -1 1221 0.0153898
Chain
	Aln	0	-SRR33939694.75185/1 16 1412 1846 +edge_1_0_+disjointig_1_0_47382 13980 15379 47382 -1 -1 1221 0.0153898
Chain
	Aln	3	+SRR33939694.75219/1 134 1415 1418 -edge_2_0_+disjointig_2_0_44285 2968 4244 44285 -1 -1 1100 0.0139228
Chain
	Aln	2	-SRR33939694.75219/1 2 1283 1418 +edge_2_0_+disjointig_2_0_44285 40040 41316 44285 -1 -1 1100 0.0139228
Chain
	Aln	2	+SRR33939694.75147/1 117 2372 2379 +edge_2_0_+disjointig_2_0_44285 34891 37150 44285 -1 -1 1349 0.0469735
Chain
	Aln	3	-SRR33939694.75147/1 6 2261 2379 -edge_2_0_+disjointig_2_0_44285 7134 9393 44285 -1 -1 1349 0.0469735
Chain
	Aln	3	+SRR33939694.75232/1 164 1333 1338 -edge_2_0_+disjointig_2_0_44285 18650 19833 44285 -1 -1 725 0.0405827
Chain
	Aln	2	-SRR33939694.75232/1 4 1173 1338 +edge_2_0_+disjointig_2_0_44285 24451 25634 44285 -1 -1 725 0.0405827
Chain
	Aln	3	+SRR33939694.75090/1 122 2681 2727 -edge_2_0_+disjointig_2_0_44285 41686 44252 44285 -1 -1 2074 0.0229758
Chain
	Aln	2	-SRR33939694.75090/1 45 2604 2727 +edge_2_0_+disjointig_2_0_44285 32 2598 44285 -1 -1 2074 0.0229758
Chain
	Aln	2	+SRR33939694.75250/1 127 1196 1202 +edge_2_0_+disjointig_2_0_44285 1960 3042 44285 -1 -1 767 0.0369902
Chain
	Aln	3	-SRR33939694.75250/1 5 1074 1202 -edge_2_0_+disjointig_2_0_44285 41242 42324 44285 -1 -1 767 0.0369902
Chain
	Aln	3	+SRR33939694.75280/1 111 1167 1170 -edge_2_0_+disjointig_2_0_44285 21635 22693 44285 -1 -1 835 0.0231076
Chain
	Aln	2	-SRR33939694.75280/1 2 1058 1170 +edge_2_0_+disjointig_2_0_44285 21591 22649 44285 -1 -1 835 0.0231076
Chain
	Aln	2	+SRR33939694.75393/1 123 1131 1155 +edge_2_0_+disjointig_2_0_44285 12620 13627 44285 -1 -1 886 0.0184771
Chain
	Aln	3	-SRR33939694.75393/1 23 1031 1155 -edge_2_0_+disjointig_2_0_44285 30657 31664 44285 -1 -1 886 0.0184771
Chain
	Aln	3	+SRR33939694.75412/1 119 1519 1522 -edge_2_0_+disjointig_2_0_44285 33233 34631 44285 -1 -1 1008 0.0391328
Chain
	Aln	2	-SRR33939694.75412/1 2 1402 1522 +edge_2_0_+disjointig_2_0_44285 9653 11051 44285 -1 -1 1008 0.0391328
Chain
	Aln	2	+SRR33939694.75445/1 129 1619 1625 +edge_2_0_+disjointig_2_0_44285 41487 42982 44285 -1 -1 1407 0.00812054
Chain
	Aln	3	-SRR33939694.75445/1 5 1495 1625 -edge_2_0_+disjointig_2_0_44285 1302 2797 44285 -1 -1 1407 0.00812054
Chain
	Aln	3	+SRR33939694.75404/1 121 2444 2454 -edge_2_0_+disjointig_2_0_44285 19273 21598 44285 -1 -1 1947 0.024289
Chain
	Aln	2	-SRR33939694.75404/1 9 2332 2454 +edge_2_0_+disjointig_2_0_44285 22686 25011 44285 -1 -1 1947 0.024289
Chain
	Aln	2	+SRR33939694.75500/1 127 1892 1899 +edge_2_0_+disjointig_2_0_44285 23436 25199 44285 -1 -1 1308 0.0321404
Chain
	Aln	3	-SRR33939694.75500/1 6 1771 1899 -edge_2_0_+disjointig_2_0_44285 19085 20848 44285 -1 -1 1308 0.0321404
Chain
	Aln	3	+SRR33939694.75534/1 119 1273 1282 -edge_2_0_+disjointig_2_0_44285 16527 17691 44285 -1 -1 975 0.0207
Chain
	Aln	2	-SRR33939694.75534/1 8 1162 1282 +edge_2_0_+disjointig_2_0_44285 26593 27757 44285 -1 -1 975 0.0207
Chain
	Aln	2	+SRR33939694.75588/1 118 1326 1333 +edge_2_0_+disjointig_2_0_44285 32963 34192 44285 -1 -1 949 0.0250928
Chain
	Aln	3	-SRR33939694.75588/1 6 1214 1333 -edge_2_0_+disjointig_2_0_44285 10092 11321 44285 -1 -1 949 0.0250928
Chain
	Aln	3	+SRR33939694.75597/1 119 1371 1376 -edge_2_0_+disjointig_2_0_44285 13409 14657 44285 -1 -1 1131 0.0100724
Chain
	Aln	2	-SRR33939694.75597/1 4 1256 1376 +edge_2_0_+disjointig_2_0_44285 29627 30875 44285 -1 -1 1131 0.0100724
Chain
	Aln	3	+SRR33939694.75562/1 114 1321 1335 -edge_2_0_+disjointig_2_0_44285 17023 18262 44285 -1 -1 992 0.0293122
Chain
	Aln	2	-SRR33939694.75562/1 13 1220 1335 +edge_2_0_+disjointig_2_0_44285 26022 27261 44285 -1 -1 992 0.0293122
Chain
	Aln	3	+SRR33939694.75633/1 124 1174 1191 -edge_2_0_+disjointig_2_0_44285 32489 33535 44285 -1 -1 964 0.0158333
Chain
	Aln	2	-SRR33939694.75633/1 16 1066 1191 +edge_2_0_+disjointig_2_0_44285 10749 11795 44285 -1 -1 964 0.0158333
Chain
	Aln	3	+SRR33939694.75573/1 125 3076 3086 -edge_2_0_+disjointig_2_0_44285 10595 13552 44285 -1 -1 2215 0.032827
Chain
	Aln	2	-SRR33939694.75573/1 9 2960 3086 +edge_2_0_+disjointig_2_0_44285 30732 33689 44285 -1 -1 2215 0.032827
Chain
	Aln	3	+SRR33939694.75692/1 113 1380 1387 -edge_2_0_+disjointig_2_0_44285 12386 13660 44285 -1 -1 762 0.0550168
Chain
	Aln	2	-SRR33939694.75692/1 6 1273 1387 +edge_2_0_+disjointig_2_0_44285 30624 31898 44285 -1 -1 762 0.0550168
Chain
	Aln	3	+SRR33939694.75747/1 119 1204 1228 -edge_2_0_+disjointig_2_0_44285 17306 18425 44285 -1 -1 802 0.0356993
Chain
	Aln	2	-SRR33939694.75747/1 23 1108 1228 +edge_2_0_+disjointig_2_0_44285 25859 26978 44285 -1 -1 802 0.0356993
Chain
	Aln	3	+SRR33939694.75877/1 139 1201 1203 -edge_2_0_+disjointig_2_0_44285 12054 13102 44285 -1 -1 664 0.0462824
Chain
	Aln	2	-SRR33939694.75877/1 1 1063 1203 +edge_2_0_+disjointig_2_0_44285 31182 32230 44285 -1 -1 664 0.0462824
Chain
	Aln	2	+SRR33939694.75818/1 128 1507 1527 +edge_2_0_+disjointig_2_0_44285 5461 6878 44285 -1 -1 942 0.0402936
Chain
	Aln	3	-SRR33939694.75818/1 19 1398 1527 -edge_2_0_+disjointig_2_0_44285 37406 38823 44285 -1 -1 942 0.0402936
Chain
	Aln	3	+SRR33939694.75953/1 210 1254 1280 -edge_2_0_+disjointig_2_0_44285 33486 34531 44285 -1 -1 791 0.0280774
Chain
	Aln	2	-SRR33939694.75953/1 25 1069 1280 +edge_2_0_+disjointig_2_0_44285 9753 10798 44285 -1 -1 791 0.0280774
Chain
	Aln	3	+SRR33939694.76005/1 122 1181 1202 -edge_2_0_+disjointig_2_0_44285 9901 10975 44285 -1 -1 760 0.0382588
Chain
	Aln	2	-SRR33939694.76005/1 20 1079 1202 +edge_2_0_+disjointig_2_0_44285 33309 34383 44285 -1 -1 760 0.0382588
Chain
	Aln	3	+SRR33939694.75990/1 128 1518 1524 -edge_2_0_+disjointig_2_0_44285 18898 20303 44285 -1 -1 797 0.0552265
Chain
	Aln	2	-SRR33939694.75990/1 5 1395 1524 +edge_2_0_+disjointig_2_0_44285 23981 25386 44285 -1 -1 797 0.0552265
Chain
	Aln	3	+SRR33939694.76067/1 115 1311 1322 -edge_2_0_+disjointig_2_0_44285 17200 18414 44285 -1 -1 842 0.0325716
Chain
	Aln	2	-SRR33939694.76067/1 10 1206 1322 +edge_2_0_+disjointig_2_0_44285 25870 27084 44285 -1 -1 842 0.0325716
Chain
	Aln	2	+SRR33939694.76078/1 125 1166 1173 +edge_2_0_+disjointig_2_0_44285 26218 27266 44285 -1 -1 863 0.0198948
Chain
	Aln	3	-SRR33939694.76078/1 6 1047 1173 -edge_2_0_+disjointig_2_0_44285 17018 18066 44285 -1 -1 863 0.0198948
Chain
	Aln	2	+SRR33939694.76013/1 142 1718 1722 +edge_2_0_+disjointig_2_0_44285 11035 12617 44285 -1 -1 1218 0.0313397
Chain
	Aln	3	-SRR33939694.76013/1 3 1579 1722 -edge_2_0_+disjointig_2_0_44285 31667 33249 44285 -1 -1 1218 0.0313397
Chain
	Aln	1	+SRR33939694.75983/1 284 3346 3351 -edge_1_0_+disjointig_1_0_47382 6447 9530 47382 -1 -1 2357 0.0261048
Chain
	Aln	0	-SRR33939694.75983/1 4 3066 3351 +edge_1_0_+disjointig_1_0_47382 37851 40934 47382 -1 -1 2357 0.0261048
Chain
	Aln	2	+SRR33939694.76129/1 122 1377 1382 +edge_2_0_+disjointig_2_0_44285 2636 3888 44285 -1 -1 988 0.0251278
Chain
	Aln	3	-SRR33939694.76129/1 4 1259 1382 -edge_2_0_+disjointig_2_0_44285 40396 41648 44285 -1 -1 988 0.0251278
Chain
	Aln	2	+SRR33939694.76097/1 114 1519 1534 +edge_2_0_+disjointig_2_0_44285 35458 36860 44285 -1 -1 1274 0.0150443
Chain
	Aln	3	-SRR33939694.76097/1 14 1419 1534 -edge_2_0_+disjointig_2_0_44285 7424 8826 44285 -1 -1 1274 0.0150443
Chain
	Aln	2	+SRR33939694.76146/1 118 1124 1132 +edge_2_0_+disjointig_2_0_44285 41968 42982 44285 -1 -1 839 0.0206089
Chain
	Aln	3	-SRR33939694.76146/1 7 1013 1132 -edge_2_0_+disjointig_2_0_44285 1302 2316 44285 -1 -1 839 0.0206089
Chain
	Aln	3	+SRR33939694.76157/1 129 1354 1361 -edge_2_0_+disjointig_2_0_44285 18337 19587 44285 -1 -1 1022 0.0203366
Chain
	Aln	2	-SRR33939694.76157/1 6 1231 1361 +edge_2_0_+disjointig_2_0_44285 24697 25947 44285 -1 -1 1022 0.0203366
Chain
	Aln	2	+SRR33939694.76241/1 119 1249 1252 +edge_2_0_+disjointig_2_0_44285 5265 6382 44285 -1 -1 914 0.0222024
Chain
	Aln	3	-SRR33939694.76241/1 2 1132 1252 -edge_2_0_+disjointig_2_0_44285 37902 39019 44285 -1 -1 914 0.0222024
Chain
	Aln	2	+SRR33939694.76199/1 119 2376 2397 +edge_2_0_+disjointig_2_0_44285 41355 43603 44285 -1 -1 1738 0.0246822
Chain
	Aln	3	-SRR33939694.76199/1 20 2277 2397 -edge_2_0_+disjointig_2_0_44285 681 2929 44285 -1 -1 1738 0.0246822
Chain
	Aln	2	+SRR33939694.76286/1 114 1221 1226 +edge_2_0_+disjointig_2_0_44285 3424 4525 44285 -1 -1 921 0.0304791
Chain
	Aln	3	-SRR33939694.76286/1 4 1111 1226 -edge_2_0_+disjointig_2_0_44285 39759 40860 44285 -1 -1 921 0.0304791
Chain
	Aln	3	+SRR33939694.76273/1 121 1576 1584 -edge_2_0_+disjointig_2_0_44285 33088 34550 44285 -1 -1 1119 0.0310319
Chain
	Aln	2	-SRR33939694.76273/1 7 1462 1584 +edge_2_0_+disjointig_2_0_44285 9734 11196 44285 -1 -1 1119 0.0310319
Chain
	Aln	2	+SRR33939694.76306/1 137 1913 1917 +edge_2_0_+disjointig_2_0_44285 4908 6689 44285 -1 -1 1321 0.0260953
Chain
	Aln	3	-SRR33939694.76306/1 3 1779 1917 -edge_2_0_+disjointig_2_0_44285 37595 39376 44285 -1 -1 1321 0.0260953
Chain
	Aln	2	+SRR33939694.76353/1 148 1170 1173 +edge_2_0_+disjointig_2_0_44285 28494 29526 44285 -1 -1 717 0.0370772
Chain
	Aln	3	-SRR33939694.76353/1 2 1024 1173 -edge_2_0_+disjointig_2_0_44285 14758 15790 44285 -1 -1 717 0.0370772
Chain
	Aln	3	+SRR33939694.76376/1 136 1138 1142 -edge_2_0_+disjointig_2_0_44285 27269 28268 44285 -1 -1 872 0.0199086
Chain
	Aln	2	-SRR33939694.76376/1 3 1005 1142 +edge_2_0_+disjointig_2_0_44285 16016 17015 44285 -1 -1 872 0.0199086
Chain
	Aln	1	+SRR33939694.76340/1 549 2130 2133 -edge_1_0_+disjointig_1_0_47382 40693 42276 47382 -1 -1 1198 0.0306848
Chain
	Aln	0	-SRR33939694.76340/1 2 1583 2133 +edge_1_0_+disjointig_1_0_47382 5105 6688 47382 -1 -1 1198 0.0306848
Chain
	Aln	3	+SRR33939694.76357/1 136 1341 1362 -edge_2_0_+disjointig_2_0_44285 37390 38603 44285 -1 -1 865 0.0339293
Chain
	Aln	2	-SRR33939694.76357/1 20 1225 1362 +edge_2_0_+disjointig_2_0_44285 5681 6894 44285 -1 -1 865 0.0339293
Chain
	Aln	3	+SRR33939694.76382/1 124 1508 1514 -edge_2_0_+disjointig_2_0_44285 24845 26235 44285 -1 -1 1143 0.0203471
Chain
	Aln	2	-SRR33939694.76382/1 5 1389 1514 +edge_2_0_+disjointig_2_0_44285 18049 19439 44285 -1 -1 1143 0.0203471
Chain
	Aln	3	+SRR33939694.76392/1 120 1388 1401 -edge_2_0_+disjointig_2_0_44285 10509 11794 44285 -1 -1 1001 0.0301823
Chain
	Aln	2	-SRR33939694.76392/1 12 1280 1401 +edge_2_0_+disjointig_2_0_44285 32490 33775 44285 -1 -1 1001 0.0301823
Chain
	Aln	2	+SRR33939694.76536/1 131 1185 1190 +edge_2_0_+disjointig_2_0_44285 26481 27539 44285 -1 -1 864 0.0240196
Chain
	Aln	3	-SRR33939694.76536/1 4 1058 1190 -edge_2_0_+disjointig_2_0_44285 16745 17803 44285 -1 -1 864 0.0240196
Chain
	Aln	3	+SRR33939694.76668/1 108 1186 1189 -edge_2_0_+disjointig_2_0_44285 37747 38835 44285 -1 -1 948 0.0179246
Chain
	Aln	2	-SRR33939694.76668/1 2 1080 1189 +edge_2_0_+disjointig_2_0_44285 5449 6537 44285 -1 -1 948 0.0179246
Chain
	Aln	0	+SRR33939694.76620/1 230 2438 2441 +edge_1_0_+disjointig_1_0_47382 24859 27052 47382 -1 -1 1916 0.0189851
Chain
	Aln	1	-SRR33939694.76620/1 2 2210 2441 -edge_1_0_+disjointig_1_0_47382 20329 22522 47382 -1 -1 1916 0.0189851
Chain
	Aln	2	+SRR33939694.76710/1 131 1684 1688 +edge_2_0_+disjointig_2_0_44285 24386 25940 44285 -1 -1 1186 0.0292542
Chain
	Aln	3	-SRR33939694.76710/1 3 1556 1688 -edge_2_0_+disjointig_2_0_44285 18344 19898 44285 -1 -1 1186 0.0292542
Chain
	Aln	3	+SRR33939694.76778/1 122 1297 1302 -edge_2_0_+disjointig_2_0_44285 2905 4075 44285 -1 -1 782 0.0370031
Chain
	Aln	2	-SRR33939694.76778/1 4 1179 1302 +edge_2_0_+disjointig_2_0_44285 40209 41379 44285 -1 -1 782 0.0370031
Chain
	Aln	3	+SRR33939694.76782/1 147 1451 1468 -edge_2_0_+disjointig_2_0_44285 23272 24573 44285 -1 -1 868 0.0431307
Chain
	Aln	2	-SRR33939694.76782/1 16 1320 1468 +edge_2_0_+disjointig_2_0_44285 19711 21012 44285 -1 -1 868 0.0431307
Chain
	Aln	3	+SRR33939694.74636/1 138 19575 19579 -edge_2_0_+disjointig_2_0_44285 11657 31226 44285 -1 -1 16049 0.0223905
Chain
	Aln	2	-SRR33939694.74636/1 3 19440 19579 +edge_2_0_+disjointig_2_0_44285 13058 32627 44285 -1 -1 16049 0.0223905
Chain
	Aln	3	+SRR33939694.76898/1 114 1638 1663 -edge_2_0_+disjointig_2_0_44285 27028 28549 44285 -1 -1 1256 0.0247832
Chain
	Aln	2	-SRR33939694.76898/1 24 1548 1663 +edge_2_0_+disjointig_2_0_44285 15735 17256 44285 -1 -1 1256 0.0247832
Chain
	Aln	2	+SRR33939694.76877/1 126 2152 2197 +edge_2_0_+disjointig_2_0_44285 35939 37949 44285 -1 -1 1339 0.0408889
Chain
	Aln	3	-SRR33939694.76877/1 44 2070 2197 -edge_2_0_+disjointig_2_0_44285 6335 8345 44285 -1 -1 1339 0.0408889
Chain
	Aln	2	+SRR33939694.76912/1 117 1118 1120 +edge_2_0_+disjointig_2_0_44285 40136 41151 44285 -1 -1 790 0.0234465
Chain
	Aln	3	-SRR33939694.76912/1 1 1002 1120 -edge_2_0_+disjointig_2_0_44285 3133 4148 44285 -1 -1 790 0.0234465
Chain
	Aln	0	+SRR33939694.76383/1 188 7613 7619 +edge_1_0_+disjointig_1_0_47382 7124 14640 47382 -1 -1 4984 0.0375878
Chain
	Aln	1	-SRR33939694.76383/1 5 7430 7619 -edge_1_0_+disjointig_1_0_47382 32741 40257 47382 -1 -1 4984 0.0375878
Chain
	Aln	3	+SRR33939694.76916/1 182 1418 1428 -edge_2_0_+disjointig_2_0_44285 25997 27228 44285 -1 -1 866 0.0355105
Chain
	Aln	2	-SRR33939694.76916/1 9 1245 1428 +edge_2_0_+disjointig_2_0_44285 17056 18287 44285 -1 -1 866 0.0355105
Chain
	Aln	3	+SRR33939694.76950/1 121 1466 1468 -edge_2_0_+disjointig_2_0_44285 30904 32258 44285 -1 -1 1209 0.0137675
Chain
	Aln	2	-SRR33939694.76950/1 1 1346 1468 +edge_2_0_+disjointig_2_0_44285 12026 13380 44285 -1 -1 1209 0.0137675
Chain
	Aln	3	+SRR33939694.76917/1 121 1543 1545 -edge_2_0_+disjointig_2_0_44285 4192 5614 44285 -1 -1 1131 0.0264766
Chain
	Aln	2	-SRR33939694.76917/1 1 1423 1545 +edge_2_0_+disjointig_2_0_44285 38670 40092 44285 -1 -1 1131 0.0264766
Chain
	Aln	3	+SRR33939694.77019/1 117 1605 1612 -edge_2_0_+disjointig_2_0_44285 29382 30873 44285 -1 -1 1374 0.0128785
Chain
	Aln	2	-SRR33939694.77019/1 6 1494 1612 +edge_2_0_+disjointig_2_0_44285 13411 14902 44285 -1 -1 1374 0.0128785
Chain
	Aln	3	+SRR33939694.77066/1 120 1312 1316 -edge_2_0_+disjointig_2_0_44285 25845 27040 44285 -1 -1 941 0.0302703
Chain
	Aln	2	-SRR33939694.77066/1 3 1195 1316 +edge_2_0_+disjointig_2_0_44285 17244 18439 44285 -1 -1 941 0.0302703
Chain
	Aln	2	+SRR33939694.77051/1 119 1266 1275 +edge_2_0_+disjointig_2_0_44285 36757 37907 44285 -1 -1 1107 0.00694108
Chain
	Aln	3	-SRR33939694.77051/1 8 1155 1275 -edge_2_0_+disjointig_2_0_44285 6377 7527 44285 -1 -1 1107 0.00694108
Chain
	Aln	3	+SRR33939694.77200/1 174 1260 1266 -edge_2_0_+disjointig_2_0_44285 23714 24803 44285 -1 -1 767 0.0357125
Chain
	Aln	2	-SRR33939694.77200/1 5 1091 1266 +edge_2_0_+disjointig_2_0_44285 19481 20570 44285 -1 -1 767 0.0357125
Chain
	Aln	3	+SRR33939694.77179/1 134 1271 1305 -edge_2_0_+disjointig_2_0_44285 26238 27360 44285 -1 -1 824 0.0345555
Chain
	Aln	2	-SRR33939694.77179/1 33 1170 1305 +edge_2_0_+disjointig_2_0_44285 16924 18046 44285 -1 -1 824 0.0345555
Chain
	Aln	2	+SRR33939694.77155/1 123 2275 2285 +edge_2_0_+disjointig_2_0_44285 12624 14781 44285 -1 -1 1892 0.0168074
Chain
	Aln	3	-SRR33939694.77155/1 9 2161 2285 -edge_2_0_+disjointig_2_0_44285 29503 31660 44285 -1 -1 1892 0.0168074
Chain
	Aln	2	+SRR33939694.76835/1 158 7380 7385 +edge_2_0_+disjointig_2_0_44285 10289 17493 44285 -1 -1 6090 0.0204755
Chain
	Aln	3	-SRR33939694.76835/1 4 7226 7385 -edge_2_0_+disjointig_2_0_44285 26791 33995 44285 -1 -1 6090 0.0204755
Chain
	Aln	3	+SRR33939694.77202/1 114 2053 2060 -edge_2_0_+disjointig_2_0_44285 38380 40324 44285 -1 -1 1515 0.0238176
Chain
	Aln	2	-SRR33939694.77202/1 6 1945 2060 +edge_2_0_+disjointig_2_0_44285 3960 5904 44285 -1 -1 1515 0.0238176
Chain
	Aln	2	+SRR33939694.77338/1 188 1613 1618 +edge_2_0_+disjointig_2_0_44285 37020 38447 44285 -1 -1 862 0.0439631
Chain
	Aln	3	-SRR33939694.77338/1 4 1429 1618 -edge_2_0_+disjointig_2_0_44285 5837 7264 44285 -1 -1 862 0.0439631
Chain
	Aln	3	+SRR33939694.77440/1 124 1164 1169 -edge_2_0_+disjointig_2_0_44285 11230 12273 44285 -1 -1 888 0.024106
Chain
	Aln	2	-SRR33939694.77440/1 4 1044 1169 +edge_2_0_+disjointig_2_0_44285 32011 33054 44285 -1 -1 888 0.024106
Chain
	Aln	3	+SRR33939694.77453/1 147 1222 1227 -edge_2_0_+disjointig_2_0_44285 17104 18179 44285 -1 -1 665 0.0456761
Chain
	Aln	2	-SRR33939694.77453/1 4 1079 1227 +edge_2_0_+disjointig_2_0_44285 26105 27180 44285 -1 -1 665 0.0456761
Chain
	Aln	3	+SRR33939694.77483/1 121 1131 1145 -edge_2_0_+disjointig_2_0_44285 11109 12117 44285 -1 -1 727 0.0318297
Chain
	Aln	2	-SRR33939694.77483/1 13 1023 1145 +edge_2_0_+disjointig_2_0_44285 32167 33175 44285 -1 -1 727 0.0318297
Chain
	Aln	2	+SRR33939694.77481/1 157 1172 1178 +edge_2_0_+disjointig_2_0_44285 40918 41942 44285 -1 -1 875 0.0176733
Chain
	Aln	3	-SRR33939694.77481/1 5 1020 1178 -edge_2_0_+disjointig_2_0_44285 2342 3366 44285 -1 -1 875 0.0176733
Chain
	Aln	2	+SRR33939694.77465/1 125 2000 2007 +edge_2_0_+disjointig_2_0_44285 25310 27181 44285 -1 -1 1617 0.0157689
Chain
	Aln	3	-SRR33939694.77465/1 6 1881 2007 -edge_2_0_+disjointig_2_0_44285 17103 18974 44285 -1 -1 1617 0.0157689
Chain
	Aln	3	+SRR33939694.77598/1 154 1160 1199 -edge_2_0_+disjointig_2_0_44285 27144 28156 44285 -1 -1 622 0.0468865
Chain
	Aln	2	-SRR33939694.77598/1 38 1044 1199 +edge_2_0_+disjointig_2_0_44285 16128 17140 44285 -1 -1 622 0.0468865
Chain
	Aln	2	+SRR33939694.77652/1 113 1269 1275 +edge_2_0_+disjointig_2_0_44285 13343 14502 44285 -1 -1 841 0.032207
Chain
	Aln	3	-SRR33939694.77652/1 5 1161 1275 -edge_2_0_+disjointig_2_0_44285 29782 30941 44285 -1 -1 841 0.032207
Chain
	Aln	3	+SRR33939694.77706/1 130 1209 1212 -edge_2_0_+disjointig_2_0_44285 26364 27451 44285 -1 -1 802 0.0334651
Chain
	Aln	2	-SRR33939694.77706/1 2 1081 1212 +edge_2_0_+disjointig_2_0_44285 16833 17920 44285 -1 -1 802 0.0334651
Chain
	Aln	3	+SRR33939694.77574/1 115 2131 2139 -edge_2_0_+disjointig_2_0_44285 22810 24852 44285 -1 -1 1247 0.0499417
Chain
	Aln	2	-SRR33939694.77574/1 7 2023 2139 +edge_2_0_+disjointig_2_0_44285 19432 21474 44285 -1 -1 1247 0.0499417
Chain
	Aln	2	+SRR33939694.77661/1 156 1692 1694 +edge_2_0_+disjointig_2_0_44285 24593 26138 44285 -1 -1 1152 0.0278954
Chain
	Aln	3	-SRR33939694.77661/1 1 1537 1694 -edge_2_0_+disjointig_2_0_44285 18146 19691 44285 -1 -1 1152 0.0278954
Chain
	Aln	2	+SRR33939694.77711/1 111 1367 1377 +edge_2_0_+disjointig_2_0_44285 34891 36156 44285 -1 -1 1107 0.0161335
Chain
	Aln	3	-SRR33939694.77711/1 9 1265 1377 -edge_2_0_+disjointig_2_0_44285 8128 9393 44285 -1 -1 1107 0.0161335
Chain
	Aln	3	+SRR33939694.77725/1 110 1569 1589 -edge_2_0_+disjointig_2_0_44285 22964 24425 44285 -1 -1 1208 0.0242718
Chain
	Aln	2	-SRR33939694.77725/1 19 1478 1589 +edge_2_0_+disjointig_2_0_44285 19859 21320 44285 -1 -1 1208 0.0242718
Chain
	Aln	2	+SRR33939694.77771/1 115 1320 1323 +edge_2_0_+disjointig_2_0_44285 214 1432 44285 -1 -1 1006 0.0206669
Chain
	Aln	3	-SRR33939694.77771/1 2 1207 1323 -edge_2_0_+disjointig_2_0_44285 42852 44070 44285 -1 -1 1006 0.0206669
Chain
	Aln	2	+SRR33939694.77873/1 120 1186 1189 +edge_2_0_+disjointig_2_0_44285 10064 11137 44285 -1 -1 928 0.0208506
Chain
	Aln	3	-SRR33939694.77873/1 2 1068 1189 -edge_2_0_+disjointig_2_0_44285 33147 34220 44285 -1 -1 928 0.0208506
Chain
	Aln	2	+SRR33939694.77876/1 152 1170 1177 +edge_2_0_+disjointig_2_0_44285 3569 4584 44285 -1 -1 662 0.0368649
Chain
	Aln	3	-SRR33939694.77876/1 6 1024 1177 -edge_2_0_+disjointig_2_0_44285 39700 40715 44285 -1 -1 662 0.0368649
Chain
	Aln	3	+SRR33939694.78004/1 135 1408 1417 -edge_2_0_+disjointig_2_0_44285 41714 42985 44285 -1 -1 1125 0.0116668
Chain
	Aln	2	-SRR33939694.78004/1 8 1281 1417 +edge_2_0_+disjointig_2_0_44285 1299 2570 44285 -1 -1 1125 0.0116668
Chain
	Aln	1	+SRR33939694.77851/1 358 1671 1676 -edge_1_0_+disjointig_1_0_47382 39243 40550 47382 -1 -1 1115 0.022143
Chain
	Aln	0	-SRR33939694.77851/1 4 1317 1676 +edge_1_0_+disjointig_1_0_47382 6831 8138 47382 -1 -1 1115 0.022143
Chain
	Aln	1	+SRR33939694.77943/1 272 2064 2071 -edge_1_0_+disjointig_1_0_47382 40638 42443 47382 -1 -1 1585 0.0197034
Chain
	Aln	0	-SRR33939694.77943/1 6 1798 2071 +edge_1_0_+disjointig_1_0_47382 4938 6743 47382 -1 -1 1585 0.0197034
Chain
	Aln	2	+SRR33939694.78056/1 115 1451 1455 +edge_2_0_+disjointig_2_0_44285 9122 10489 44285 -1 -1 1161 0.0167937
Chain
	Aln	3	-SRR33939694.78056/1 3 1339 1455 -edge_2_0_+disjointig_2_0_44285 33795 35162 44285 -1 -1 1161 0.0167937
Chain
	Aln	2	+SRR33939694.78023/1 139 1201 1209 +edge_2_0_+disjointig_2_0_44285 6012 7081 44285 -1 -1 942 0.0137502
Chain
	Aln	3	-SRR33939694.78023/1 7 1069 1209 -edge_2_0_+disjointig_2_0_44285 37203 38272 44285 -1 -1 942 0.0137502
Chain
	Aln	2	+SRR33939694.78132/1 129 1593 1598 +edge_2_0_+disjointig_2_0_44285 39738 41201 44285 -1 -1 1233 0.017464
Chain
	Aln	3	-SRR33939694.78132/1 4 1468 1598 -edge_2_0_+disjointig_2_0_44285 3083 4546 44285 -1 -1 1233 0.017464
Chain
	Aln	3	+SRR33939694.78157/1 119 1183 1206 -edge_2_0_+disjointig_2_0_44285 20802 21871 44285 -1 -1 779 0.0335427
Chain
	Aln	2	-SRR33939694.78157/1 22 1086 1206 +edge_2_0_+disjointig_2_0_44285 22413 23482 44285 -1 -1 779 0.0335427
Chain
	Aln	2	+SRR33939694.78163/1 159 1492 1572 +edge_2_0_+disjointig_2_0_44285 32264 33635 44285 -1 -1 832 0.0471191
Chain
	Aln	3	-SRR33939694.78163/1 79 1412 1572 -edge_2_0_+disjointig_2_0_44285 10649 12020 44285 -1 -1 832 0.0471191
Chain
	Aln	2	+SRR33939694.78201/1 140 1792 1803 +edge_2_0_+disjointig_2_0_44285 33157 34807 44285 -1 -1 1330 0.0211095
Chain
	Aln	3	-SRR33939694.78201/1 10 1662 1803 -edge_2_0_+disjointig_2_0_44285 9477 11127 44285 -1 -1 1330 0.0211095
Chain
	Aln	2	+SRR33939694.78316/1 141 1230 1236 +edge_2_0_+disjointig_2_0_44285 32963 34095 44285 -1 -1 757 0.0363788
Chain
	Aln	3	-SRR33939694.78316/1 5 1094 1236 -edge_2_0_+disjointig_2_0_44285 10189 11321 44285 -1 -1 757 0.0363788
Chain
	Aln	2	+SRR33939694.78325/1 109 1138 1164 +edge_2_0_+disjointig_2_0_44285 37165 38190 44285 -1 -1 817 0.0237798
Chain
	Aln	3	-SRR33939694.78325/1 25 1054 1164 -edge_2_0_+disjointig_2_0_44285 6094 7119 44285 -1 -1 817 0.0237798
Chain
	Aln	2	+SRR33939694.78356/1 123 1466 1472 +edge_2_0_+disjointig_2_0_44285 39128 40477 44285 -1 -1 964 0.032207
Chain
	Aln	3	-SRR33939694.78356/1 5 1348 1472 -edge_2_0_+disjointig_2_0_44285 3807 5156 44285 -1 -1 964 0.032207
Chain
	Aln	3	+SRR33939694.78359/1 147 1199 1202 -edge_2_0_+disjointig_2_0_44285 4684 5743 44285 -1 -1 833 0.0264191
Chain
	Aln	2	-SRR33939694.78359/1 2 1054 1202 +edge_2_0_+disjointig_2_0_44285 38541 39600 44285 -1 -1 833 0.0264191
Chain
	Aln	3	+SRR33939694.78381/1 121 1221 1261 -edge_2_0_+disjointig_2_0_44285 29763 30863 44285 -1 -1 909 0.0236149
Chain
	Aln	2	-SRR33939694.78381/1 39 1139 1261 +edge_2_0_+disjointig_2_0_44285 13421 14521 44285 -1 -1 909 0.0236149
Chain
	Aln	3	+SRR33939694.78514/1 126 1181 1213 -edge_2_0_+disjointig_2_0_44285 27881 28928 44285 -1 -1 684 0.0445714
Chain
	Aln	2	-SRR33939694.78514/1 31 1086 1213 +edge_2_0_+disjointig_2_0_44285 15356 16403 44285 -1 -1 684 0.0445714
Chain
	Aln	2	+SRR33939694.78512/1 141 1345 1350 +edge_2_0_+disjointig_2_0_44285 7005 8221 44285 -1 -1 897 0.0286409
Chain
	Aln	3	-SRR33939694.78512/1 4 1208 1350 -edge_2_0_+disjointig_2_0_44285 36063 37279 44285 -1 -1 897 0.0286409
Chain
	Aln	2	+SRR33939694.78410/1 180 2030 2042 +edge_2_0_+disjointig_2_0_44285 38782 40650 44285 -1 -1 1528 0.0240186
Chain
	Aln	3	-SRR33939694.78410/1 11 1861 2042 -edge_2_0_+disjointig_2_0_44285 3634 5502 44285 -1 -1 1528 0.0240186
Chain
	Aln	2	+SRR33939694.78517/1 121 2314 2322 +edge_2_0_+disjointig_2_0_44285 16100 18306 44285 -1 -1 1966 0.0157833
Chain
	Aln	3	-SRR33939694.78517/1 7 2200 2322 -edge_2_0_+disjointig_2_0_44285 25978 28184 44285 -1 -1 1966 0.0157833
Chain
	Aln	2	+SRR33939694.78567/1 162 1173 1181 +edge_2_0_+disjointig_2_0_44285 14848 15864 44285 -1 -1 765 0.0279367
Chain
	Aln	3	-SRR33939694.78567/1 7 1018 1181 -edge_2_0_+disjointig_2_0_44285 28420 29436 44285 -1 -1 765 0.0279367
Chain
	Aln	2	+SRR33939694.78589/1 171 1253 1256 +edge_2_0_+disjointig_2_0_44285 41781 42887 44285 -1 -1 858 0.0217799
Chain
	Aln	3	-SRR33939694.78589/1 2 1084 1256 -edge_2_0_+disjointig_2_0_44285 1397 2503 44285 -1 -1 858 0.0217799
Chain
	Aln	3	+SRR33939694.78629/1 120 1369 1408 -edge_2_0_+disjointig_2_0_44285 2017 3274 44285 -1 -1 824 0.0389427
Chain
	Aln	2	-SRR33939694.78629/1 38 1287 1408 +edge_2_0_+disjointig_2_0_44285 41010 42267 44285 -1 -1 824 0.0389427
Chain
	Aln	3	+SRR33939694.78640/1 115 1403 1405 -edge_2_0_+disjointig_2_0_44285 30454 31755 44285 -1 -1 1173 0.0123306
Chain
	Aln	2	-SRR33939694.78640/1 1 1289 1405 +edge_2_0_+disjointig_2_0_44285 12529 13830 44285 -1 -1 1173 0.0123306
Chain
	Aln	2	+SRR33939694.78588/1 132 2367 2416 +edge_2_0_+disjointig_2_0_44285 275 2538 44285 -1 -1 1809 0.0218647
Chain
	Aln	3	-SRR33939694.78588/1 48 2283 2416 -edge_2_0_+disjointig_2_0_44285 41746 44009 44285 -1 -1 1809 0.0218647
Chain
	Aln	2	+SRR33939694.78643/1 116 1271 1276 +edge_2_0_+disjointig_2_0_44285 33595 34750 44285 -1 -1 985 0.0183018
Chain
	Aln	3	-SRR33939694.78643/1 4 1159 1276 -edge_2_0_+disjointig_2_0_44285 9534 10689 44285 -1 -1 985 0.0183018
Chain
	Aln	3	+SRR33939694.78682/1 111 1507 1511 -edge_2_0_+disjointig_2_0_44285 22264 23673 44285 -1 -1 1079 0.0277464
Chain
	Aln	2	-SRR33939694.78682/1 3 1399 1511 +edge_2_0_+disjointig_2_0_44285 20611 22020 44285 -1 -1 1079 0.0277464
Chain
	Aln	3	+SRR33939694.78708/1 133 1530 1561 -edge_2_0_+disjointig_2_0_44285 20308 21732 44285 -1 -1 933 0.0462805
Chain
	Aln	2	-SRR33939694.78708/1 30 1427 1561 +edge_2_0_+disjointig_2_0_44285 22552 23976 44285 -1 -1 933 0.0462805
Chain
	Aln	2	+SRR33939694.78740/1 121 1420 1471 +edge_2_0_+disjointig_2_0_44285 25007 26306 44285 -1 -1 831 0.0455429
Chain
	Aln	3	-SRR33939694.78740/1 50 1349 1471 -edge_2_0_+disjointig_2_0_44285 17978 19277 44285 -1 -1 831 0.0455429
Chain
	Aln	2	+SRR33939694.78760/1 127 1164 1172 +edge_2_0_+disjointig_2_0_44285 17188 18231 44285 -1 -1 877 0.0250472
Chain
	Aln	3	-SRR33939694.78760/1 7 1044 1172 -edge_2_0_+disjointig_2_0_44285 26053 27096 44285 -1 -1 877 0.0250472
Chain
	Aln	2	+SRR33939694.78759/1 119 1423 1426 +edge_2_0_+disjointig_2_0_44285 29169 30475 44285 -1 -1 1186 0.010155
Chain
	Aln	3	-SRR33939694.78759/1 2 1306 1426 -edge_2_0_+disjointig_2_0_44285 13809 15115 44285 -1 -1 1186 0.010155
Chain
	Aln	2	+SRR33939694.78821/1 116 1422 1444 +edge_2_0_+disjointig_2_0_44285 37761 39084 44285 -1 -1 956 0.0310622
Chain
	Aln	3	-SRR33939694.78821/1 21 1327 1444 -edge_2_0_+disjointig_2_0_44285 5200 6523 44285 -1 -1 956 0.0310622
Chain
	Aln	2	+SRR33939694.78841/1 126 1495 1503 +edge_2_0_+disjointig_2_0_44285 4182 5580 44285 -1 -1 1220 0.013574
Chain
	Aln	3	-SRR33939694.78841/1 7 1376 1503 -edge_2_0_+disjointig_2_0_44285 38704 40102 44285 -1 -1 1220 0.013574
Chain
	Aln	2	+SRR33939694.78941/1 110 1112 1123 +edge_2_0_+disjointig_2_0_44285 29065 30073 44285 -1 -1 755 0.0362842
Chain
	Aln	3	-SRR33939694.78941/1 10 1012 1123 -edge_2_0_+disjointig_2_0_44285 14211 15219 44285 -1 -1 755 0.0362842
Chain
	Aln	2	+SRR33939694.78974/1 110 1119 1125 +edge_2_0_+disjointig_2_0_44285 7766 8781 44285 -1 -1 908 0.0122492
Chain
	Aln	3	-SRR33939694.78974/1 5 1014 1125 -edge_2_0_+disjointig_2_0_44285 35503 36518 44285 -1 -1 908 0.0122492
Chain
	Aln	3	+SRR33939694.78976/1 123 1149 1151 -edge_2_0_+disjointig_2_0_44285 29407 30448 44285 -1 -1 912 0.0157312
Chain
	Aln	2	-SRR33939694.78976/1 1 1027 1151 +edge_2_0_+disjointig_2_0_44285 13836 14877 44285 -1 -1 912 0.0157312
Chain
	Aln	3	+SRR33939694.79004/1 109 1139 1176 -edge_2_0_+disjointig_2_0_44285 14518 15567 44285 -1 -1 786 0.0313719
Chain
	Aln	2	-SRR33939694.79004/1 36 1066 1176 +edge_2_0_+disjointig_2_0_44285 28717 29766 44285 -1 -1 786 0.0313719
Chain
	Aln	2	+SRR33939694.79003/1 120 1516 1540 +edge_2_0_+disjointig_2_0_44285 34319 35716 44285 -1 -1 1026 0.0291109
Chain
	Aln	3	-SRR33939694.79003/1 23 1419 1540 -edge_2_0_+disjointig_2_0_44285 8568 9965 44285 -1 -1 1026 0.0291109
Chain
	Aln	3	+SRR33939694.78940/1 116 2710 2727 -edge_2_0_+disjointig_2_0_44285 22796 25401 44285 -1 -1 2284 0.0145831
Chain
	Aln	2	-SRR33939694.78940/1 16 2610 2727 +edge_2_0_+disjointig_2_0_44285 18883 21488 44285 -1 -1 2284 0.0145831
Chain
	Aln	2	+SRR33939694.79022/1 145 1631 1634 +edge_2_0_+disjointig_2_0_44285 25323 26813 44285 -1 -1 1314 0.0144808
Chain
	Aln	3	-SRR33939694.79022/1 2 1488 1634 -edge_2_0_+disjointig_2_0_44285 17471 18961 44285 -1 -1 1314 0.0144808
Chain
	Aln	3	+SRR33939694.79044/1 167 1417 1425 -edge_2_0_+disjointig_2_0_44285 3379 4611 44285 -1 -1 840 0.0396198
Chain
	Aln	2	-SRR33939694.79044/1 7 1257 1425 +edge_2_0_+disjointig_2_0_44285 39673 40905 44285 -1 -1 840 0.0396198
Chain
	Aln	3	+SRR33939694.79083/1 158 1766 1771 -edge_2_0_+disjointig_2_0_44285 32589 34220 44285 -1 -1 1164 0.0352604
Chain
	Aln	2	-SRR33939694.79083/1 4 1612 1771 +edge_2_0_+disjointig_2_0_44285 10064 11695 44285 -1 -1 1164 0.0352604
Chain
	Aln	0	+SRR33939694.79040/1 913 2712 2714 +edge_1_0_+disjointig_1_0_47382 5084 6884 47382 -1 -1 1394 0.0299157
Chain
	Aln	1	-SRR33939694.79040/1 1 1800 2714 -edge_1_0_+disjointig_1_0_47382 40497 42297 47382 -1 -1 1394 0.0299157
Chain
	Aln	3	+SRR33939694.79145/1 110 1817 1822 -edge_2_0_+disjointig_2_0_44285 2293 4022 44285 -1 -1 1184 0.0351903
Chain
	Aln	2	-SRR33939694.79145/1 4 1711 1822 +edge_2_0_+disjointig_2_0_44285 40262 41991 44285 -1 -1 1184 0.0351903
Chain
	Aln	3	+SRR33939694.79199/1 113 1585 1588 -edge_2_0_+disjointig_2_0_44285 18444 19908 44285 -1 -1 1098 0.0295888
Chain
	Aln	2	-SRR33939694.79199/1 2 1474 1588 +edge_2_0_+disjointig_2_0_44285 24376 25840 44285 -1 -1 1098 0.0295888
Chain
	Aln	3	+SRR33939694.79167/1 124 2113 2116 -edge_2_0_+disjointig_2_0_44285 2019 4003 44285 -1 -1 1682 0.0187918
Chain
	Aln	2	-SRR33939694.79167/1 2 1991 2116 +edge_2_0_+disjointig_2_0_44285 40281 42265 44285 -1 -1 1682 0.0187918
Chain
	Aln	2	+SRR33939694.77370/1 217 22965 22970 +edge_2_0_+disjointig_2_0_44285 6636 29535 44285 -1 -1 18444 0.022705
Chain
	Aln	3	-SRR33939694.77370/1 4 22752 22970 -edge_2_0_+disjointig_2_0_44285 14749 37648 44285 -1 -1 18444 0.022705
Chain
	Aln	2	+SRR33939694.79270/1 110 1619 1621 +edge_2_0_+disjointig_2_0_44285 21980 23488 44285 -1 -1 1251 0.0219814
Chain
	Aln	3	-SRR33939694.79270/1 1 1510 1621 -edge_2_0_+disjointig_2_0_44285 20796 22304 44285 -1 -1 1251 0.0219814
Chain
	Aln	3	+SRR33939694.79231/1 121 1445 2252 -edge_2_0_+disjointig_2_0_44285 24233 25571 44285 -1 -1 994 0.0288949
Chain
	Aln	2	-SRR33939694.79231/1 806 2130 2252 +edge_2_0_+disjointig_2_0_44285 18713 20051 44285 -1 -1 994 0.0288949
Chain
	Aln	1	+SRR33939694.79129/1 442 3707 3728 -edge_1_0_+disjointig_1_0_47382 38258 41522 47382 -1 -1 2524 0.0283459
Chain
	Aln	0	-SRR33939694.79129/1 20 3285 3728 +edge_1_0_+disjointig_1_0_47382 5859 9123 47382 -1 -1 2524 0.0283459
Chain
	Aln	2	+SRR33939694.79298/1 130 1624 1663 +edge_2_0_+disjointig_2_0_44285 10624 12122 44285 -1 -1 1170 0.0295393
Chain
	Aln	3	-SRR33939694.79298/1 38 1532 1663 -edge_2_0_+disjointig_2_0_44285 32162 33660 44285 -1 -1 1170 0.0295393
Chain
	Aln	2	+SRR33939694.79460/1 125 1184 1200 +edge_2_0_+disjointig_2_0_44285 23913 24976 44285 -1 -1 922 0.019872
Chain
	Aln	3	-SRR33939694.79460/1 15 1074 1200 -edge_2_0_+disjointig_2_0_44285 19308 20371 44285 -1 -1 922 0.019872
Chain
	Aln	2	+SRR33939694.79525/1 115 1252 1259 +edge_2_0_+disjointig_2_0_44285 41026 42172 44285 -1 -1 743 0.0409335
Chain
	Aln	3	-SRR33939694.79525/1 6 1143 1259 -edge_2_0_+disjointig_2_0_44285 2112 3258 44285 -1 -1 743 0.0409335
Chain
	Aln	2	+SRR33939694.79649/1 120 1169 1172 +edge_2_0_+disjointig_2_0_44285 11652 12717 44285 -1 -1 855 0.0230447
Chain
	Aln	3	-SRR33939694.79649/1 2 1051 1172 -edge_2_0_+disjointig_2_0_44285 31567 32632 44285 -1 -1 855 0.0230447
Chain
	Aln	2	+SRR33939694.79324/1 156 2152 2276 +edge_2_0_+disjointig_2_0_44285 18465 20482 44285 -1 -1 1493 0.0282732
Chain
	Aln	3	-SRR33939694.79324/1 123 2119 2276 -edge_2_0_+disjointig_2_0_44285 23802 25819 44285 -1 -1 1493 0.0282732
Chain
	Aln	3	+SRR33939694.79621/1 112 1764 1783 -edge_2_0_+disjointig_2_0_44285 40294 41947 44285 -1 -1 985 0.0475727
Chain
	Aln	2	-SRR33939694.79621/1 18 1670 1783 +edge_2_0_+disjointig_2_0_44285 2337 3990 44285 -1 -1 985 0.0475727
Chain
	Aln	3	+SRR33939694.79684/1 115 1622 1645 -edge_2_0_+disjointig_2_0_44285 24424 25949 44285 -1 -1 1264 0.0189807
Chain
	Aln	2	-SRR33939694.79684/1 22 1529 1645 +edge_2_0_+disjointig_2_0_44285 18335 19860 44285 -1 -1 1264 0.0189807
Chain
	Aln	3	+SRR33939694.79728/1 130 1335 1356 -edge_2_0_+disjointig_2_0_44285 7590 8815 44285 -1 -1 863 0.0369294
Chain
	Aln	2	-SRR33939694.79728/1 20 1225 1356 +edge_2_0_+disjointig_2_0_44285 35469 36694 44285 -1 -1 863 0.0369294
Chain
	Aln	3	+SRR33939694.79803/1 122 1150 1169 -edge_2_0_+disjointig_2_0_44285 10488 11524 44285 -1 -1 668 0.0461766
Chain
	Aln	2	-SRR33939694.79803/1 18 1046 1169 +edge_2_0_+disjointig_2_0_44285 32760 33796 44285 -1 -1 668 0.0461766
Chain
	Aln	3	+SRR33939694.79818/1 140 1512 1519 -edge_2_0_+disjointig_2_0_44285 25763 27146 44285 -1 -1 1105 0.0266508
Chain
	Aln	2	-SRR33939694.79818/1 6 1378 1519 +edge_2_0_+disjointig_2_0_44285 17138 18521 44285 -1 -1 1105 0.0266508
Chain
	Aln	2	+SRR33939694.79784/1 122 1932 1935 +edge_2_0_+disjointig_2_0_44285 6241 8051 44285 -1 -1 1627 0.0125773
Chain
	Aln	3	-SRR33939694.79784/1 2 1812 1935 -edge_2_0_+disjointig_2_0_44285 36233 38043 44285 -1 -1 1627 0.0125773
Chain
	Aln	3	+SRR33939694.79861/1 156 1233 1247 -edge_2_0_+disjointig_2_0_44285 29006 30094 44285 -1 -1 883 0.0289726
Chain
	Aln	2	-SRR33939694.79861/1 13 1090 1247 +edge_2_0_+disjointig_2_0_44285 14190 15278 44285 -1 -1 883 0.0289726
Chain
	Aln	2	+SRR33939694.79857/1 110 1120 1122 +edge_2_0_+disjointig_2_0_44285 24224 25244 44285 -1 -1 732 0.0412939
Chain
	Aln	3	-SRR33939694.79857/1 1 1011 1122 -edge_2_0_+disjointig_2_0_44285 19040 20060 44285 -1 -1 732 0.0412939
Chain
	Aln	3	+SRR33939694.79899/1 79 1250 1259 -edge_2_0_+disjointig_2_0_44285 30251 31431 44285 -1 -1 1065 0.013747
Chain
	Aln	2	-SRR33939694.79899/1 8 1179 1259 +edge_2_0_+disjointig_2_0_44285 12853 14033 44285 -1 -1 1065 0.013747
Chain
	Aln	3	+SRR33939694.79888/1 126 1256 1261 -edge_2_0_+disjointig_2_0_44285 2851 3979 44285 -1 -1 1057 0.00983208
Chain
	Aln	2	-SRR33939694.79888/1 4 1134 1261 +edge_2_0_+disjointig_2_0_44285 40305 41433 44285 -1 -1 1057 0.00983208
Chain
	Aln	3	+SRR33939694.79924/1 132 1219 1418 -edge_2_0_+disjointig_2_0_44285 31364 32461 44285 -1 -1 608 0.0608166
Chain
	Aln	2	-SRR33939694.79924/1 198 1285 1418 +edge_2_0_+disjointig_2_0_44285 11823 12920 44285 -1 -1 608 0.0608166
Chain
	Aln	3	+SRR33939694.80007/1 117 1375 1414 -edge_2_0_+disjointig_2_0_44285 18807 20076 44285 -1 -1 963 0.0329065
Chain
	Aln	2	-SRR33939694.80007/1 38 1296 1414 +edge_2_0_+disjointig_2_0_44285 24208 25477 44285 -1 -1 963 0.0329065
Chain
	Aln	3	+SRR33939694.80127/1 114 1193 1234 -edge_2_0_+disjointig_2_0_44285 37259 38329 44285 -1 -1 799 0.0289721
Chain
	Aln	2	-SRR33939694.80127/1 40 1119 1234 +edge_2_0_+disjointig_2_0_44285 5955 7025 44285 -1 -1 799 0.0289721
Chain
	Aln	2	+SRR33939694.80189/1 142 1316 1333 +edge_2_0_+disjointig_2_0_44285 24029 25214 44285 -1 -1 943 0.0284339
Chain
	Aln	3	-SRR33939694.80189/1 16 1190 1333 -edge_2_0_+disjointig_2_0_44285 19070 20255 44285 -1 -1 943 0.0284339
Chain
	Aln	3	+SRR33939694.80080/1 122 1818 1827 -edge_2_0_+disjointig_2_0_44285 27551 29265 44285 -1 -1 1108 0.0411405
Chain
	Aln	2	-SRR33939694.80080/1 8 1704 1827 +edge_2_0_+disjointig_2_0_44285 15019 16733 44285 -1 -1 1108 0.0411405
Chain
	Aln	2	+SRR33939694.80234/1 176 1288 1309 +edge_2_0_+disjointig_2_0_44285 14470 15592 44285 -1 -1 870 0.0279358
Chain
	Aln	3	-SRR33939694.80234/1 20 1132 1309 -edge_2_0_+disjointig_2_0_44285 28692 29814 44285 -1 -1 870 0.0279358
Chain
	Aln	2	+SRR33939694.80198/1 174 1459 1477 +edge_2_0_+disjointig_2_0_44285 19596 20911 44285 -1 -1 792 0.0490252
Chain
	Aln	3	-SRR33939694.80198/1 17 1302 1477 -edge_2_0_+disjointig_2_0_44285 23373 24688 44285 -1 -1 792 0.0490252
Chain
	Aln	2	+SRR33939694.80261/1 115 1196 1206 +edge_2_0_+disjointig_2_0_44285 38131 39220 44285 -1 -1 1002 0.0100735
Chain
	Aln	3	-SRR33939694.80261/1 9 1090 1206 -edge_2_0_+disjointig_2_0_44285 5064 6153 44285 -1 -1 1002 0.0100735
Chain
	Aln	2	+SRR33939694.80323/1 115 1155 1162 +edge_2_0_+disjointig_2_0_44285 21769 22813 44285 -1 -1 913 0.0142998
Chain
	Aln	3	-SRR33939694.80323/1 6 1046 1162 -edge_2_0_+disjointig_2_0_44285 21471 22515 44285 -1 -1 913 0.0142998
Chain
	Aln	2	+SRR33939694.80350/1 131 1465 1474 +edge_2_0_+disjointig_2_0_44285 31096 32431 44285 -1 -1 1158 0.0176446
Chain
	Aln	3	-SRR33939694.80350/1 8 1342 1474 -edge_2_0_+disjointig_2_0_44285 11853 13188 44285 -1 -1 1158 0.0176446
Chain
	Aln	2	+SRR33939694.80421/1 105 1452 1454 +edge_2_0_+disjointig_2_0_44285 16124 17477 44285 -1 -1 1028 0.0268501
Chain
	Aln	3	-SRR33939694.80421/1 1 1348 1454 -edge_2_0_+disjointig_2_0_44285 26807 28160 44285 -1 -1 1028 0.0268501
Chain
	Aln	3	+SRR33939694.80452/1 153 1479 1495 -edge_2_0_+disjointig_2_0_44285 2385 3713 44285 -1 -1 1110 0.0166853
Chain
	Aln	2	-SRR33939694.80452/1 15 1341 1495 +edge_2_0_+disjointig_2_0_44285 40571 41899 44285 -1 -1 1110 0.0166853
Chain
	Aln	2	+SRR33939694.80465/1 152 1733 1743 +edge_2_0_+disjointig_2_0_44285 9943 11517 44285 -1 -1 1020 0.044953
Chain
	Aln	3	-SRR33939694.80465/1 9 1590 1743 -edge_2_0_+disjointig_2_0_44285 32767 34341 44285 -1 -1 1020 0.044953
Chain
	Aln	2	+SRR33939694.80464/1 116 2430 2432 +edge_2_0_+disjointig_2_0_44285 22294 24614 44285 -1 -1 2060 0.0161241
Chain
	Aln	3	-SRR33939694.80464/1 1 2315 2432 -edge_2_0_+disjointig_2_0_44285 19670 21990 44285 -1 -1 2060 0.0161241
Chain
	Aln	3	+SRR33939694.80487/1 120 2161 2175 -edge_2_0_+disjointig_2_0_44285 6979 9030 44285 -1 -1 1488 0.0321784
Chain
	Aln	2	-SRR33939694.80487/1 13 2054 2175 +edge_2_0_+disjointig_2_0_44285 35254 37305 44285 -1 -1 1488 0.0321784
Chain
	Aln	3	+SRR33939694.80568/1 138 1190 1192 -edge_2_0_+disjointig_2_0_44285 28426 29490 44285 -1 -1 911 0.0130937
Chain
	Aln	2	-SRR33939694.80568/1 1 1053 1192 +edge_2_0_+disjointig_2_0_44285 14794 15858 44285 -1 -1 911 0.0130937
Chain
	Aln	2	+SRR33939694.80572/1 115 1442 1446 +edge_2_0_+disjointig_2_0_44285 7009 8329 44285 -1 -1 1062 0.0176187
Chain
	Aln	3	-SRR33939694.80572/1 3 1330 1446 -edge_2_0_+disjointig_2_0_44285 35955 37275 44285 -1 -1 1062 0.0176187
Chain
	Aln	3	+SRR33939694.80580/1 124 1229 1256 -edge_2_0_+disjointig_2_0_44285 2256 3357 44285 -1 -1 979 0.0127195
Chain
	Aln	2	-SRR33939694.80580/1 26 1131 1256 +edge_2_0_+disjointig_2_0_44285 40927 42028 44285 -1 -1 979 0.0127195
Chain
	Aln	3	+SRR33939694.80613/1 128 1304 1321 -edge_2_0_+disjointig_2_0_44285 26990 28203 44285 -1 -1 881 0.0363504
Chain
	Aln	2	-SRR33939694.80613/1 16 1192 1321 +edge_2_0_+disjointig_2_0_44285 16081 17294 44285 -1 -1 881 0.0363504
Chain
	Aln	3	+SRR33939694.80641/1 118 1348 1357 -edge_2_0_+disjointig_2_0_44285 9600 10834 44285 -1 -1 1056 0.0160341
Chain
	Aln	2	-SRR33939694.80641/1 8 1238 1357 +edge_2_0_+disjointig_2_0_44285 33450 34684 44285 -1 -1 1056 0.0160341
Chain
	Aln	3	+SRR33939694.80724/1 114 1158 1181 -edge_2_0_+disjointig_2_0_44285 22265 23303 44285 -1 -1 951 0.0135155
Chain
	Aln	2	-SRR33939694.80724/1 22 1066 1181 +edge_2_0_+disjointig_2_0_44285 20981 22019 44285 -1 -1 951 0.0135155
Chain
	Aln	3	+SRR33939694.80526/1 108 2208 2211 -edge_2_0_+disjointig_2_0_44285 11111 13219 44285 -1 -1 1897 0.0146635
Chain
	Aln	2	-SRR33939694.80526/1 2 2102 2211 +edge_2_0_+disjointig_2_0_44285 31065 33173 44285 -1 -1 1897 0.0146635
Chain
	Aln	2	+SRR33939694.80901/1 119 1132 1149 +edge_2_0_+disjointig_2_0_44285 10423 11432 44285 -1 -1 765 0.0314569
Chain
	Aln	3	-SRR33939694.80901/1 16 1029 1149 -edge_2_0_+disjointig_2_0_44285 32852 33861 44285 -1 -1 765 0.0314569
Chain
	Aln	2	+SRR33939694.80865/1 127 1266 1268 +edge_2_0_+disjointig_2_0_44285 39233 40369 44285 -1 -1 1028 0.0137804
Chain
	Aln	3	-SRR33939694.80865/1 1 1140 1268 -edge_2_0_+disjointig_2_0_44285 3915 5051 44285 -1 -1 1028 0.0137804
Chain
	Aln	2	+SRR33939694.80942/1 117 1120 1174 +edge_2_0_+disjointig_2_0_44285 15835 16852 44285 -1 -1 763 0.0285083
Chain
	Aln	3	-SRR33939694.80942/1 53 1056 1174 -edge_2_0_+disjointig_2_0_44285 27432 28449 44285 -1 -1 763 0.0285083
Chain
	Aln	2	+SRR33939694.81042/1 121 1140 1149 +edge_2_0_+disjointig_2_0_44285 4064 5069 44285 -1 -1 896 0.0157046
Chain
	Aln	3	-SRR33939694.81042/1 8 1027 1149 -edge_2_0_+disjointig_2_0_44285 39215 40220 44285 -1 -1 896 0.0157046
Chain
	Aln	2	+SRR33939694.81115/1 145 1519 1524 +edge_2_0_+disjointig_2_0_44285 12291 13682 44285 -1 -1 1160 0.0187688
Chain
	Aln	3	-SRR33939694.81115/1 4 1378 1524 -edge_2_0_+disjointig_2_0_44285 30602 31993 44285 -1 -1 1160 0.0187688
Chain
	Aln	0	+SRR33939694.80987/1 449 3239 3252 +edge_1_0_+disjointig_1_0_47382 30080 32874 47382 -1 -1 2207 0.0293009
Chain
	Aln	1	-SRR33939694.80987/1 12 2802 3252 -edge_1_0_+disjointig_1_0_47382 14507 17301 47382 -1 -1 2207 0.0293009
Chain
	Aln	1	+SRR33939694.81073/1 111 3034 3039 -edge_1_0_+disjointig_1_0_47382 15260 18173 47382 -1 -1 2493 0.0179607
Chain
	Aln	0	-SRR33939694.81073/1 4 2927 3039 +edge_1_0_+disjointig_1_0_47382 29208 32121 47382 -1 -1 2493 0.0179607
Chain
	Aln	3	+SRR33939694.81106/1 201 2017 2020 -edge_2_0_+disjointig_2_0_44285 13247 15099 44285 -1 -1 1205 0.0416624
Chain
	Aln	2	-SRR33939694.81106/1 2 1818 2020 +edge_2_0_+disjointig_2_0_44285 29185 31037 44285 -1 -1 1205 0.0416624
Chain
	Aln	3	+SRR33939694.81245/1 109 1295 1300 -edge_2_0_+disjointig_2_0_44285 40878 42062 44285 -1 -1 895 0.0242191
Chain
	Aln	2	-SRR33939694.81245/1 4 1190 1300 +edge_2_0_+disjointig_2_0_44285 2222 3406 44285 -1 -1 895 0.0242191
Chain
	Aln	3	+SRR33939694.81284/1 112 1545 1565 -edge_2_0_+disjointig_2_0_44285 3111 4566 44285 -1 -1 1332 0.0080336
Chain
	Aln	2	-SRR33939694.81284/1 19 1452 1565 +edge_2_0_+disjointig_2_0_44285 39718 41173 44285 -1 -1 1332 0.0080336
Chain
	Aln	3	+SRR33939694.81339/1 126 1401 1408 -edge_2_0_+disjointig_2_0_44285 34008 35284 44285 -1 -1 1111 0.0249313
Chain
	Aln	2	-SRR33939694.81339/1 6 1281 1408 +edge_2_0_+disjointig_2_0_44285 9000 10276 44285 -1 -1 1111 0.0249313
Chain
	Aln	2	+SRR33939694.81475/1 115 1172 1205 +edge_2_0_+disjointig_2_0_44285 40944 42019 44285 -1 -1 642 0.0424957
Chain
	Aln	3	-SRR33939694.81475/1 32 1089 1205 -edge_2_0_+disjointig_2_0_44285 2265 3340 44285 -1 -1 642 0.0424957
Chain
	Aln	3	+SRR33939694.81558/1 177 1177 1181 -edge_2_0_+disjointig_2_0_44285 18694 19698 44285 -1 -1 662 0.0416568
Chain
	Aln	2	-SRR33939694.81558/1 3 1003 1181 +edge_2_0_+disjointig_2_0_44285 24586 25590 44285 -1 -1 662 0.0416568
Chain
	Aln	3	+SRR33939694.81578/1 124 1256 1261 -edge_2_0_+disjointig_2_0_44285 11834 12977 44285 -1 -1 1034 0.0101679
Chain
	Aln	2	-SRR33939694.81578/1 4 1136 1261 +edge_2_0_+disjointig_2_0_44285 31307 32450 44285 -1 -1 1034 0.0101679
Chain
	Aln	2	+SRR33939694.81602/1 103 1167 1175 +edge_2_0_+disjointig_2_0_44285 15369 16476 44285 -1 -1 751 0.0361346
Chain
	Aln	3	-SRR33939694.81602/1 7 1071 1175 -edge_2_0_+disjointig_2_0_44285 27808 28915 44285 -1 -1 751 0.0361346
Chain
	Aln	2	+SRR33939694.81573/1 125 2102 2109 +edge_2_0_+disjointig_2_0_44285 11599 13576 44285 -1 -1 1622 0.0218903
Chain
	Aln	3	-SRR33939694.81573/1 6 1983 2109 -edge_2_0_+disjointig_2_0_44285 30708 32685 44285 -1 -1 1622 0.0218903
Chain
	Aln	2	+SRR33939694.81628/1 148 1160 1173 +edge_2_0_+disjointig_2_0_44285 16419 17429 44285 -1 -1 861 0.0218662
Chain
	Aln	3	-SRR33939694.81628/1 12 1024 1173 -edge_2_0_+disjointig_2_0_44285 26855 27865 44285 -1 -1 861 0.0218662
Chain
	Aln	3	+SRR33939694.81644/1 141 1332 1349 -edge_2_0_+disjointig_2_0_44285 12244 13447 44285 -1 -1 682 0.0529509
Chain
	Aln	2	-SRR33939694.81644/1 16 1207 1349 +edge_2_0_+disjointig_2_0_44285 30837 32040 44285 -1 -1 682 0.0529509
Chain
	Aln	2	+SRR33939694.81727/1 128 1154 1162 +edge_2_0_+disjointig_2_0_44285 12186 13203 44285 -1 -1 825 0.026998
Chain
	Aln	3	-SRR33939694.81727/1 7 1033 1162 -edge_2_0_+disjointig_2_0_44285 31081 32098 44285 -1 -1 825 0.026998
Chain
	Aln	0	+SRR33939694.81608/1 224 3759 4050 +edge_1_0_+disjointig_1_0_47382 43680 47234 47382 -1 -1 2539 0.033335
Chain
	Aln	1	-SRR33939694.81608/1 290 3825 4050 -edge_1_0_+disjointig_1_0_47382 147 3701 47382 -1 -1 2539 0.033335
Chain
	Aln	0	+SRR33939694.81353/1 781 5455 5474 +edge_1_0_+disjointig_1_0_47382 4465 9166 47382 -1 -1 3579 0.0290642
Chain
	Aln	1	-SRR33939694.81353/1 18 4692 5474 -edge_1_0_+disjointig_1_0_47382 38215 42916 47382 -1 -1 3579 0.0290642
Chain
	Aln	2	+SRR33939694.81757/1 129 1130 1145 +edge_2_0_+disjointig_2_0_44285 6764 7766 44285 -1 -1 876 0.0134851
Chain
	Aln	3	-SRR33939694.81757/1 14 1015 1145 -edge_2_0_+disjointig_2_0_44285 36518 37520 44285 -1 -1 876 0.0134851
Chain
	Aln	2	+SRR33939694.81749/1 122 1518 1534 +edge_2_0_+disjointig_2_0_44285 2717 4146 44285 -1 -1 997 0.0331615
Chain
	Aln	3	-SRR33939694.81749/1 15 1411 1534 -edge_2_0_+disjointig_2_0_44285 40138 41567 44285 -1 -1 997 0.0331615
Chain
	Aln	2	+SRR33939694.81787/1 112 1175 1197 +edge_2_0_+disjointig_2_0_44285 11593 12665 44285 -1 -1 876 0.0229828
Chain
	Aln	3	-SRR33939694.81787/1 21 1084 1197 -edge_2_0_+disjointig_2_0_44285 31619 32691 44285 -1 -1 876 0.0229828
Chain
	Aln	2	+SRR33939694.81826/1 110 1130 1135 +edge_2_0_+disjointig_2_0_44285 11299 12315 44285 -1 -1 868 0.0183018
Chain
	Aln	3	-SRR33939694.81826/1 4 1024 1135 -edge_2_0_+disjointig_2_0_44285 31969 32985 44285 -1 -1 868 0.0183018
Chain
	Aln	3	+SRR33939694.81793/1 131 1135 1164 -edge_2_0_+disjointig_2_0_44285 4833 5860 44285 -1 -1 708 0.0339215
Chain
	Aln	2	-SRR33939694.81793/1 28 1032 1164 +edge_2_0_+disjointig_2_0_44285 38424 39451 44285 -1 -1 708 0.0339215
Chain
	Aln	2	+SRR33939694.81831/1 112 1380 1390 +edge_2_0_+disjointig_2_0_44285 38805 40095 44285 -1 -1 920 0.0299921
Chain
	Aln	3	-SRR33939694.81831/1 9 1277 1390 -edge_2_0_+disjointig_2_0_44285 4189 5479 44285 -1 -1 920 0.0299921
Chain
	Aln	3	+SRR33939694.81870/1 116 1231 1243 -edge_2_0_+disjointig_2_0_44285 25260 26362 44285 -1 -1 941 0.0169975
Chain
	Aln	2	-SRR33939694.81870/1 11 1126 1243 +edge_2_0_+disjointig_2_0_44285 17922 19024 44285 -1 -1 941 0.0169975
Chain
	Aln	3	+SRR33939694.81037/1 143 10433 10435 -edge_2_0_+disjointig_2_0_44285 9596 19914 44285 -1 -1 7903 0.0289981
Chain
	Aln	2	-SRR33939694.81037/1 1 10291 10435 +edge_2_0_+disjointig_2_0_44285 24370 34688 44285 -1 -1 7903 0.0289981
Chain
	Aln	2	+SRR33939694.81921/1 161 1578 1586 +edge_2_0_+disjointig_2_0_44285 23235 24639 44285 -1 -1 958 0.0385109
Chain
	Aln	3	-SRR33939694.81921/1 7 1424 1586 -edge_2_0_+disjointig_2_0_44285 19645 21049 44285 -1 -1 958 0.0385109
Chain
	Aln	3	+SRR33939694.81939/1 200 1383 1389 -edge_2_0_+disjointig_2_0_44285 32543 33711 44285 -1 -1 892 0.0305886
Chain
	Aln	2	-SRR33939694.81939/1 5 1188 1389 +edge_2_0_+disjointig_2_0_44285 10573 11741 44285 -1 -1 892 0.0305886
Chain
	Aln	2	+SRR33939694.82034/1 129 1184 1186 +edge_2_0_+disjointig_2_0_44285 11284 12342 44285 -1 -1 787 0.027816
Chain
	Aln	3	-SRR33939694.82034/1 1 1056 1186 -edge_2_0_+disjointig_2_0_44285 31942 33000 44285 -1 -1 787 0.027816
Chain
	Aln	1	+SRR33939694.81682/1 132 7216 7227 -edge_1_0_+disjointig_1_0_47382 26661 33727 47382 -1 -1 5852 0.0196584
Chain
	Aln	0	-SRR33939694.81682/1 10 7094 7227 +edge_1_0_+disjointig_1_0_47382 13654 20720 47382 -1 -1 5852 0.0196584
Chain
	Aln	1	+SRR33939694.81986/1 1074 2710 2713 -edge_1_0_+disjointig_1_0_47382 22486 24120 47382 -1 -1 1460 0.00934724
Chain
	Aln	0	-SRR33939694.81986/1 2 1638 2713 +edge_1_0_+disjointig_1_0_47382 23261 24895 47382 -1 -1 1460 0.00934724
Chain
	Aln	3	+SRR33939694.82035/1 122 1538 1540 -edge_2_0_+disjointig_2_0_44285 31762 33179 44285 -1 -1 1176 0.0262694
Chain
	Aln	2	-SRR33939694.82035/1 1 1417 1540 +edge_2_0_+disjointig_2_0_44285 11105 12522 44285 -1 -1 1176 0.0262694
Chain
	Aln	2	+SRR33939694.82166/1 123 1345 1360 +edge_2_0_+disjointig_2_0_44285 1848 3078 44285 -1 -1 1107 0.0112142
Chain
	Aln	3	-SRR33939694.82166/1 14 1236 1360 -edge_2_0_+disjointig_2_0_44285 41206 42436 44285 -1 -1 1107 0.0112142
Chain
	Aln	2	+SRR33939694.82170/1 121 1576 1581 +edge_2_0_+disjointig_2_0_44285 38463 39909 44285 -1 -1 1276 0.0139209
Chain
	Aln	3	-SRR33939694.82170/1 4 1459 1581 -edge_2_0_+disjointig_2_0_44285 4375 5821 44285 -1 -1 1276 0.0139209
Chain
	Aln	3	+SRR33939694.82198/1 142 1406 1440 -edge_2_0_+disjointig_2_0_44285 27368 28637 44285 -1 -1 840 0.0395016
Chain
	Aln	2	-SRR33939694.82198/1 33 1297 1440 +edge_2_0_+disjointig_2_0_44285 15647 16916 44285 -1 -1 840 0.0395016
Chain
	Aln	2	+SRR33939694.82222/1 140 1392 1399 +edge_2_0_+disjointig_2_0_44285 39083 40347 44285 -1 -1 750 0.0526453
Chain
	Aln	3	-SRR33939694.82222/1 6 1258 1399 -edge_2_0_+disjointig_2_0_44285 3937 5201 44285 -1 -1 750 0.0526453
Chain
	Aln	3	+SRR33939694.82202/1 108 1423 1439 -edge_2_0_+disjointig_2_0_44285 18420 19751 44285 -1 -1 846 0.0464373
Chain
	Aln	2	-SRR33939694.82202/1 15 1330 1439 +edge_2_0_+disjointig_2_0_44285 24533 25864 44285 -1 -1 846 0.0464373
Chain
	Aln	3	+SRR33939694.81847/1 126 7971 7975 -edge_2_0_+disjointig_2_0_44285 15448 23344 44285 -1 -1 6527 0.0202791
Chain
	Aln	2	-SRR33939694.81847/1 3 7848 7975 +edge_2_0_+disjointig_2_0_44285 20940 28836 44285 -1 -1 6527 0.0202791
Chain
	Aln	3	+SRR33939694.82246/1 119 1960 1964 -edge_2_0_+disjointig_2_0_44285 33999 35845 44285 -1 -1 1519 0.0241078
Chain
	Aln	2	-SRR33939694.82246/1 3 1844 1964 +edge_2_0_+disjointig_2_0_44285 8439 10285 44285 -1 -1 1519 0.0241078
Chain
	Aln	3	+SRR33939694.82276/1 109 1444 1451 -edge_2_0_+disjointig_2_0_44285 22745 24100 44285 -1 -1 1161 0.0172264
Chain
	Aln	2	-SRR33939694.82276/1 6 1341 1451 +edge_2_0_+disjointig_2_0_44285 20184 21539 44285 -1 -1 1161 0.0172264
Chain
	Aln	2	+SRR33939694.82286/1 120 1141 1162 +edge_2_0_+disjointig_2_0_44285 20859 21889 44285 -1 -1 670 0.0472191
Chain
	Aln	3	-SRR33939694.82286/1 20 1041 1162 -edge_2_0_+disjointig_2_0_44285 22395 23425 44285 -1 -1 670 0.0472191
Chain
	Aln	2	+SRR33939694.82306/1 147 1201 1208 +edge_2_0_+disjointig_2_0_44285 38292 39342 44285 -1 -1 942 0.0106707
Chain
	Aln	3	-SRR33939694.82306/1 6 1060 1208 -edge_2_0_+disjointig_2_0_44285 4942 5992 44285 -1 -1 942 0.0106707
Chain
	Aln	3	+SRR33939694.82393/1 115 1135 1160 -edge_2_0_+disjointig_2_0_44285 19584 20624 44285 -1 -1 747 0.0357926
Chain
	Aln	2	-SRR33939694.82393/1 24 1044 1160 +edge_2_0_+disjointig_2_0_44285 23660 24700 44285 -1 -1 747 0.0357926
Chain
	Aln	2	+SRR33939694.82385/1 122 1854 1857 +edge_2_0_+disjointig_2_0_44285 31635 33384 44285 -1 -1 1380 0.0267506
Chain
	Aln	3	-SRR33939694.82385/1 2 1734 1857 -edge_2_0_+disjointig_2_0_44285 10900 12649 44285 -1 -1 1380 0.0267506
Chain
	Aln	3	+SRR33939694.82395/1 122 1658 1661 -edge_2_0_+disjointig_2_0_44285 26711 28281 44285 -1 -1 1353 0.024002
Chain
	Aln	2	-SRR33939694.82395/1 2 1538 1661 +edge_2_0_+disjointig_2_0_44285 16003 17573 44285 -1 -1 1353 0.024002
Chain
	Aln	2	+SRR33939694.82430/1 139 1356 1406 +edge_2_0_+disjointig_2_0_44285 2581 3813 44285 -1 -1 992 0.0232554
Chain
	Aln	3	-SRR33939694.82430/1 49 1266 1406 -edge_2_0_+disjointig_2_0_44285 40471 41703 44285 -1 -1 992 0.0232554
Chain
	Aln	3	+SRR33939694.82454/1 131 1238 1267 -edge_2_0_+disjointig_2_0_44285 17908 19000 44285 -1 -1 973 0.0135566
Chain
	Aln	2	-SRR33939694.82454/1 28 1135 1267 +edge_2_0_+disjointig_2_0_44285 25284 26376 44285 -1 -1 973 0.0135566
Chain
	Aln	3	+SRR33939694.82401/1 118 2728 2784 -edge_2_0_+disjointig_2_0_44285 41623 44243 44285 -1 -1 2076 0.026285
Chain
	Aln	2	-SRR33939694.82401/1 55 2665 2784 +edge_2_0_+disjointig_2_0_44285 41 2661 44285 -1 -1 2076 0.026285
Chain
	Aln	3	+SRR33939694.82465/1 124 1989 2006 -edge_2_0_+disjointig_2_0_44285 15883 17768 44285 -1 -1 1423 0.0280364
Chain
	Aln	2	-SRR33939694.82465/1 16 1881 2006 +edge_2_0_+disjointig_2_0_44285 26516 28401 44285 -1 -1 1423 0.0280364
Chain
	Aln	3	+SRR33939694.82487/1 168 1291 1297 -edge_2_0_+disjointig_2_0_44285 41778 42916 44285 -1 -1 970 0.0162947
Chain
	Aln	2	-SRR33939694.82487/1 5 1128 1297 +edge_2_0_+disjointig_2_0_44285 1368 2506 44285 -1 -1 970 0.0162947
Chain
	Aln	2	+SRR33939694.82529/1 108 1458 1466 +edge_2_0_+disjointig_2_0_44285 33084 34445 44285 -1 -1 1002 0.0314982
Chain
	Aln	3	-SRR33939694.82529/1 7 1357 1466 -edge_2_0_+disjointig_2_0_44285 9839 11200 44285 -1 -1 1002 0.0314982
Chain
	Aln	3	+SRR33939694.82514/1 118 1248 1256 -edge_2_0_+disjointig_2_0_44285 3420 4547 44285 -1 -1 936 0.0193523
Chain
	Aln	2	-SRR33939694.82514/1 7 1137 1256 +edge_2_0_+disjointig_2_0_44285 39737 40864 44285 -1 -1 936 0.0193523
Chain
	Aln	3	+SRR33939694.82553/1 108 1153 1183 -edge_2_0_+disjointig_2_0_44285 22667 23720 44285 -1 -1 943 0.0128632
Chain
	Aln	2	-SRR33939694.82553/1 29 1074 1183 +edge_2_0_+disjointig_2_0_44285 20564 21617 44285 -1 -1 943 0.0128632
Chain
	Aln	3	+SRR33939694.82559/1 131 1157 1162 -edge_2_0_+disjointig_2_0_44285 31934 32985 44285 -1 -1 785 0.0289148
Chain
	Aln	2	-SRR33939694.82559/1 4 1030 1162 +edge_2_0_+disjointig_2_0_44285 11299 12350 44285 -1 -1 785 0.0289148
Chain
	Aln	0	+SRR33939694.82470/1 266 4410 4419 +edge_1_0_+disjointig_1_0_47382 15405 19587 47382 -1 -1 2751 0.0411693
Chain
	Aln	1	-SRR33939694.82470/1 8 4152 4419 -edge_1_0_+disjointig_1_0_47382 27794 31976 47382 -1 -1 2751 0.0411693
Chain
	Aln	3	+SRR33939694.82647/1 116 1132 1138 -edge_2_0_+disjointig_2_0_44285 39487 40509 44285 -1 -1 800 0.0282831
Chain
	Aln	2	-SRR33939694.82647/1 5 1021 1138 +edge_2_0_+disjointig_2_0_44285 3775 4797 44285 -1 -1 800 0.0282831
Chain
	Aln	2	+SRR33939694.82655/1 118 1190 1199 +edge_2_0_+disjointig_2_0_44285 2085 3178 44285 -1 -1 704 0.0387165
Chain
	Aln	3	-SRR33939694.82655/1 8 1080 1199 -edge_2_0_+disjointig_2_0_44285 41106 42199 44285 -1 -1 704 0.0387165
Chain
	Aln	3	+SRR33939694.82619/1 145 1532 1556 -edge_2_0_+disjointig_2_0_44285 38153 39552 44285 -1 -1 994 0.0327138
Chain
	Aln	2	-SRR33939694.82619/1 23 1410 1556 +edge_2_0_+disjointig_2_0_44285 4732 6131 44285 -1 -1 994 0.0327138
Chain
	Aln	3	+SRR33939694.82717/1 148 1209 1219 -edge_2_0_+disjointig_2_0_44285 29910 30994 44285 -1 -1 628 0.0448737
Chain
	Aln	2	-SRR33939694.82717/1 9 1070 1219 +edge_2_0_+disjointig_2_0_44285 13290 14374 44285 -1 -1 628 0.0448737
Chain
	Aln	3	+SRR33939694.82679/1 118 2246 2264 -edge_2_0_+disjointig_2_0_44285 13737 15874 44285 -1 -1 1759 0.0232377
Chain
	Aln	2	-SRR33939694.82679/1 17 2145 2264 +edge_2_0_+disjointig_2_0_44285 28410 30547 44285 -1 -1 1759 0.0232377
Chain
	Aln	2	+SRR33939694.82777/1 114 1236 1251 +edge_2_0_+disjointig_2_0_44285 3982 5117 44285 -1 -1 958 0.0188224
Chain
	Aln	3	-SRR33939694.82777/1 14 1136 1251 -edge_2_0_+disjointig_2_0_44285 39167 40302 44285 -1 -1 958 0.0188224
Chain
	Aln	2	+SRR33939694.82744/1 227 1526 1549 +edge_2_0_+disjointig_2_0_44285 36061 37376 44285 -1 -1 1035 0.0290714
Chain
	Aln	3	-SRR33939694.82744/1 22 1321 1549 -edge_2_0_+disjointig_2_0_44285 6908 8223 44285 -1 -1 1035 0.0290714
Chain
	Aln	2	+SRR33939694.82012/1 173 12943 12949 +edge_2_0_+disjointig_2_0_44285 21519 34434 44285 -1 -1 8666 0.0378081
Chain
	Aln	3	-SRR33939694.82012/1 5 12775 12949 -edge_2_0_+disjointig_2_0_44285 9850 22765 44285 -1 -1 8666 0.0378081
Chain
	Aln	3	+SRR33939694.82804/1 118 1474 1477 -edge_2_0_+disjointig_2_0_44285 30684 32055 44285 -1 -1 900 0.0435529
Chain
	Aln	2	-SRR33939694.82804/1 2 1358 1477 +edge_2_0_+disjointig_2_0_44285 12229 13600 44285 -1 -1 900 0.0435529
Chain
	Aln	3	+SRR33939694.82814/1 132 1239 1244 -edge_2_0_+disjointig_2_0_44285 3286 4398 44285 -1 -1 888 0.0229507
Chain
	Aln	2	-SRR33939694.82814/1 4 1111 1244 +edge_2_0_+disjointig_2_0_44285 39886 40998 44285 -1 -1 888 0.0229507
Chain
	Aln	2	+SRR33939694.82821/1 120 1244 1255 +edge_2_0_+disjointig_2_0_44285 25287 26408 44285 -1 -1 794 0.0323642
Chain
	Aln	3	-SRR33939694.82821/1 10 1134 1255 -edge_2_0_+disjointig_2_0_44285 17876 18997 44285 -1 -1 794 0.0323642
Chain
	Aln	3	+SRR33939694.82922/1 139 1165 1170 -edge_2_0_+disjointig_2_0_44285 3510 4547 44285 -1 -1 714 0.0361966
Chain
	Aln	2	-SRR33939694.82922/1 4 1030 1170 +edge_2_0_+disjointig_2_0_44285 39737 40774 44285 -1 -1 714 0.0361966
Chain
	Aln	2	+SRR33939694.82893/1 112 1186 1224 +edge_2_0_+disjointig_2_0_44285 10394 11464 44285 -1 -1 980 0.0155728
Chain
	Aln	3	-SRR33939694.82893/1 37 1111 1224 -edge_2_0_+disjointig_2_0_44285 32820 33890 44285 -1 -1 980 0.0155728
Chain
	Aln	2	+SRR33939694.82957/1 103 1483 1487 +edge_2_0_+disjointig_2_0_44285 11859 13226 44285 -1 -1 1046 0.0291546
Chain
	Aln	3	-SRR33939694.82957/1 3 1383 1487 -edge_2_0_+disjointig_2_0_44285 31058 32425 44285 -1 -1 1046 0.0291546
Chain
	Aln	3	+SRR33939694.82947/1 112 1316 1366 -edge_2_0_+disjointig_2_0_44285 4661 5885 44285 -1 -1 717 0.0471139
Chain
	Aln	2	-SRR33939694.82947/1 49 1253 1366 +edge_2_0_+disjointig_2_0_44285 38399 39623 44285 -1 -1 717 0.0471139
Chain
	Aln	3	+SRR33939694.82961/1 119 1424 1433 -edge_2_0_+disjointig_2_0_44285 7867 9196 44285 -1 -1 1098 0.0183682
Chain
	Aln	2	-SRR33939694.82961/1 8 1313 1433 +edge_2_0_+disjointig_2_0_44285 35088 36417 44285 -1 -1 1098 0.0183682
Chain
	Aln	3	+SRR33939694.82992/1 121 1476 1528 -edge_2_0_+disjointig_2_0_44285 15221 16575 44285 -1 -1 1055 0.024717
Chain
	Aln	2	-SRR33939694.82992/1 51 1406 1528 +edge_2_0_+disjointig_2_0_44285 27709 29063 44285 -1 -1 1055 0.024717
Chain
	Aln	3	+SRR33939694.83012/1 157 1369 1378 -edge_2_0_+disjointig_2_0_44285 2403 3625 44285 -1 -1 815 0.0377822
Chain
	Aln	2	-SRR33939694.83012/1 8 1220 1378 +edge_2_0_+disjointig_2_0_44285 40659 41881 44285 -1 -1 815 0.0377822
Chain
	Aln	2	+SRR33939694.83025/1 121 1175 1183 +edge_2_0_+disjointig_2_0_44285 30268 31323 44285 -1 -1 904 0.0207205
Chain
	Aln	3	-SRR33939694.83025/1 7 1061 1183 -edge_2_0_+disjointig_2_0_44285 12961 14016 44285 -1 -1 904 0.0207205
Chain
	Aln	2	+SRR33939694.83036/1 125 1328 1331 +edge_2_0_+disjointig_2_0_44285 1831 3051 44285 -1 -1 827 0.0337953
Chain
	Aln	3	-SRR33939694.83036/1 2 1205 1331 -edge_2_0_+disjointig_2_0_44285 41233 42453 44285 -1 -1 827 0.0337953
Chain
	Aln	3	+SRR33939694.83104/1 143 1247 1252 -edge_2_0_+disjointig_2_0_44285 32891 33995 44285 -1 -1 1006 0.0148863
Chain
	Aln	2	-SRR33939694.83104/1 4 1108 1252 +edge_2_0_+disjointig_2_0_44285 10289 11393 44285 -1 -1 1006 0.0148863
Chain
	Aln	2	+SRR33939694.83043/1 150 1150 1154 +edge_2_0_+disjointig_2_0_44285 28808 29822 44285 -1 -1 871 0.026306
Chain
	Aln	3	-SRR33939694.83043/1 3 1003 1154 -edge_2_0_+disjointig_2_0_44285 14462 15476 44285 -1 -1 871 0.026306
Chain
	Aln	2	+SRR33939694.83174/1 120 1135 1139 +edge_2_0_+disjointig_2_0_44285 10882 11896 44285 -1 -1 936 0.0126427
Chain
	Aln	3	-SRR33939694.83174/1 3 1018 1139 -edge_2_0_+disjointig_2_0_44285 32388 33402 44285 -1 -1 936 0.0126427
Chain
	Aln	3	+SRR33939694.83235/1 119 1213 1238 -edge_2_0_+disjointig_2_0_44285 38364 39465 44285 -1 -1 905 0.0170333
Chain
	Aln	2	-SRR33939694.83235/1 24 1118 1238 +edge_2_0_+disjointig_2_0_44285 4819 5920 44285 -1 -1 905 0.0170333
Chain
	Aln	2	+SRR33939694.83289/1 125 1337 1342 +edge_2_0_+disjointig_2_0_44285 10498 11710 44285 -1 -1 1071 0.0181564
Chain
	Aln	3	-SRR33939694.83289/1 4 1216 1342 -edge_2_0_+disjointig_2_0_44285 32574 33786 44285 -1 -1 1071 0.0181564
Chain
	Aln	3	+SRR33939694.83417/1 117 1211 1216 -edge_2_0_+disjointig_2_0_44285 2887 3990 44285 -1 -1 829 0.0312548
Chain
	Aln	2	-SRR33939694.83417/1 4 1098 1216 +edge_2_0_+disjointig_2_0_44285 40294 41397 44285 -1 -1 829 0.0312548
Chain
	Aln	3	+SRR33939694.83373/1 122 1193 1198 -edge_2_0_+disjointig_2_0_44285 4625 5709 44285 -1 -1 828 0.0297363
Chain
	Aln	2	-SRR33939694.83373/1 4 1075 1198 +edge_2_0_+disjointig_2_0_44285 38575 39659 44285 -1 -1 828 0.0297363
Chain
	Aln	2	+SRR33939694.83423/1 125 1163 1182 +edge_2_0_+disjointig_2_0_44285 13004 14038 44285 -1 -1 908 0.0188999
Chain
	Aln	3	-SRR33939694.83423/1 18 1056 1182 -edge_2_0_+disjointig_2_0_44285 30246 31280 44285 -1 -1 908 0.0188999
Chain
	Aln	2	+SRR33939694.83388/1 119 1233 1237 +edge_2_0_+disjointig_2_0_44285 20046 21169 44285 -1 -1 906 0.0261641
Chain
	Aln	3	-SRR33939694.83388/1 3 1117 1237 -edge_2_0_+disjointig_2_0_44285 23115 24238 44285 -1 -1 906 0.0261641
Chain
	Aln	3	+SRR33939694.83472/1 115 1120 1145 -edge_2_0_+disjointig_2_0_44285 4456 5489 44285 -1 -1 583 0.0548462
Chain
	Aln	2	-SRR33939694.83472/1 24 1029 1145 +edge_2_0_+disjointig_2_0_44285 38795 39828 44285 -1 -1 583 0.0548462
Chain
	Aln	2	+SRR33939694.83462/1 114 1948 1952 +edge_2_0_+disjointig_2_0_44285 15462 17309 44285 -1 -1 1019 0.053663
Chain
	Aln	3	-SRR33939694.83462/1 3 1837 1952 -edge_2_0_+disjointig_2_0_44285 26975 28822 44285 -1 -1 1019 0.053663
Chain
	Aln	3	+SRR33939694.83610/1 139 1356 1365 -edge_2_0_+disjointig_2_0_44285 2148 3382 44285 -1 -1 724 0.0452855
Chain
	Aln	2	-SRR33939694.83610/1 8 1225 1365 +edge_2_0_+disjointig_2_0_44285 40902 42136 44285 -1 -1 724 0.0452855
Chain
	Aln	3	+SRR33939694.83671/1 124 1222 1225 -edge_2_0_+disjointig_2_0_44285 31364 32461 44285 -1 -1 846 0.0252905
Chain
	Aln	2	-SRR33939694.83671/1 2 1100 1225 +edge_2_0_+disjointig_2_0_44285 11823 12920 44285 -1 -1 846 0.0252905
Chain
	Aln	2	+SRR33939694.83577/1 126 1813 1817 +edge_2_0_+disjointig_2_0_44285 8852 10545 44285 -1 -1 1498 0.016438
Chain
	Aln	3	-SRR33939694.83577/1 3 1690 1817 -edge_2_0_+disjointig_2_0_44285 33739 35432 44285 -1 -1 1498 0.016438
Chain
	Aln	1	+SRR33939694.83655/1 255 1694 1698 -edge_1_0_+disjointig_1_0_47382 42179 43613 47382 -1 -1 1266 0.0179554
Chain
	Aln	0	-SRR33939694.83655/1 3 1442 1698 +edge_1_0_+disjointig_1_0_47382 3768 5202 47382 -1 -1 1266 0.0179554
Chain
	Aln	3	+SRR33939694.83501/1 109 2725 2763 -edge_2_0_+disjointig_2_0_44285 34388 37030 44285 -1 -1 2053 0.0245069
Chain
	Aln	2	-SRR33939694.83501/1 37 2653 2763 +edge_2_0_+disjointig_2_0_44285 7254 9896 44285 -1 -1 2053 0.0245069
Chain
	Aln	2	+SRR33939694.83744/1 150 1185 1192 +edge_2_0_+disjointig_2_0_44285 23586 24625 44285 -1 -1 584 0.0593021
Chain
	Aln	3	-SRR33939694.83744/1 6 1041 1192 -edge_2_0_+disjointig_2_0_44285 19659 20698 44285 -1 -1 584 0.0593021
Chain
	Aln	2	+SRR33939694.83803/1 121 1652 1678 +edge_2_0_+disjointig_2_0_44285 32043 33573 44285 -1 -1 1324 0.0209944
Chain
	Aln	3	-SRR33939694.83803/1 25 1556 1678 -edge_2_0_+disjointig_2_0_44285 10711 12241 44285 -1 -1 1324 0.0209944
Chain
	Aln	2	+SRR33939694.83857/1 141 1356 1360 +edge_2_0_+disjointig_2_0_44285 29644 30853 44285 -1 -1 1028 0.0161625
Chain
	Aln	3	-SRR33939694.83857/1 3 1218 1360 -edge_2_0_+disjointig_2_0_44285 13431 14640 44285 -1 -1 1028 0.0161625
Chain
	Aln	2	+SRR33939694.83879/1 121 1160 1192 +edge_2_0_+disjointig_2_0_44285 22162 23202 44285 -1 -1 917 0.0129014
Chain
	Aln	3	-SRR33939694.83879/1 31 1070 1192 -edge_2_0_+disjointig_2_0_44285 21082 22122 44285 -1 -1 917 0.0129014
Chain
	Aln	2	+SRR33939694.83881/1 234 1250 1348 +edge_2_0_+disjointig_2_0_44285 36522 37568 44285 -1 -1 640 0.0495434
Chain
	Aln	3	-SRR33939694.83881/1 97 1113 1348 -edge_2_0_+disjointig_2_0_44285 6716 7762 44285 -1 -1 640 0.0495434
Chain
	Aln	2	+SRR33939694.83914/1 122 1174 1208 +edge_2_0_+disjointig_2_0_44285 7725 8781 44285 -1 -1 754 0.0267324
Chain
	Aln	3	-SRR33939694.83914/1 33 1085 1208 -edge_2_0_+disjointig_2_0_44285 35503 36559 44285 -1 -1 754 0.0267324
Chain
	Aln	2	+SRR33939694.83916/1 116 1180 1191 +edge_2_0_+disjointig_2_0_44285 11262 12342 44285 -1 -1 852 0.0229762
Chain
	Aln	3	-SRR33939694.83916/1 10 1074 1191 -edge_2_0_+disjointig_2_0_44285 31942 33022 44285 -1 -1 852 0.0229762
Chain
	Aln	3	+SRR33939694.83919/1 122 2002 2022 -edge_2_0_+disjointig_2_0_44285 1102 2956 44285 -1 -1 1521 0.0186942
Chain
	Aln	2	-SRR33939694.83919/1 19 1899 2022 +edge_2_0_+disjointig_2_0_44285 41328 43182 44285 -1 -1 1521 0.0186942
Chain
	Aln	3	+SRR33939694.83998/1 140 1336 1340 -edge_2_0_+disjointig_2_0_44285 38894 40093 44285 -1 -1 1050 0.0143416
Chain
	Aln	2	-SRR33939694.83998/1 3 1199 1340 +edge_2_0_+disjointig_2_0_44285 4191 5390 44285 -1 -1 1050 0.0143416
Chain
	Aln	2	+SRR33939694.84014/1 124 1285 1291 +edge_2_0_+disjointig_2_0_44285 33771 34932 44285 -1 -1 881 0.0294844
Chain
	Aln	3	-SRR33939694.84014/1 5 1166 1291 -edge_2_0_+disjointig_2_0_44285 9352 10513 44285 -1 -1 881 0.0294844
Chain
	Aln	2	+SRR33939694.84050/1 106 1189 1193 +edge_2_0_+disjointig_2_0_44285 37836 38920 44285 -1 -1 992 0.00806745
Chain
	Aln	3	-SRR33939694.84050/1 3 1086 1193 -edge_2_0_+disjointig_2_0_44285 5364 6448 44285 -1 -1 992 0.00806745
Chain
	Aln	2	+SRR33939694.84062/1 132 1256 1262 +edge_2_0_+disjointig_2_0_44285 9977 11090 44285 -1 -1 717 0.0438921
Chain
	Aln	3	-SRR33939694.84062/1 5 1129 1262 -edge_2_0_+disjointig_2_0_44285 33194 34307 44285 -1 -1 717 0.0438921
Chain
	Aln	2	+SRR33939694.84099/1 122 1201 1205 +edge_2_0_+disjointig_2_0_44285 39816 40897 44285 -1 -1 775 0.0326166
Chain
	Aln	3	-SRR33939694.84099/1 3 1082 1205 -edge_2_0_+disjointig_2_0_44285 3387 4468 44285 -1 -1 775 0.0326166
Chain
	Aln	3	+SRR33939694.84140/1 124 1256 1291 -edge_2_0_+disjointig_2_0_44285 37764 38922 44285 -1 -1 885 0.0284202
Chain
	Aln	2	-SRR33939694.84140/1 34 1166 1291 +edge_2_0_+disjointig_2_0_44285 5362 6520 44285 -1 -1 885 0.0284202
Chain
	Aln	3	+SRR33939694.84190/1 120 1145 1153 -edge_2_0_+disjointig_2_0_44285 15826 16860 44285 -1 -1 777 0.034321
Chain
	Aln	2	-SRR33939694.84190/1 7 1032 1153 +edge_2_0_+disjointig_2_0_44285 27424 28458 44285 -1 -1 777 0.034321
Chain
	Aln	2	+SRR33939694.84175/1 129 1272 1279 +edge_2_0_+disjointig_2_0_44285 9521 10648 44285 -1 -1 808 0.03642
Chain
	Aln	3	-SRR33939694.84175/1 6 1149 1279 -edge_2_0_+disjointig_2_0_44285 33636 34763 44285 -1 -1 808 0.03642
Chain
	Aln	3	+SRR33939694.84207/1 132 1279 1311 -edge_2_0_+disjointig_2_0_44285 20372 21525 44285 -1 -1 1089 0.0134327
Chain
	Aln	2	-SRR33939694.84207/1 31 1178 1311 +edge_2_0_+disjointig_2_0_44285 22759 23912 44285 -1 -1 1089 0.0134327
Chain
	Aln	3	+SRR33939694.84253/1 119 1120 1145 -edge_2_0_+disjointig_2_0_44285 30970 31971 44285 -1 -1 861 0.0231058
Chain
	Aln	2	-SRR33939694.84253/1 24 1025 1145 +edge_2_0_+disjointig_2_0_44285 12313 13314 44285 -1 -1 861 0.0231058
Chain
	Aln	2	+SRR33939694.84252/1 142 1154 1160 +edge_2_0_+disjointig_2_0_44285 37564 38576 44285 -1 -1 771 0.0303195
Chain
	Aln	3	-SRR33939694.84252/1 5 1017 1160 -edge_2_0_+disjointig_2_0_44285 5708 6720 44285 -1 -1 771 0.0303195
Chain
	Aln	3	+SRR33939694.84294/1 128 1187 1190 -edge_2_0_+disjointig_2_0_44285 7119 8179 44285 -1 -1 869 0.0250571
Chain
	Aln	2	-SRR33939694.84294/1 2 1061 1190 +edge_2_0_+disjointig_2_0_44285 36105 37165 44285 -1 -1 869 0.0250571
Chain
	Aln	2	+SRR33939694.84263/1 116 2498 2500 +edge_2_0_+disjointig_2_0_44285 11217 13601 44285 -1 -1 2071 0.0159203
Chain
	Aln	3	-SRR33939694.84263/1 1 2383 2500 -edge_2_0_+disjointig_2_0_44285 30683 33067 44285 -1 -1 2071 0.0159203
Chain
	Aln	3	+SRR33939694.84374/1 130 1570 1572 -edge_2_0_+disjointig_2_0_44285 39628 41063 44285 -1 -1 974 0.039458
Chain
	Aln	2	-SRR33939694.84374/1 1 1441 1572 +edge_2_0_+disjointig_2_0_44285 3221 4656 44285 -1 -1 974 0.039458
Chain
	Aln	3	+SRR33939694.84343/1 118 1617 1621 -edge_2_0_+disjointig_2_0_44285 34754 36253 44285 -1 -1 1399 0.00978609
Chain
	Aln	2	-SRR33939694.84343/1 3 1502 1621 +edge_2_0_+disjointig_2_0_44285 8031 9530 44285 -1 -1 1399 0.00978609
Chain
	Aln	3	+SRR33939694.84390/1 156 1268 1277 -edge_2_0_+disjointig_2_0_44285 8038 9148 44285 -1 -1 808 0.0274092
Chain
	Aln	2	-SRR33939694.84390/1 8 1120 1277 +edge_2_0_+disjointig_2_0_44285 35136 36246 44285 -1 -1 808 0.0274092
Chain
	Aln	2	+SRR33939694.84429/1 117 1337 1376 +edge_2_0_+disjointig_2_0_44285 1862 3078 44285 -1 -1 898 0.0301462
Chain
	Aln	3	-SRR33939694.84429/1 38 1258 1376 -edge_2_0_+disjointig_2_0_44285 41206 42422 44285 -1 -1 898 0.0301462
Chain
	Aln	3	+SRR33939694.84504/1 141 1231 1242 -edge_2_0_+disjointig_2_0_44285 10948 12051 44285 -1 -1 775 0.0348522
Chain
	Aln	2	-SRR33939694.84504/1 10 1100 1242 +edge_2_0_+disjointig_2_0_44285 32233 33336 44285 -1 -1 775 0.0348522
Chain
	Aln	3	+SRR33939694.84483/1 133 1249 1278 -edge_2_0_+disjointig_2_0_44285 25123 26245 44285 -1 -1 960 0.0177539
Chain
	Aln	2	-SRR33939694.84483/1 28 1144 1278 +edge_2_0_+disjointig_2_0_44285 18039 19161 44285 -1 -1 960 0.0177539
Chain
	Aln	2	+SRR33939694.84531/1 113 1624 1648 +edge_2_0_+disjointig_2_0_44285 436 1953 44285 -1 -1 1367 0.0141659
Chain
	Aln	3	-SRR33939694.84531/1 23 1534 1648 -edge_2_0_+disjointig_2_0_44285 42331 43848 44285 -1 -1 1367 0.0141659
Chain
	Aln	3	+SRR33939694.84528/1 126 2261 2265 -edge_2_0_+disjointig_2_0_44285 17455 19621 44285 -1 -1 1519 0.0332482
Chain
	Aln	2	-SRR33939694.84528/1 3 2138 2265 +edge_2_0_+disjointig_2_0_44285 24663 26829 44285 -1 -1 1519 0.0332482
Chain
	Aln	3	+SRR33939694.84706/1 122 1290 1293 -edge_2_0_+disjointig_2_0_44285 30847 32018 44285 -1 -1 947 0.0222491
Chain
	Aln	2	-SRR33939694.84706/1 2 1170 1293 +edge_2_0_+disjointig_2_0_44285 12266 13437 44285 -1 -1 947 0.0222491
Chain
	Aln	2	+SRR33939694.84726/1 115 1192 1250 +edge_2_0_+disjointig_2_0_44285 40212 41294 44285 -1 -1 754 0.0369902
Chain
	Aln	3	-SRR33939694.84726/1 57 1134 1250 -edge_2_0_+disjointig_2_0_44285 2990 4072 44285 -1 -1 754 0.0369902
Chain
	Aln	3	+SRR33939694.84702/1 127 1161 1181 -edge_2_0_+disjointig_2_0_44285 11900 12935 44285 -1 -1 800 0.0305815
Chain
	Aln	2	-SRR33939694.84702/1 19 1053 1181 +edge_2_0_+disjointig_2_0_44285 31349 32384 44285 -1 -1 800 0.0305815
Chain
	Aln	3	+SRR33939694.84626/1 116 2022 2027 -edge_2_0_+disjointig_2_0_44285 13840 15758 44285 -1 -1 1478 0.0301725
Chain
	Aln	2	-SRR33939694.84626/1 4 1910 2027 +edge_2_0_+disjointig_2_0_44285 28526 30444 44285 -1 -1 1478 0.0301725
Chain
	Aln	2	+SRR33939694.84766/1 118 1273 1279 +edge_2_0_+disjointig_2_0_44285 22281 23426 44285 -1 -1 920 0.0278168
Chain
	Aln	3	-SRR33939694.84766/1 5 1160 1279 -edge_2_0_+disjointig_2_0_44285 20858 22003 44285 -1 -1 920 0.0278168
Chain
	Aln	2	+SRR33939694.84971/1 121 1323 1329 +edge_2_0_+disjointig_2_0_44285 15324 16527 44285 -1 -1 719 0.043226
Chain
	Aln	3	-SRR33939694.84971/1 5 1207 1329 -edge_2_0_+disjointig_2_0_44285 27757 28960 44285 -1 -1 719 0.043226
Chain
	Aln	2	+SRR33939694.84987/1 158 1506 1511 +edge_2_0_+disjointig_2_0_44285 11081 12433 44285 -1 -1 1155 0.0155189
Chain
	Aln	3	-SRR33939694.84987/1 4 1352 1511 -edge_2_0_+disjointig_2_0_44285 31851 33203 44285 -1 -1 1155 0.0155189
Chain
	Aln	3	+SRR33939694.84993/1 120 1480 1486 -edge_2_0_+disjointig_2_0_44285 2905 4271 44285 -1 -1 1199 0.0167507
Chain
	Aln	2	-SRR33939694.84993/1 5 1365 1486 +edge_2_0_+disjointig_2_0_44285 40013 41379 44285 -1 -1 1199 0.0167507
Chain
	Aln	2	+SRR33939694.85035/1 109 1117 1170 +edge_2_0_+disjointig_2_0_44285 25956 26995 44285 -1 -1 665 0.0456667
Chain
	Aln	3	-SRR33939694.85035/1 52 1060 1170 -edge_2_0_+disjointig_2_0_44285 17289 18328 44285 -1 -1 665 0.0456667
Chain
	Aln	3	+SRR33939694.85065/1 119 1944 1948 -edge_2_0_+disjointig_2_0_44285 15768 17613 44285 -1 -1 1452 0.025952
Chain
	Aln	2	-SRR33939694.85065/1 3 1828 1948 +edge_2_0_+disjointig_2_0_44285 26671 28516 44285 -1 -1 1452 0.025952
Chain
	Aln	2	+SRR33939694.85092/1 120 1408 1418 +edge_2_0_+disjointig_2_0_44285 22546 23835 44285 -1 -1 1158 0.0159097
Chain
	Aln	3	-SRR33939694.85092/1 9 1297 1418 -edge_2_0_+disjointig_2_0_44285 20449 21738 44285 -1 -1 1158 0.0159097
Chain
	Aln	2	+SRR33939694.85037/1 156 2228 2249 +edge_2_0_+disjointig_2_0_44285 37321 39409 44285 -1 -1 1314 0.0446121
Chain
	Aln	3	-SRR33939694.85037/1 20 2092 2249 -edge_2_0_+disjointig_2_0_44285 4875 6963 44285 -1 -1 1314 0.0446121
Chain
	Aln	3	+SRR33939694.85083/1 116 1406 1409 -edge_2_0_+disjointig_2_0_44285 39057 40332 44285 -1 -1 1111 0.0149776
Chain
	Aln	2	-SRR33939694.85083/1 2 1292 1409 +edge_2_0_+disjointig_2_0_44285 3952 5227 44285 -1 -1 1111 0.0149776
Chain
	Aln	3	+SRR33939694.85136/1 135 1395 1402 -edge_2_0_+disjointig_2_0_44285 7129 8404 44285 -1 -1 733 0.0590752
Chain
	Aln	2	-SRR33939694.85136/1 6 1266 1402 +edge_2_0_+disjointig_2_0_44285 35880 37155 44285 -1 -1 733 0.0590752
Chain
	Aln	3	+SRR33939694.85107/1 133 1832 1844 -edge_2_0_+disjointig_2_0_44285 27551 29243 44285 -1 -1 1284 0.0283382
Chain
	Aln	2	-SRR33939694.85107/1 11 1710 1844 +edge_2_0_+disjointig_2_0_44285 15041 16733 44285 -1 -1 1284 0.0283382
Chain
	Aln	3	+SRR33939694.85189/1 162 1291 1299 -edge_2_0_+disjointig_2_0_44285 32800 33941 44285 -1 -1 986 0.0168254
Chain
	Aln	2	-SRR33939694.85189/1 7 1136 1299 +edge_2_0_+disjointig_2_0_44285 10343 11484 44285 -1 -1 986 0.0168254
Chain
	Aln	2	+SRR33939694.85220/1 135 1345 1350 +edge_2_0_+disjointig_2_0_44285 30729 31948 44285 -1 -1 959 0.0300979
Chain
	Aln	3	-SRR33939694.85220/1 4 1214 1350 -edge_2_0_+disjointig_2_0_44285 12336 13555 44285 -1 -1 959 0.0300979
Chain
	Aln	0	+SRR33939694.85252/1 222 1854 1863 +edge_1_0_+disjointig_1_0_47382 13266 14900 47382 -1 -1 1326 0.0213115
Chain
	Aln	1	-SRR33939694.85252/1 8 1640 1863 -edge_1_0_+disjointig_1_0_47382 32481 34115 47382 -1 -1 1326 0.0213115
Chain
	Aln	3	+SRR33939694.85258/1 122 1185 1192 -edge_2_0_+disjointig_2_0_44285 20261 21331 44285 -1 -1 910 0.023771
Chain
	Aln	2	-SRR33939694.85258/1 6 1069 1192 +edge_2_0_+disjointig_2_0_44285 22953 24023 44285 -1 -1 910 0.023771
Chain
	Aln	3	+SRR33939694.85271/1 109 1561 1566 -edge_2_0_+disjointig_2_0_44285 4420 5880 44285 -1 -1 1098 0.0324695
Chain
	Aln	2	-SRR33939694.85271/1 4 1456 1566 +edge_2_0_+disjointig_2_0_44285 38404 39864 44285 -1 -1 1098 0.0324695
Chain
	Aln	2	+SRR33939694.85368/1 112 1153 1155 +edge_2_0_+disjointig_2_0_44285 38018 39065 44285 -1 -1 883 0.0172991
Chain
	Aln	3	-SRR33939694.85368/1 1 1042 1155 -edge_2_0_+disjointig_2_0_44285 5219 6266 44285 -1 -1 883 0.0172991
Chain
	Aln	3	+SRR33939694.83938/1 141 17817 18712 -edge_2_0_+disjointig_2_0_44285 3796 21525 44285 -1 -1 15417 0.0158137
Chain
	Aln	2	-SRR33939694.83938/1 894 18570 18712 +edge_2_0_+disjointig_2_0_44285 22759 40488 44285 -1 -1 15417 0.0158137
Chain
	Aln	2	+SRR33939694.85435/1 115 1515 1518 +edge_2_0_+disjointig_2_0_44285 3049 4471 44285 -1 -1 1159 0.0223469
Chain
	Aln	3	-SRR33939694.85435/1 2 1402 1518 -edge_2_0_+disjointig_2_0_44285 39813 41235 44285 -1 -1 1159 0.0223469
Chain
	Aln	2	+SRR33939694.85445/1 121 1166 1175 +edge_2_0_+disjointig_2_0_44285 40095 41127 44285 -1 -1 636 0.0460054
Chain
	Aln	3	-SRR33939694.85445/1 8 1053 1175 -edge_2_0_+disjointig_2_0_44285 3157 4189 44285 -1 -1 636 0.0460054
Chain
	Aln	2	+SRR33939694.85470/1 117 1126 1129 +edge_2_0_+disjointig_2_0_44285 18560 19585 44285 -1 -1 893 0.0160499
Chain
	Aln	3	-SRR33939694.85470/1 2 1011 1129 -edge_2_0_+disjointig_2_0_44285 24699 25724 44285 -1 -1 893 0.0160499
Chain
	Aln	3	+SRR33939694.85474/1 117 1526 1539 -edge_2_0_+disjointig_2_0_44285 30807 32220 44285 -1 -1 1176 0.0261031
Chain
	Aln	2	-SRR33939694.85474/1 12 1421 1539 +edge_2_0_+disjointig_2_0_44285 12064 13477 44285 -1 -1 1176 0.0261031
Chain
	Aln	3	+SRR33939694.85519/1 119 1199 1216 -edge_2_0_+disjointig_2_0_44285 27189 28306 44285 -1 -1 700 0.0441342
Chain
	Aln	2	-SRR33939694.85519/1 16 1096 1216 +edge_2_0_+disjointig_2_0_44285 15978 17095 44285 -1 -1 700 0.0441342
Chain
	Aln	2	+SRR33939694.85583/1 140 1153 1156 +edge_2_0_+disjointig_2_0_44285 10946 11973 44285 -1 -1 725 0.0404312
Chain
	Aln	3	-SRR33939694.85583/1 2 1015 1156 -edge_2_0_+disjointig_2_0_44285 32311 33338 44285 -1 -1 725 0.0404312
Chain
	Aln	3	+SRR33939694.85618/1 155 1277 1295 -edge_2_0_+disjointig_2_0_44285 40990 42102 44285 -1 -1 961 0.0165967
Chain
	Aln	2	-SRR33939694.85618/1 17 1139 1295 +edge_2_0_+disjointig_2_0_44285 2182 3294 44285 -1 -1 961 0.0165967
Chain
	Aln	2	+SRR33939694.85574/1 133 1327 1334 +edge_2_0_+disjointig_2_0_44285 533 1736 44285 -1 -1 726 0.0478877
Chain
	Aln	3	-SRR33939694.85574/1 6 1200 1334 -edge_2_0_+disjointig_2_0_44285 42548 43751 44285 -1 -1 726 0.0478877
Chain
	Aln	3	+SRR33939694.85697/1 122 1159 1196 -edge_2_0_+disjointig_2_0_44285 26080 27124 44285 -1 -1 777 0.0337773
Chain
	Aln	2	-SRR33939694.85697/1 36 1073 1196 +edge_2_0_+disjointig_2_0_44285 17160 18204 44285 -1 -1 777 0.0337773
Chain
	Aln	1	+SRR33939694.85482/1 111 3576 3578 -edge_1_0_+disjointig_1_0_47382 34821 38276 47382 -1 -1 2721 0.0239083
Chain
	Aln	0	-SRR33939694.85482/1 1 3466 3578 +edge_1_0_+disjointig_1_0_47382 9105 12560 47382 -1 -1 2721 0.0239083
Chain
	Aln	3	+SRR33939694.85570/1 112 2595 2605 -edge_2_0_+disjointig_2_0_44285 993 3493 44285 -1 -1 1989 0.0231427
Chain
	Aln	2	-SRR33939694.85570/1 9 2492 2605 +edge_2_0_+disjointig_2_0_44285 40791 43291 44285 -1 -1 1989 0.0231427
Chain
	Aln	3	+SRR33939694.85719/1 219 1540 1548 -edge_2_0_+disjointig_2_0_44285 3855 5182 44285 -1 -1 960 0.0312398
Chain
	Aln	2	-SRR33939694.85719/1 7 1328 1548 +edge_2_0_+disjointig_2_0_44285 39102 40429 44285 -1 -1 960 0.0312398
Chain
	Aln	3	+SRR33939694.85870/1 115 1443 1454 -edge_2_0_+disjointig_2_0_44285 24523 25865 44285 -1 -1 1154 0.0126436
Chain
	Aln	2	-SRR33939694.85870/1 10 1338 1454 +edge_2_0_+disjointig_2_0_44285 18419 19761 44285 -1 -1 1154 0.0126436
Chain
	Aln	3	+SRR33939694.85931/1 126 1246 1263 -edge_2_0_+disjointig_2_0_44285 42617 43742 44285 -1 -1 899 0.0215258
Chain
	Aln	2	-SRR33939694.85931/1 16 1136 1263 +edge_2_0_+disjointig_2_0_44285 542 1667 44285 -1 -1 899 0.0215258
Chain
	Aln	3	+SRR33939694.86028/1 126 1188 1192 -edge_2_0_+disjointig_2_0_44285 13737 14797 44285 -1 -1 831 0.0256367
Chain
	Aln	2	-SRR33939694.86028/1 3 1065 1192 +edge_2_0_+disjointig_2_0_44285 29487 30547 44285 -1 -1 831 0.0256367
Chain
	Aln	2	+SRR33939694.86052/1 123 1201 1211 +edge_2_0_+disjointig_2_0_44285 24440 25510 44285 -1 -1 908 0.0190155
Chain
	Aln	3	-SRR33939694.86052/1 9 1087 1211 -edge_2_0_+disjointig_2_0_44285 18774 19844 44285 -1 -1 908 0.0190155
Chain
	Aln	3	+SRR33939694.86188/1 134 1216 1236 -edge_2_0_+disjointig_2_0_44285 20031 21120 44285 -1 -1 972 0.0217213
Chain
	Aln	2	-SRR33939694.86188/1 19 1101 1236 +edge_2_0_+disjointig_2_0_44285 23164 24253 44285 -1 -1 972 0.0217213
Chain
	Aln	0	+SRR33939694.86178/1 252 1315 1318 +edge_1_0_+disjointig_1_0_47382 39877 40955 47382 -1 -1 759 0.0390571
Chain
	Aln	1	-SRR33939694.86178/1 2 1065 1318 -edge_1_0_+disjointig_1_0_47382 6426 7504 47382 -1 -1 759 0.0390571
Chain
	Aln	0	+SRR33939694.86089/1 221 2288 2306 +edge_1_0_+disjointig_1_0_47382 31639 33713 47382 -1 -1 1544 0.0296539
Chain
	Aln	1	-SRR33939694.86089/1 17 2084 2306 -edge_1_0_+disjointig_1_0_47382 13668 15742 47382 -1 -1 1544 0.0296539
Chain
	Aln	2	+SRR33939694.86253/1 120 1137 1152 +edge_2_0_+disjointig_2_0_44285 27861 28880 44285 -1 -1 699 0.0387327
Chain
	Aln	3	-SRR33939694.86253/1 14 1031 1152 -edge_2_0_+disjointig_2_0_44285 15404 16423 44285 -1 -1 699 0.0387327
Chain
	Aln	2	+SRR33939694.85524/1 112 8139 8155 +edge_2_0_+disjointig_2_0_44285 31692 39739 44285 -1 -1 6907 0.0157239
Chain
	Aln	3	-SRR33939694.85524/1 15 8042 8155 -edge_2_0_+disjointig_2_0_44285 4545 12592 44285 -1 -1 6907 0.0157239
Chain
	Aln	3	+SRR33939694.86256/1 120 1301 1306 -edge_2_0_+disjointig_2_0_44285 21817 23015 44285 -1 -1 907 0.0256398
Chain
	Aln	2	-SRR33939694.86256/1 4 1185 1306 +edge_2_0_+disjointig_2_0_44285 21269 22467 44285 -1 -1 907 0.0256398
Chain
	Aln	2	+SRR33939694.86261/1 118 1585 1605 +edge_2_0_+disjointig_2_0_44285 4028 5515 44285 -1 -1 1240 0.0214295
Chain
	Aln	3	-SRR33939694.86261/1 19 1486 1605 -edge_2_0_+disjointig_2_0_44285 38769 40256 44285 -1 -1 1240 0.0214295
Chain
	Aln	3	+SRR33939694.86268/1 117 1498 1521 -edge_2_0_+disjointig_2_0_44285 18869 20238 44285 -1 -1 1153 0.0219706
Chain
	Aln	2	-SRR33939694.86268/1 22 1403 1521 +edge_2_0_+disjointig_2_0_44285 24046 25415 44285 -1 -1 1153 0.0219706
Chain
	Aln	2	+SRR33939694.86330/1 133 1231 1244 +edge_2_0_+disjointig_2_0_44285 28699 29802 44285 -1 -1 869 0.0348522
Chain
	Aln	3	-SRR33939694.86330/1 12 1110 1244 -edge_2_0_+disjointig_2_0_44285 14482 15585 44285 -1 -1 869 0.0348522
Chain
	Aln	0	+SRR33939694.86205/1 874 2595 2603 +edge_1_0_+disjointig_1_0_47382 4567 6294 47382 -1 -1 1348 0.0271825
Chain
	Aln	1	-SRR33939694.86205/1 7 1728 2603 -edge_1_0_+disjointig_1_0_47382 41087 42814 47382 -1 -1 1348 0.0271825
Chain
	Aln	2	+SRR33939694.86293/1 122 1972 1979 +edge_2_0_+disjointig_2_0_44285 26155 28002 44285 -1 -1 1563 0.0196689
Chain
	Aln	3	-SRR33939694.86293/1 6 1856 1979 -edge_2_0_+disjointig_2_0_44285 16282 18129 44285 -1 -1 1563 0.0196689
Chain
	Aln	3	+SRR33939694.86339/1 121 1295 1299 -edge_2_0_+disjointig_2_0_44285 27611 28785 44285 -1 -1 923 0.0248681
Chain
	Aln	2	-SRR33939694.86339/1 3 1177 1299 +edge_2_0_+disjointig_2_0_44285 15499 16673 44285 -1 -1 923 0.0248681
Chain
	Aln	2	+SRR33939694.86343/1 147 1741 1804 +edge_2_0_+disjointig_2_0_44285 26599 28226 44285 -1 -1 961 0.0507298
Chain
	Aln	3	-SRR33939694.86343/1 62 1656 1804 -edge_2_0_+disjointig_2_0_44285 16058 17685 44285 -1 -1 961 0.0507298
Chain
	Aln	3	+SRR33939694.86422/1 106 1196 1201 -edge_2_0_+disjointig_2_0_44285 115 1217 44285 -1 -1 927 0.0241624
Chain
	Aln	2	-SRR33939694.86422/1 4 1094 1201 +edge_2_0_+disjointig_2_0_44285 43067 44169 44285 -1 -1 927 0.0241624
Chain
	Aln	3	+SRR33939694.86509/1 126 1225 1227 -edge_2_0_+disjointig_2_0_44285 25284 26380 44285 -1 -1 880 0.0235614
Chain
	Aln	2	-SRR33939694.86509/1 1 1100 1227 +edge_2_0_+disjointig_2_0_44285 17904 19000 44285 -1 -1 880 0.0235614
Chain
	Aln	2	+SRR33939694.86514/1 120 1254 1261 +edge_2_0_+disjointig_2_0_44285 8344 9513 44285 -1 -1 846 0.0285256
Chain
	Aln	3	-SRR33939694.86514/1 6 1140 1261 -edge_2_0_+disjointig_2_0_44285 34771 35940 44285 -1 -1 846 0.0285256
Chain
	Aln	3	+SRR33939694.86332/1 118 2615 2667 -edge_2_0_+disjointig_2_0_44285 33523 36005 44285 -1 -1 1605 0.0390442
Chain
	Aln	2	-SRR33939694.86332/1 51 2548 2667 +edge_2_0_+disjointig_2_0_44285 8279 10761 44285 -1 -1 1605 0.0390442
Chain
	Aln	3	+SRR33939694.86562/1 115 1135 1143 -edge_2_0_+disjointig_2_0_44285 40240 41266 44285 -1 -1 871 0.0204029
Chain
	Aln	2	-SRR33939694.86562/1 7 1027 1143 +edge_2_0_+disjointig_2_0_44285 3018 4044 44285 -1 -1 871 0.0204029
Chain
	Aln	3	+SRR33939694.86521/1 137 1748 1756 -edge_2_0_+disjointig_2_0_44285 1659 3284 44285 -1 -1 1125 0.0368762
Chain
	Aln	2	-SRR33939694.86521/1 7 1618 1756 +edge_2_0_+disjointig_2_0_44285 41000 42625 44285 -1 -1 1125 0.0368762
Chain
	Aln	3	+SRR33939694.86550/1 131 1373 1380 -edge_2_0_+disjointig_2_0_44285 34862 36121 44285 -1 -1 781 0.0442453
Chain
	Aln	2	-SRR33939694.86550/1 6 1248 1380 +edge_2_0_+disjointig_2_0_44285 8163 9422 44285 -1 -1 781 0.0442453
Chain
	Aln	2	+SRR33939694.86593/1 97 1705 1710 +edge_2_0_+disjointig_2_0_44285 8224 9843 44285 -1 -1 1443 0.0143161
Chain
	Aln	3	-SRR33939694.86593/1 4 1612 1710 -edge_2_0_+disjointig_2_0_44285 34441 36060 44285 -1 -1 1443 0.0143161
Chain
	Aln	3	+SRR33939694.86599/1 103 1346 1355 -edge_2_0_+disjointig_2_0_44285 9298 10536 44285 -1 -1 933 0.0299327
Chain
	Aln	2	-SRR33939694.86599/1 8 1251 1355 +edge_2_0_+disjointig_2_0_44285 33748 34986 44285 -1 -1 933 0.0299327
Chain
	Aln	3	+SRR33939694.86726/1 121 1292 1300 -edge_2_0_+disjointig_2_0_44285 1163 2335 44285 -1 -1 1029 0.0176529
Chain
	Aln	2	-SRR33939694.86726/1 7 1178 1300 +edge_2_0_+disjointig_2_0_44285 41949 43121 44285 -1 -1 1029 0.0176529
Chain
	Aln	3	+SRR33939694.86775/1 166 1227 1236 -edge_2_0_+disjointig_2_0_44285 26887 27993 44285 -1 -1 718 0.0417419
Chain
	Aln	2	-SRR33939694.86775/1 8 1069 1236 +edge_2_0_+disjointig_2_0_44285 16291 17397 44285 -1 -1 718 0.0417419
Chain
	Aln	3	+SRR33939694.86697/1 132 1613 1695 -edge_2_0_+disjointig_2_0_44285 42727 44224 44285 -1 -1 965 0.0444362
Chain
	Aln	2	-SRR33939694.86697/1 81 1562 1695 +edge_2_0_+disjointig_2_0_44285 60 1557 44285 -1 -1 965 0.0444362
Chain
	Aln	2	+SRR33939694.86510/1 126 4529 4531 +edge_2_0_+disjointig_2_0_44285 301 4714 44285 -1 -1 3807 0.0155099
Chain
	Aln	3	-SRR33939694.86510/1 1 4404 4531 -edge_2_0_+disjointig_2_0_44285 39570 43983 44285 -1 -1 3807 0.0155099
Chain
	Aln	3	+SRR33939694.86841/1 120 1235 1237 -edge_2_0_+disjointig_2_0_44285 5334 6464 44285 -1 -1 965 0.0155062
Chain
	Aln	2	-SRR33939694.86841/1 1 1116 1237 +edge_2_0_+disjointig_2_0_44285 37820 38950 44285 -1 -1 965 0.0155062
Chain
	Aln	3	+SRR33939694.86807/1 117 1630 1768 -edge_2_0_+disjointig_2_0_44285 24462 25994 44285 -1 -1 1281 0.0201347
Chain
	Aln	2	-SRR33939694.86807/1 137 1650 1768 +edge_2_0_+disjointig_2_0_44285 18290 19822 44285 -1 -1 1281 0.0201347
Chain
	Aln	3	+SRR33939694.86846/1 113 1951 1957 -edge_2_0_+disjointig_2_0_44285 25555 27395 44285 -1 -1 1590 0.0176659
Chain
	Aln	2	-SRR33939694.86846/1 5 1843 1957 +edge_2_0_+disjointig_2_0_44285 16889 18729 44285 -1 -1 1590 0.0176659
Chain
	Aln	3	+SRR33939694.86899/1 121 1142 1144 -edge_2_0_+disjointig_2_0_44285 26432 27462 44285 -1 -1 847 0.0243094
Chain
	Aln	2	-SRR33939694.86899/1 1 1022 1144 +edge_2_0_+disjointig_2_0_44285 16822 17852 44285 -1 -1 847 0.0243094
Chain
	Aln	3	+SRR33939694.86873/1 115 1261 1266 -edge_2_0_+disjointig_2_0_44285 14262 15409 44285 -1 -1 979 0.0214352
Chain
	Aln	2	-SRR33939694.86873/1 4 1150 1266 +edge_2_0_+disjointig_2_0_44285 28875 30022 44285 -1 -1 979 0.0214352
Chain
	Aln	2	+SRR33939694.86929/1 114 1400 1422 +edge_2_0_+disjointig_2_0_44285 30213 31507 44285 -1 -1 1129 0.0148374
Chain
	Aln	3	-SRR33939694.86929/1 21 1307 1422 -edge_2_0_+disjointig_2_0_44285 12777 14071 44285 -1 -1 1129 0.0148374
Chain
	Aln	3	+SRR33939694.86936/1 114 1672 1736 -edge_2_0_+disjointig_2_0_44285 40371 41924 44285 -1 -1 1231 0.0260811
Chain
	Aln	2	-SRR33939694.86936/1 63 1621 1736 +edge_2_0_+disjointig_2_0_44285 2360 3913 44285 -1 -1 1231 0.0260811
Chain
	Aln	2	+SRR33939694.86924/1 116 1704 1709 +edge_2_0_+disjointig_2_0_44285 31332 32933 44285 -1 -1 950 0.0488485
Chain
	Aln	3	-SRR33939694.86924/1 4 1592 1709 -edge_2_0_+disjointig_2_0_44285 11351 12952 44285 -1 -1 950 0.0488485
Chain
	Aln	3	+SRR33939694.87045/1 112 1157 1182 -edge_2_0_+disjointig_2_0_44285 32298 33352 44285 -1 -1 609 0.0536924
Chain
	Aln	2	-SRR33939694.87045/1 24 1069 1182 +edge_2_0_+disjointig_2_0_44285 10932 11986 44285 -1 -1 609 0.0536924
Chain
	Aln	1	+SRR33939694.86973/1 279 2261 2280 -edge_1_0_+disjointig_1_0_47382 6268 8264 47382 -1 -1 1568 0.0276575
Chain
	Aln	0	-SRR33939694.86973/1 18 2000 2280 +edge_1_0_+disjointig_1_0_47382 39117 41113 47382 -1 -1 1568 0.0276575
Chain
	Aln	3	+SRR33939694.87046/1 103 1887 1918 -edge_2_0_+disjointig_2_0_44285 31385 33203 44285 -1 -1 1454 0.0242734
Chain
	Aln	2	-SRR33939694.87046/1 30 1814 1918 +edge_2_0_+disjointig_2_0_44285 11081 12899 44285 -1 -1 1454 0.0242734
Chain
	Aln	2	+SRR33939694.87060/1 108 1583 1586 +edge_2_0_+disjointig_2_0_44285 28928 30402 44285 -1 -1 946 0.048851
Chain
	Aln	3	-SRR33939694.87060/1 2 1477 1586 -edge_2_0_+disjointig_2_0_44285 13882 15356 44285 -1 -1 946 0.048851
Chain
	Aln	2	+SRR33939694.87237/1 112 1162 1176 +edge_2_0_+disjointig_2_0_44285 14201 15254 44285 -1 -1 878 0.0260848
Chain
	Aln	3	-SRR33939694.87237/1 13 1063 1176 -edge_2_0_+disjointig_2_0_44285 29030 30083 44285 -1 -1 878 0.0260848
Chain
	Aln	2	+SRR33939694.87223/1 132 1869 1871 +edge_2_0_+disjointig_2_0_44285 9977 11709 44285 -1 -1 1223 0.0328027
Chain
	Aln	3	-SRR33939694.87223/1 1 1738 1871 -edge_2_0_+disjointig_2_0_44285 32575 34307 44285 -1 -1 1223 0.0328027
Chain
	Aln	3	+SRR33939694.87222/1 117 2238 2241 -edge_2_0_+disjointig_2_0_44285 23692 25800 44285 -1 -1 1408 0.0392708
Chain
	Aln	2	-SRR33939694.87222/1 2 2123 2241 +edge_2_0_+disjointig_2_0_44285 18484 20592 44285 -1 -1 1408 0.0392708
Chain
	Aln	2	+SRR33939694.87284/1 118 1299 1303 +edge_2_0_+disjointig_2_0_44285 3726 4916 44285 -1 -1 834 0.0357207
Chain
	Aln	3	-SRR33939694.87284/1 3 1184 1303 -edge_2_0_+disjointig_2_0_44285 39368 40558 44285 -1 -1 834 0.0357207
Chain
	Aln	2	+SRR33939694.87260/1 212 1768 1774 +edge_2_0_+disjointig_2_0_44285 31858 33428 44285 -1 -1 991 0.0445423
Chain
	Aln	3	-SRR33939694.87260/1 5 1561 1774 -edge_2_0_+disjointig_2_0_44285 10856 12426 44285 -1 -1 991 0.0445423
Chain
	Aln	2	+SRR33939694.87309/1 141 1401 1404 +edge_2_0_+disjointig_2_0_44285 26360 27632 44285 -1 -1 1034 0.0213629
Chain
	Aln	3	-SRR33939694.87309/1 2 1262 1404 -edge_2_0_+disjointig_2_0_44285 16652 17924 44285 -1 -1 1034 0.0213629
Chain
	Aln	3	+SRR33939694.87328/1 120 1323 1342 -edge_2_0_+disjointig_2_0_44285 21474 22664 44285 -1 -1 856 0.031117
Chain
	Aln	2	-SRR33939694.87328/1 18 1221 1342 +edge_2_0_+disjointig_2_0_44285 21620 22810 44285 -1 -1 856 0.031117
Chain
	Aln	2	+SRR33939694.87301/1 111 2611 2617 +edge_2_0_+disjointig_2_0_44285 16838 19360 44285 -1 -1 1966 0.0323121
Chain
	Aln	3	-SRR33939694.87301/1 5 2505 2617 -edge_2_0_+disjointig_2_0_44285 24924 27446 44285 -1 -1 1966 0.0323121
Chain
	Aln	2	+SRR33939694.87371/1 125 1663 1674 +edge_2_0_+disjointig_2_0_44285 42723 44272 44285 -1 -1 1232 0.0260645
Chain
	Aln	3	-SRR33939694.87371/1 10 1548 1674 -edge_2_0_+disjointig_2_0_44285 12 1561 44285 -1 -1 1232 0.0260645
Chain
	Aln	0	+SRR33939694.87285/1 1174 3456 3486 +edge_1_0_+disjointig_1_0_47382 20770 23119 47382 -1 -1 1422 0.0470869
Chain
	Aln	1	-SRR33939694.87285/1 29 2311 3486 -edge_1_0_+disjointig_1_0_47382 24262 26611 47382 -1 -1 1422 0.0470869
Chain
	Aln	3	+SRR33939694.87419/1 132 1140 1147 -edge_2_0_+disjointig_2_0_44285 20037 21063 44285 -1 -1 742 0.0397514
Chain
	Aln	2	-SRR33939694.87419/1 6 1014 1147 +edge_2_0_+disjointig_2_0_44285 23221 24247 44285 -1 -1 742 0.0397514
Chain
	Aln	3	+SRR33939694.87487/1 127 1596 1602 -edge_2_0_+disjointig_2_0_44285 28542 30025 44285 -1 -1 1078 0.0300267
Chain
	Aln	2	-SRR33939694.87487/1 5 1474 1602 +edge_2_0_+disjointig_2_0_44285 14259 15742 44285 -1 -1 1078 0.0300267
Chain
	Aln	2	+SRR33939694.87490/1 127 1495 1498 +edge_2_0_+disjointig_2_0_44285 10719 12093 44285 -1 -1 1161 0.0196661
Chain
	Aln	3	-SRR33939694.87490/1 2 1370 1498 -edge_2_0_+disjointig_2_0_44285 32191 33565 44285 -1 -1 1161 0.0196661
Chain
	Aln	2	+SRR33939694.87510/1 129 1162 1165 +edge_2_0_+disjointig_2_0_44285 1801 2833 44285 -1 -1 933 0.00767675
Chain
	Aln	3	-SRR33939694.87510/1 2 1035 1165 -edge_2_0_+disjointig_2_0_44285 41451 42483 44285 -1 -1 933 0.00767675
Chain
	Aln	2	+SRR33939694.87574/1 168 1317 1351 +edge_2_0_+disjointig_2_0_44285 38592 39776 44285 -1 -1 1025 0.0160597
Chain
	Aln	3	-SRR33939694.87574/1 33 1182 1351 -edge_2_0_+disjointig_2_0_44285 4508 5692 44285 -1 -1 1025 0.0160597
Chain
	Aln	2	+SRR33939694.87581/1 114 1398 1403 +edge_2_0_+disjointig_2_0_44285 21489 22798 44285 -1 -1 1028 0.0226853
Chain
	Aln	3	-SRR33939694.87581/1 4 1288 1403 -edge_2_0_+disjointig_2_0_44285 21486 22795 44285 -1 -1 1028 0.0226853
Chain
	Aln	2	+SRR33939694.87600/1 106 1372 1380 +edge_2_0_+disjointig_2_0_44285 34940 36207 44285 -1 -1 1216 0.00606452
Chain
	Aln	3	-SRR33939694.87600/1 7 1273 1380 -edge_2_0_+disjointig_2_0_44285 8077 9344 44285 -1 -1 1216 0.00606452
Chain
	Aln	3	+SRR33939694.87627/1 122 1360 1383 -edge_2_0_+disjointig_2_0_44285 7346 8587 44285 -1 -1 929 0.0285545
Chain
	Aln	2	-SRR33939694.87627/1 22 1260 1383 +edge_2_0_+disjointig_2_0_44285 35697 36938 44285 -1 -1 929 0.0285545
Chain
	Aln	3	+SRR33939694.87715/1 94 1197 1210 -edge_2_0_+disjointig_2_0_44285 2148 3255 44285 -1 -1 921 0.017353
Chain
	Aln	2	-SRR33939694.87715/1 12 1115 1210 +edge_2_0_+disjointig_2_0_44285 41029 42136 44285 -1 -1 921 0.017353
Chain
	Aln	3	+SRR33939694.87656/1 117 1646 1653 -edge_2_0_+disjointig_2_0_44285 3647 5201 44285 -1 -1 1196 0.0272372
Chain
	Aln	2	-SRR33939694.87656/1 6 1535 1653 +edge_2_0_+disjointig_2_0_44285 39083 40637 44285 -1 -1 1196 0.0272372
Chain
	Aln	2	+SRR33939694.87720/1 124 1232 1242 +edge_2_0_+disjointig_2_0_44285 2880 3987 44285 -1 -1 872 0.0249258
Chain
	Aln	3	-SRR33939694.87720/1 9 1117 1242 -edge_2_0_+disjointig_2_0_44285 40297 41404 44285 -1 -1 872 0.0249258
Chain
	Aln	3	+SRR33939694.87748/1 158 1198 1204 -edge_2_0_+disjointig_2_0_44285 32961 34000 44285 -1 -1 805 0.0298238
Chain
	Aln	2	-SRR33939694.87748/1 5 1045 1204 +edge_2_0_+disjointig_2_0_44285 10284 11323 44285 -1 -1 805 0.0298238
Chain
	Aln	2	+SRR33939694.87757/1 138 1204 1249 +edge_2_0_+disjointig_2_0_44285 14219 15265 44285 -1 -1 907 0.0244627
Chain
	Aln	3	-SRR33939694.87757/1 44 1110 1249 -edge_2_0_+disjointig_2_0_44285 29019 30065 44285 -1 -1 907 0.0244627
Chain
	Aln	3	+SRR33939694.87834/1 123 1368 1372 -edge_2_0_+disjointig_2_0_44285 15845 17102 44285 -1 -1 1052 0.0171204
Chain
	Aln	2	-SRR33939694.87834/1 3 1248 1372 +edge_2_0_+disjointig_2_0_44285 27182 28439 44285 -1 -1 1052 0.0171204
Chain
	Aln	3	+SRR33939694.87907/1 123 2054 2078 -edge_2_0_+disjointig_2_0_44285 28542 30473 44285 -1 -1 1576 0.0202687
Chain
	Aln	2	-SRR33939694.87907/1 23 1954 2078 +edge_2_0_+disjointig_2_0_44285 13811 15742 44285 -1 -1 1576 0.0202687
Chain
	Aln	3	+SRR33939694.87965/1 120 1211 1221 -edge_2_0_+disjointig_2_0_44285 26699 27795 44285 -1 -1 1008 0.0126027
Chain
	Aln	2	-SRR33939694.87965/1 9 1100 1221 +edge_2_0_+disjointig_2_0_44285 16489 17585 44285 -1 -1 1008 0.0126027
Chain
	Aln	3	+SRR33939694.88075/1 140 1449 1467 -edge_2_0_+disjointig_2_0_44285 7415 8727 44285 -1 -1 1062 0.0322519
Chain
	Aln	2	-SRR33939694.88075/1 17 1326 1467 +edge_2_0_+disjointig_2_0_44285 35557 36869 44285 -1 -1 1062 0.0322519
Chain
	Aln	2	+SRR33939694.87943/1 132 2178 2184 +edge_2_0_+disjointig_2_0_44285 17083 19147 44285 -1 -1 1530 0.0330972
Chain
	Aln	3	-SRR33939694.87943/1 5 2051 2184 -edge_2_0_+disjointig_2_0_44285 25137 27201 44285 -1 -1 1530 0.0330972
Chain
	Aln	3	+SRR33939694.88134/1 131 1317 1321 -edge_2_0_+disjointig_2_0_44285 1404 2622 44285 -1 -1 965 0.0191776
Chain
	Aln	2	-SRR33939694.88134/1 3 1189 1321 +edge_2_0_+disjointig_2_0_44285 41662 42880 44285 -1 -1 965 0.0191776
Chain
	Aln	2	+SRR33939694.88152/1 117 1175 1181 +edge_2_0_+disjointig_2_0_44285 17352 18425 44285 -1 -1 910 0.0175122
Chain
	Aln	3	-SRR33939694.88152/1 5 1063 1181 -edge_2_0_+disjointig_2_0_44285 25859 26932 44285 -1 -1 910 0.0175122
Chain
	Aln	3	+SRR33939694.88162/1 113 1530 1545 -edge_2_0_+disjointig_2_0_44285 15237 16689 44285 -1 -1 1074 0.038216
Chain
	Aln	2	-SRR33939694.88162/1 14 1431 1545 +edge_2_0_+disjointig_2_0_44285 27595 29047 44285 -1 -1 1074 0.038216
Chain
	Aln	3	+SRR33939694.88197/1 123 1182 1191 -edge_2_0_+disjointig_2_0_44285 17761 18829 44285 -1 -1 818 0.0298586
Chain
	Aln	2	-SRR33939694.88197/1 8 1067 1191 +edge_2_0_+disjointig_2_0_44285 25455 26523 44285 -1 -1 818 0.0298586
Chain
	Aln	3	+SRR33939694.88210/1 115 1370 1373 -edge_2_0_+disjointig_2_0_44285 21431 22680 44285 -1 -1 1104 0.0149982
Chain
	Aln	2	-SRR33939694.88210/1 2 1257 1373 +edge_2_0_+disjointig_2_0_44285 21604 22853 44285 -1 -1 1104 0.0149982
Chain
	Aln	2	+SRR33939694.88221/1 119 1874 1876 +edge_2_0_+disjointig_2_0_44285 3592 5372 44285 -1 -1 1326 0.0326382
Chain
	Aln	3	-SRR33939694.88221/1 1 1756 1876 -edge_2_0_+disjointig_2_0_44285 38912 40692 44285 -1 -1 1326 0.0326382
Chain
	Aln	3	+SRR33939694.88311/1 114 1395 1397 -edge_2_0_+disjointig_2_0_44285 2471 3773 44285 -1 -1 1004 0.0265062
Chain
	Aln	2	-SRR33939694.88311/1 1 1282 1397 +edge_2_0_+disjointig_2_0_44285 40511 41813 44285 -1 -1 1004 0.0265062
Chain
	Aln	3	+SRR33939694.88233/1 120 1606 1611 -edge_2_0_+disjointig_2_0_44285 8204 9695 44285 -1 -1 1209 0.0228526
Chain
	Aln	2	-SRR33939694.88233/1 4 1490 1611 +edge_2_0_+disjointig_2_0_44285 34589 36080 44285 -1 -1 1209 0.0228526
Chain
	Aln	3	+SRR33939694.88420/1 128 1723 1725 -edge_2_0_+disjointig_2_0_44285 28081 29689 44285 -1 -1 1376 0.0200845
Chain
	Aln	2	-SRR33939694.88420/1 1 1596 1725 +edge_2_0_+disjointig_2_0_44285 14595 16203 44285 -1 -1 1376 0.0200845
Chain
	Aln	3	+SRR33939694.88426/1 110 1146 1152 -edge_2_0_+disjointig_2_0_44285 17182 18235 44285 -1 -1 686 0.0370973
Chain
	Aln	2	-SRR33939694.88426/1 5 1041 1152 +edge_2_0_+disjointig_2_0_44285 26049 27102 44285 -1 -1 686 0.0370973
Chain
	Aln	2	+SRR33939694.88438/1 141 1362 1374 +edge_2_0_+disjointig_2_0_44285 24581 25822 44285 -1 -1 1051 0.0146716
Chain
	Aln	3	-SRR33939694.88438/1 11 1232 1374 -edge_2_0_+disjointig_2_0_44285 18462 19703 44285 -1 -1 1051 0.0146716
Chain
	Aln	3	+SRR33939694.88512/1 150 1220 1224 -edge_2_0_+disjointig_2_0_44285 37113 38194 44285 -1 -1 818 0.0281087
Chain
	Aln	2	-SRR33939694.88512/1 3 1073 1224 +edge_2_0_+disjointig_2_0_44285 6090 7171 44285 -1 -1 818 0.0281087
Chain
	Aln	2	+SRR33939694.88507/1 139 1176 1182 +edge_2_0_+disjointig_2_0_44285 9156 10201 44285 -1 -1 911 0.0210383
Chain
	Aln	3	-SRR33939694.88507/1 5 1042 1182 -edge_2_0_+disjointig_2_0_44285 34083 35128 44285 -1 -1 911 0.0210383
Chain
	Aln	2	+SRR33939694.88517/1 115 1245 1248 +edge_2_0_+disjointig_2_0_44285 20740 21872 44285 -1 -1 998 0.0167379
Chain
	Aln	3	-SRR33939694.88517/1 2 1132 1248 -edge_2_0_+disjointig_2_0_44285 22412 23544 44285 -1 -1 998 0.0167379
Chain
	Aln	2	+SRR33939694.88693/1 120 1124 1130 +edge_2_0_+disjointig_2_0_44285 30904 31932 44285 -1 -1 831 0.0241951
Chain
	Aln	3	-SRR33939694.88693/1 5 1009 1130 -edge_2_0_+disjointig_2_0_44285 12352 13380 44285 -1 -1 831 0.0241951
Chain
	Aln	3	+SRR33939694.88553/1 189 1894 1917 -edge_2_0_+disjointig_2_0_44285 454 2173 44285 -1 -1 980 0.0534967
Chain
	Aln	2	-SRR33939694.88553/1 22 1727 1917 +edge_2_0_+disjointig_2_0_44285 42111 43830 44285 -1 -1 980 0.0534967
Chain
	Aln	3	+SRR33939694.88799/1 118 1169 1172 -edge_2_0_+disjointig_2_0_44285 35920 36968 44285 -1 -1 840 0.0213751
Chain
	Aln	2	-SRR33939694.88799/1 2 1053 1172 +edge_2_0_+disjointig_2_0_44285 7316 8364 44285 -1 -1 840 0.0213751
Chain
	Aln	2	+SRR33939694.88663/1 113 1542 1549 +edge_2_0_+disjointig_2_0_44285 20598 22042 44285 -1 -1 1250 0.0181594
Chain
	Aln	3	-SRR33939694.88663/1 6 1435 1549 -edge_2_0_+disjointig_2_0_44285 22242 23686 44285 -1 -1 1250 0.0181594
Chain
	Aln	3	+SRR33939694.88816/1 114 1185 1191 -edge_2_0_+disjointig_2_0_44285 31090 32163 44285 -1 -1 925 0.0167064
Chain
	Aln	2	-SRR33939694.88816/1 5 1076 1191 +edge_2_0_+disjointig_2_0_44285 12121 13194 44285 -1 -1 925 0.0167064
Chain
	Aln	2	+SRR33939694.88817/1 132 1232 1252 +edge_2_0_+disjointig_2_0_44285 28095 29201 44285 -1 -1 930 0.0234975
Chain
	Aln	3	-SRR33939694.88817/1 19 1119 1252 -edge_2_0_+disjointig_2_0_44285 15083 16189 44285 -1 -1 930 0.0234975
Chain
	Aln	2	+SRR33939694.88856/1 127 1297 1307 +edge_2_0_+disjointig_2_0_44285 12431 13627 44285 -1 -1 877 0.0289774
Chain
	Aln	3	-SRR33939694.88856/1 9 1179 1307 -edge_2_0_+disjointig_2_0_44285 30657 31853 44285 -1 -1 877 0.0289774
Chain
	Aln	2	+SRR33939694.88885/1 119 1191 1207 +edge_2_0_+disjointig_2_0_44285 40585 41661 44285 -1 -1 810 0.0283202
Chain
	Aln	3	-SRR33939694.88885/1 15 1087 1207 -edge_2_0_+disjointig_2_0_44285 2623 3699 44285 -1 -1 810 0.0283202
Chain
	Aln	3	+SRR33939694.88301/1 121 5255 5264 -edge_2_0_+disjointig_2_0_44285 29006 34186 44285 -1 -1 3728 0.0288792
Chain
	Aln	2	-SRR33939694.88301/1 8 5142 5264 +edge_2_0_+disjointig_2_0_44285 10098 15278 44285 -1 -1 3728 0.0288792
Chain
	Aln	3	+SRR33939694.88926/1 164 1298 1314 -edge_2_0_+disjointig_2_0_44285 28738 29878 44285 -1 -1 670 0.0472007
Chain
	Aln	2	-SRR33939694.88926/1 15 1149 1314 +edge_2_0_+disjointig_2_0_44285 14406 15546 44285 -1 -1 670 0.0472007
Chain
	Aln	3	+SRR33939694.88917/1 120 1260 1268 -edge_2_0_+disjointig_2_0_44285 1650 2782 44285 -1 -1 1056 0.00642733
Chain
	Aln	2	-SRR33939694.88917/1 7 1147 1268 +edge_2_0_+disjointig_2_0_44285 41502 42634 44285 -1 -1 1056 0.00642733
Chain
	Aln	3	+SRR33939694.88928/1 123 1841 1847 -edge_2_0_+disjointig_2_0_44285 2445 4161 44285 -1 -1 1574 0.0106249
Chain
	Aln	2	-SRR33939694.88928/1 5 1723 1847 +edge_2_0_+disjointig_2_0_44285 40123 41839 44285 -1 -1 1574 0.0106249
Chain
	Aln	2	+SRR33939694.88949/1 171 1290 1327 +edge_2_0_+disjointig_2_0_44285 33512 34648 44285 -1 -1 735 0.0329889
Chain
	Aln	3	-SRR33939694.88949/1 36 1155 1327 -edge_2_0_+disjointig_2_0_44285 9636 10772 44285 -1 -1 735 0.0329889
Chain
	Aln	2	+SRR33939694.89005/1 116 1428 1430 +edge_2_0_+disjointig_2_0_44285 18803 20122 44285 -1 -1 982 0.0288485
Chain
	Aln	3	-SRR33939694.89005/1 1 1313 1430 -edge_2_0_+disjointig_2_0_44285 24162 25481 44285 -1 -1 982 0.0288485
Chain
	Aln	2	+SRR33939694.89028/1 129 1408 1424 +edge_2_0_+disjointig_2_0_44285 26990 28279 44285 -1 -1 962 0.0274951
Chain
	Aln	3	-SRR33939694.89028/1 15 1294 1424 -edge_2_0_+disjointig_2_0_44285 16005 17294 44285 -1 -1 962 0.0274951
Chain
	Aln	3	+SRR33939694.89023/1 137 1268 1273 -edge_2_0_+disjointig_2_0_44285 29893 31025 44285 -1 -1 1049 0.0127048
Chain
	Aln	2	-SRR33939694.89023/1 4 1135 1273 +edge_2_0_+disjointig_2_0_44285 13259 14391 44285 -1 -1 1049 0.0127048
Chain
	Aln	3	+SRR33939694.89142/1 111 1270 1285 -edge_2_0_+disjointig_2_0_44285 36212 37383 44285 -1 -1 1082 0.010923
Chain
	Aln	2	-SRR33939694.89142/1 14 1173 1285 +edge_2_0_+disjointig_2_0_44285 6901 8072 44285 -1 -1 1082 0.010923
Chain
	Aln	3	+SRR33939694.89145/1 185 1554 1570 -edge_2_0_+disjointig_2_0_44285 18205 19592 44285 -1 -1 1009 0.0294523
Chain
	Aln	2	-SRR33939694.89145/1 15 1384 1570 +edge_2_0_+disjointig_2_0_44285 24692 26079 44285 -1 -1 1009 0.0294523
Chain
	Aln	3	+SRR33939694.89055/1 127 1804 1819 -edge_2_0_+disjointig_2_0_44285 32489 34172 44285 -1 -1 1361 0.0244878
Chain
	Aln	2	-SRR33939694.89055/1 14 1691 1819 +edge_2_0_+disjointig_2_0_44285 10112 11795 44285 -1 -1 1361 0.0244878
Chain
	Aln	2	+SRR33939694.89153/1 109 1277 1284 +edge_2_0_+disjointig_2_0_44285 2759 3940 44285 -1 -1 664 0.0611536
Chain
	Aln	3	-SRR33939694.89153/1 6 1174 1284 -edge_2_0_+disjointig_2_0_44285 40344 41525 44285 -1 -1 664 0.0611536
Chain
	Aln	3	+SRR33939694.89155/1 116 1244 1301 -edge_2_0_+disjointig_2_0_44285 14961 16086 44285 -1 -1 808 0.0361705
Chain
	Aln	2	-SRR33939694.89155/1 56 1184 1301 +edge_2_0_+disjointig_2_0_44285 28198 29323 44285 -1 -1 808 0.0361705
Chain
	Aln	2	+SRR33939694.89334/1 125 1300 1323 +edge_2_0_+disjointig_2_0_44285 11153 12342 44285 -1 -1 979 0.0211656
Chain
	Aln	3	-SRR33939694.89334/1 22 1197 1323 -edge_2_0_+disjointig_2_0_44285 31942 33131 44285 -1 -1 979 0.0211656
Chain
	Aln	3	+SRR33939694.89336/1 112 1406 1435 -edge_2_0_+disjointig_2_0_44285 39412 40715 44285 -1 -1 929 0.0367333
Chain
	Aln	2	-SRR33939694.89336/1 28 1322 1435 +edge_2_0_+disjointig_2_0_44285 3569 4872 44285 -1 -1 929 0.0367333
Chain
	Aln	3	+SRR33939694.89444/1 167 1247 1249 -edge_2_0_+disjointig_2_0_44285 28543 29633 44285 -1 -1 921 0.0176311
Chain
	Aln	2	-SRR33939694.89444/1 1 1081 1249 +edge_2_0_+disjointig_2_0_44285 14651 15741 44285 -1 -1 921 0.0176311
Chain
	Aln	2	+SRR33939694.89509/1 145 1285 1325 +edge_2_0_+disjointig_2_0_44285 16948 18098 44285 -1 -1 793 0.0405756
Chain
	Aln	3	-SRR33939694.89509/1 39 1179 1325 -edge_2_0_+disjointig_2_0_44285 26186 27336 44285 -1 -1 793 0.0405756
Chain
	Aln	2	+SRR33939694.89661/1 117 1146 1155 +edge_2_0_+disjointig_2_0_44285 28808 29840 44285 -1 -1 934 0.0203019
Chain
	Aln	3	-SRR33939694.89661/1 8 1037 1155 -edge_2_0_+disjointig_2_0_44285 14444 15476 44285 -1 -1 934 0.0203019
Chain
	Aln	3	+SRR33939694.89630/1 118 1306 1316 -edge_2_0_+disjointig_2_0_44285 36941 38149 44285 -1 -1 834 0.0361074
Chain
	Aln	2	-SRR33939694.89630/1 9 1197 1316 +edge_2_0_+disjointig_2_0_44285 6135 7343 44285 -1 -1 834 0.0361074
Chain
	Aln	2	+SRR33939694.89564/1 107 2498 2505 +edge_2_0_+disjointig_2_0_44285 38293 40728 44285 -1 -1 1774 0.0263814
Chain
	Aln	3	-SRR33939694.89564/1 6 2397 2505 -edge_2_0_+disjointig_2_0_44285 3556 5991 44285 -1 -1 1774 0.0263814
Chain
	Aln	3	+SRR33939694.89616/1 122 1981 2018 -edge_2_0_+disjointig_2_0_44285 42415 44264 44285 -1 -1 1677 0.011765
Chain
	Aln	2	-SRR33939694.89616/1 36 1895 2018 +edge_2_0_+disjointig_2_0_44285 20 1869 44285 -1 -1 1677 0.011765
Chain
	Aln	3	+SRR33939694.89683/1 117 1313 1325 -edge_2_0_+disjointig_2_0_44285 2783 3994 44285 -1 -1 1047 0.0184721
Chain
	Aln	2	-SRR33939694.89683/1 11 1207 1325 +edge_2_0_+disjointig_2_0_44285 40290 41501 44285 -1 -1 1047 0.0184721
Chain
	Aln	3	+SRR33939694.89710/1 127 1152 1175 -edge_2_0_+disjointig_2_0_44285 6652 7683 44285 -1 -1 926 0.0155705
Chain
	Aln	2	-SRR33939694.89710/1 22 1047 1175 +edge_2_0_+disjointig_2_0_44285 36601 37632 44285 -1 -1 926 0.0155705
Chain
	Aln	2	+SRR33939694.89498/1 125 3391 3433 +edge_2_0_+disjointig_2_0_44285 14848 18134 44285 -1 -1 2841 0.0180517
Chain
	Aln	3	-SRR33939694.89498/1 41 3307 3433 -edge_2_0_+disjointig_2_0_44285 26150 29436 44285 -1 -1 2841 0.0180517
Chain
	Aln	3	+SRR33939694.89897/1 129 1893 1907 -edge_2_0_+disjointig_2_0_44285 29006 30772 44285 -1 -1 1530 0.0189213
Chain
	Aln	2	-SRR33939694.89897/1 13 1777 1907 +edge_2_0_+disjointig_2_0_44285 13512 15278 44285 -1 -1 1530 0.0189213
Chain
	Aln	2	+SRR33939694.89972/1 132 1412 1416 +edge_2_0_+disjointig_2_0_44285 26671 27956 44285 -1 -1 998 0.0314565
Chain
	Aln	3	-SRR33939694.89972/1 3 1283 1416 -edge_2_0_+disjointig_2_0_44285 16328 17613 44285 -1 -1 998 0.0314565
Chain
	Aln	1	+SRR33939694.89816/1 456 2900 2903 -edge_1_0_+disjointig_1_0_47382 1403 3844 47382 -1 -1 2038 0.0199246
Chain
	Aln	0	-SRR33939694.89816/1 2 2446 2903 +edge_1_0_+disjointig_1_0_47382 43537 45978 47382 -1 -1 2038 0.0199246
Chain
	Aln	2	+SRR33939694.89965/1 116 2037 2044 +edge_2_0_+disjointig_2_0_44285 23238 25162 44285 -1 -1 1798 0.0119057
Chain
	Aln	3	-SRR33939694.89965/1 6 1927 2044 -edge_2_0_+disjointig_2_0_44285 19122 21046 44285 -1 -1 1798 0.0119057
Chain
	Aln	2	+SRR33939694.90000/1 128 1141 1144 +edge_2_0_+disjointig_2_0_44285 6183 7198 44285 -1 -1 860 0.0206669
Chain
	Aln	3	-SRR33939694.90000/1 2 1015 1144 -edge_2_0_+disjointig_2_0_44285 37086 38101 44285 -1 -1 860 0.0206669
Chain
	Aln	3	+SRR33939694.90033/1 147 1748 1751 -edge_2_0_+disjointig_2_0_44285 27667 29265 44285 -1 -1 1149 0.0341683
Chain
	Aln	2	-SRR33939694.90033/1 2 1603 1751 +edge_2_0_+disjointig_2_0_44285 15019 16617 44285 -1 -1 1149 0.0341683
Chain
	Aln	2	+SRR33939694.89909/1 118 2528 2534 +edge_2_0_+disjointig_2_0_44285 29519 31932 44285 -1 -1 2241 0.00944695
Chain
	Aln	3	-SRR33939694.89909/1 5 2415 2534 -edge_2_0_+disjointig_2_0_44285 12352 14765 44285 -1 -1 2241 0.00944695
Chain
	Aln	2	+SRR33939694.89980/1 137 2101 2131 +edge_2_0_+disjointig_2_0_44285 7932 9920 44285 -1 -1 1632 0.0241455
Chain
	Aln	3	-SRR33939694.89980/1 29 1993 2131 -edge_2_0_+disjointig_2_0_44285 34364 36352 44285 -1 -1 1632 0.0241455
Chain
	Aln	3	+SRR33939694.90167/1 144 1173 1196 -edge_2_0_+disjointig_2_0_44285 29259 30291 44285 -1 -1 846 0.02538
Chain
	Aln	2	-SRR33939694.90167/1 22 1051 1196 +edge_2_0_+disjointig_2_0_44285 13993 15025 44285 -1 -1 846 0.02538
Chain
	Aln	3	+SRR33939694.90125/1 121 1580 1586 -edge_2_0_+disjointig_2_0_44285 33604 35062 44285 -1 -1 1167 0.0228693
Chain
	Aln	2	-SRR33939694.90125/1 5 1464 1586 +edge_2_0_+disjointig_2_0_44285 9222 10680 44285 -1 -1 1167 0.0228693
Chain
	Aln	2	+SRR33939694.90286/1 131 1254 1288 +edge_2_0_+disjointig_2_0_44285 25024 26143 44285 -1 -1 1014 0.00714646
Chain
	Aln	3	-SRR33939694.90286/1 33 1156 1288 -edge_2_0_+disjointig_2_0_44285 18141 19260 44285 -1 -1 1014 0.00714646
Chain
	Aln	3	+SRR33939694.90223/1 116 1233 1235 -edge_2_0_+disjointig_2_0_44285 24097 25221 44285 -1 -1 973 0.0148219
Chain
	Aln	2	-SRR33939694.90223/1 1 1118 1235 +edge_2_0_+disjointig_2_0_44285 19063 20187 44285 -1 -1 973 0.0148219
Chain
	Aln	0	+SRR33939694.90328/1 331 1499 1517 +edge_1_0_+disjointig_1_0_47382 37796 38945 47382 -1 -1 922 0.0229096
Chain
	Aln	1	-SRR33939694.90328/1 17 1185 1517 -edge_1_0_+disjointig_1_0_47382 8436 9585 47382 -1 -1 922 0.0229096
Chain
	Aln	3	+SRR33939694.90245/1 126 1944 1949 -edge_2_0_+disjointig_2_0_44285 15252 17082 44285 -1 -1 1582 0.0171086
Chain
	Aln	2	-SRR33939694.90245/1 4 1822 1949 +edge_2_0_+disjointig_2_0_44285 27202 29032 44285 -1 -1 1582 0.0171086
Chain
	Aln	2	+SRR33939694.90426/1 122 1150 1153 +edge_2_0_+disjointig_2_0_44285 25313 26343 44285 -1 -1 942 0.0135056
Chain
	Aln	3	-SRR33939694.90426/1 2 1030 1153 -edge_2_0_+disjointig_2_0_44285 17941 18971 44285 -1 -1 942 0.0135056
Chain
	Aln	2	+SRR33939694.90444/1 143 1597 1606 +edge_2_0_+disjointig_2_0_44285 25125 26601 44285 -1 -1 984 0.0358654
Chain
	Aln	3	-SRR33939694.90444/1 8 1462 1606 -edge_2_0_+disjointig_2_0_44285 17683 19159 44285 -1 -1 984 0.0358654
Chain
	Aln	2	+SRR33939694.90446/1 106 2269 2279 +edge_2_0_+disjointig_2_0_44285 29970 32133 44285 -1 -1 1884 0.0153968
Chain
	Aln	3	-SRR33939694.90446/1 9 2172 2279 -edge_2_0_+disjointig_2_0_44285 12151 14314 44285 -1 -1 1884 0.0153968
Chain
	Aln	2	+SRR33939694.90656/1 123 1135 1148 +edge_2_0_+disjointig_2_0_44285 13704 14716 44285 -1 -1 670 0.0490521
Chain
	Aln	3	-SRR33939694.90656/1 12 1024 1148 -edge_2_0_+disjointig_2_0_44285 29568 30580 44285 -1 -1 670 0.0490521
Chain
	Aln	3	+SRR33939694.90570/1 118 1923 1927 -edge_2_0_+disjointig_2_0_44285 19706 21533 44285 -1 -1 1423 0.0335421
Chain
	Aln	2	-SRR33939694.90570/1 3 1808 1927 +edge_2_0_+disjointig_2_0_44285 22751 24578 44285 -1 -1 1423 0.0335421
Chain
	Aln	3	+SRR33939694.90525/1 148 2741 2751 -edge_2_0_+disjointig_2_0_44285 2403 5005 44285 -1 -1 1991 0.0266561
Chain
	Aln	2	-SRR33939694.90525/1 9 2602 2751 +edge_2_0_+disjointig_2_0_44285 39279 41881 44285 -1 -1 1991 0.0266561
Chain
	Aln	2	+SRR33939694.90718/1 127 1522 1529 +edge_2_0_+disjointig_2_0_44285 25424 26829 44285 -1 -1 1285 0.00911463
Chain
	Aln	3	-SRR33939694.90718/1 6 1401 1529 -edge_2_0_+disjointig_2_0_44285 17455 18860 44285 -1 -1 1285 0.00911463
Chain
	Aln	3	+SRR33939694.90799/1 111 1224 1242 -edge_2_0_+disjointig_2_0_44285 345 1460 44285 -1 -1 980 0.0150936
Chain
	Aln	2	-SRR33939694.90799/1 17 1130 1242 +edge_2_0_+disjointig_2_0_44285 42824 43939 44285 -1 -1 980 0.0150936
Chain
	Aln	2	+SRR33939694.90759/1 123 1157 1166 +edge_2_0_+disjointig_2_0_44285 35693 36739 44285 -1 -1 896 0.0197824
Chain
	Aln	3	-SRR33939694.90759/1 8 1042 1166 -edge_2_0_+disjointig_2_0_44285 7545 8591 44285 -1 -1 896 0.0197824
Chain
	Aln	3	+SRR33939694.90958/1 115 1156 1167 -edge_2_0_+disjointig_2_0_44285 2350 3421 44285 -1 -1 802 0.0256644
Chain
	Aln	2	-SRR33939694.90958/1 10 1051 1167 +edge_2_0_+disjointig_2_0_44285 40863 41934 44285 -1 -1 802 0.0256644
Chain
	Aln	2	+SRR33939694.90867/1 129 2127 2130 +edge_2_0_+disjointig_2_0_44285 22605 24625 44285 -1 -1 1718 0.0236323
Chain
	Aln	3	-SRR33939694.90867/1 2 2000 2130 -edge_2_0_+disjointig_2_0_44285 19659 21679 44285 -1 -1 1718 0.0236323
Chain
	Aln	3	+SRR33939694.91031/1 116 1602 1605 -edge_2_0_+disjointig_2_0_44285 34919 36418 44285 -1 -1 1345 0.0121238
Chain
	Aln	2	-SRR33939694.91031/1 2 1488 1605 +edge_2_0_+disjointig_2_0_44285 7866 9365 44285 -1 -1 1345 0.0121238
Chain
	Aln	3	+SRR33939694.90877/1 133 2826 2832 -edge_2_0_+disjointig_2_0_44285 27808 30550 44285 -1 -1 1664 0.0428161
Chain
	Aln	2	-SRR33939694.90877/1 5 2698 2832 +edge_2_0_+disjointig_2_0_44285 13734 16476 44285 -1 -1 1664 0.0428161
Chain
	Aln	3	+SRR33939694.91011/1 148 1510 1515 -edge_2_0_+disjointig_2_0_44285 24529 25921 44285 -1 -1 833 0.0464584
Chain
	Aln	2	-SRR33939694.91011/1 4 1366 1515 +edge_2_0_+disjointig_2_0_44285 18363 19755 44285 -1 -1 833 0.0464584
Chain
	Aln	2	+SRR33939694.91105/1 111 1355 1359 +edge_2_0_+disjointig_2_0_44285 35739 36988 44285 -1 -1 1102 0.0174369
Chain
	Aln	3	-SRR33939694.91105/1 3 1247 1359 -edge_2_0_+disjointig_2_0_44285 7296 8545 44285 -1 -1 1102 0.0174369
Chain
	Aln	3	+SRR33939694.91126/1 110 1178 1181 -edge_2_0_+disjointig_2_0_44285 19449 20523 44285 -1 -1 876 0.0282107
Chain
	Aln	2	-SRR33939694.91126/1 2 1070 1181 +edge_2_0_+disjointig_2_0_44285 23761 24835 44285 -1 -1 876 0.0282107
Chain
	Aln	3	+SRR33939694.91096/1 153 1664 1681 -edge_2_0_+disjointig_2_0_44285 5002 6502 44285 -1 -1 1047 0.0329711
Chain
	Aln	2	-SRR33939694.91096/1 16 1527 1681 +edge_2_0_+disjointig_2_0_44285 37782 39282 44285 -1 -1 1047 0.0329711
Chain
	Aln	3	+SRR33939694.91190/1 126 1660 1676 -edge_2_0_+disjointig_2_0_44285 1983 3526 44285 -1 -1 1322 0.0151655
Chain
	Aln	2	-SRR33939694.91190/1 15 1549 1676 +edge_2_0_+disjointig_2_0_44285 40758 42301 44285 -1 -1 1322 0.0151655
Chain
	Aln	3	+SRR33939694.91108/1 118 2625 2639 -edge_2_0_+disjointig_2_0_44285 28587 31106 44285 -1 -1 2232 0.0140569
Chain
	Aln	2	-SRR33939694.91108/1 13 2520 2639 +edge_2_0_+disjointig_2_0_44285 13178 15697 44285 -1 -1 2232 0.0140569
Chain
	Aln	2	+SRR33939694.91209/1 134 1533 1539 +edge_2_0_+disjointig_2_0_44285 27792 29205 44285 -1 -1 1284 0.0133346
Chain
	Aln	3	-SRR33939694.91209/1 5 1404 1539 -edge_2_0_+disjointig_2_0_44285 15079 16492 44285 -1 -1 1284 0.0133346
Chain
	Aln	2	+SRR33939694.91167/1 112 2274 2283 +edge_2_0_+disjointig_2_0_44285 26444 28658 44285 -1 -1 1519 0.0383339
Chain
	Aln	3	-SRR33939694.91167/1 8 2170 2283 -edge_2_0_+disjointig_2_0_44285 15626 17840 44285 -1 -1 1519 0.0383339
Chain
	Aln	2	+SRR33939694.91271/1 138 1396 1398 +edge_2_0_+disjointig_2_0_44285 36697 37958 44285 -1 -1 900 0.0325345
Chain
	Aln	3	-SRR33939694.91271/1 1 1259 1398 -edge_2_0_+disjointig_2_0_44285 6326 7587 44285 -1 -1 900 0.0325345
Chain
	Aln	2	+SRR33939694.91301/1 109 1474 1544 +edge_2_0_+disjointig_2_0_44285 4839 6199 44285 -1 -1 905 0.0380943
Chain
	Aln	3	-SRR33939694.91301/1 69 1434 1544 -edge_2_0_+disjointig_2_0_44285 38085 39445 44285 -1 -1 905 0.0380943
Chain
	Aln	3	+SRR33939694.91331/1 119 1221 1247 -edge_2_0_+disjointig_2_0_44285 43068 44167 44285 -1 -1 837 0.0302128
Chain
	Aln	2	-SRR33939694.91331/1 25 1127 1247 +edge_2_0_+disjointig_2_0_44285 117 1216 44285 -1 -1 837 0.0302128
Chain
	Aln	2	+SRR33939694.91344/1 120 1247 1265 +edge_2_0_+disjointig_2_0_44285 35368 36513 44285 -1 -1 935 0.0233968
Chain
	Aln	3	-SRR33939694.91344/1 17 1144 1265 -edge_2_0_+disjointig_2_0_44285 7771 8916 44285 -1 -1 935 0.0233968
Chain
	Aln	3	+SRR33939694.91374/1 135 1289 1293 -edge_2_0_+disjointig_2_0_44285 18862 20015 44285 -1 -1 1101 0.0100628
Chain
	Aln	2	-SRR33939694.91374/1 3 1157 1293 +edge_2_0_+disjointig_2_0_44285 24269 25422 44285 -1 -1 1101 0.0100628
Chain
	Aln	2	+SRR33939694.91375/1 159 1328 1330 +edge_2_0_+disjointig_2_0_44285 26420 27584 44285 -1 -1 909 0.0276343
Chain
	Aln	3	-SRR33939694.91375/1 1 1170 1330 -edge_2_0_+disjointig_2_0_44285 16700 17864 44285 -1 -1 909 0.0276343
Chain
	Aln	3	+SRR33939694.91396/1 115 1246 1282 -edge_2_0_+disjointig_2_0_44285 43134 44264 44285 -1 -1 966 0.0230948
Chain
	Aln	2	-SRR33939694.91396/1 35 1166 1282 +edge_2_0_+disjointig_2_0_44285 20 1150 44285 -1 -1 966 0.0230948
Chain
	Aln	2	+SRR33939694.91353/1 114 1191 1232 +edge_2_0_+disjointig_2_0_44285 39970 41061 44285 -1 -1 868 0.0214014
Chain
	Aln	3	-SRR33939694.91353/1 40 1117 1232 -edge_2_0_+disjointig_2_0_44285 3223 4314 44285 -1 -1 868 0.0214014
Chain
	Aln	3	+SRR33939694.91417/1 117 1363 1369 -edge_2_0_+disjointig_2_0_44285 5536 6802 44285 -1 -1 699 0.0514998
Chain
	Aln	2	-SRR33939694.91417/1 5 1251 1369 +edge_2_0_+disjointig_2_0_44285 37482 38748 44285 -1 -1 699 0.0514998
Chain
	Aln	3	+SRR33939694.91479/1 123 1484 1489 -edge_2_0_+disjointig_2_0_44285 10544 11904 44285 -1 -1 1194 0.0174863
Chain
	Aln	2	-SRR33939694.91479/1 4 1365 1489 +edge_2_0_+disjointig_2_0_44285 32380 33740 44285 -1 -1 1194 0.0174863
Chain
	Aln	1	+SRR33939694.91525/1 218 1962 1973 -edge_1_0_+disjointig_1_0_47382 11685 13441 47382 -1 -1 1518 0.0185872
Chain
	Aln	0	-SRR33939694.91525/1 10 1754 1973 +edge_1_0_+disjointig_1_0_47382 33940 35696 47382 -1 -1 1518 0.0185872
Chain
	Aln	3	+SRR33939694.91531/1 119 1710 1718 -edge_2_0_+disjointig_2_0_44285 33694 35284 44285 -1 -1 1304 0.0197428
Chain
	Aln	2	-SRR33939694.91531/1 7 1598 1718 +edge_2_0_+disjointig_2_0_44285 9000 10590 44285 -1 -1 1304 0.0197428
Chain
	Aln	3	+SRR33939694.91421/1 129 2112 2122 -edge_2_0_+disjointig_2_0_44285 2170 4180 44285 -1 -1 1574 0.0245483
Chain
	Aln	2	-SRR33939694.91421/1 9 1992 2122 +edge_2_0_+disjointig_2_0_44285 40104 42114 44285 -1 -1 1574 0.0245483
Chain
	Aln	2	+SRR33939694.91719/1 123 1423 1430 +edge_2_0_+disjointig_2_0_44285 20811 22117 44285 -1 -1 1162 0.0119467
Chain
	Aln	3	-SRR33939694.91719/1 6 1306 1430 -edge_2_0_+disjointig_2_0_44285 22167 23473 44285 -1 -1 1162 0.0119467
Chain
	Aln	2	+SRR33939694.91774/1 157 1261 1264 +edge_2_0_+disjointig_2_0_44285 16081 17204 44285 -1 -1 874 0.0270691
Chain
	Aln	3	-SRR33939694.91774/1 2 1106 1264 -edge_2_0_+disjointig_2_0_44285 27080 28203 44285 -1 -1 874 0.0270691
Chain
	Aln	3	+SRR33939694.91686/1 133 1534 1536 -edge_2_0_+disjointig_2_0_44285 30198 31614 44285 -1 -1 1131 0.0255191
Chain
	Aln	2	-SRR33939694.91686/1 1 1402 1536 +edge_2_0_+disjointig_2_0_44285 12670 14086 44285 -1 -1 1131 0.0255191
Chain
	Aln	2	+SRR33939694.91797/1 144 1227 1242 +edge_2_0_+disjointig_2_0_44285 12951 13995 44285 -1 -1 792 0.0301784
Chain
	Aln	3	-SRR33939694.91797/1 14 1097 1242 -edge_2_0_+disjointig_2_0_44285 30289 31333 44285 -1 -1 792 0.0301784
Chain
	Aln	2	+SRR33939694.91724/1 113 1267 1344 +edge_2_0_+disjointig_2_0_44285 43026 44200 44285 -1 -1 837 0.0374713
Chain
	Aln	3	-SRR33939694.91724/1 76 1230 1344 -edge_2_0_+disjointig_2_0_44285 84 1258 44285 -1 -1 837 0.0374713
Chain
	Aln	3	+SRR33939694.91814/1 134 1577 1583 -edge_2_0_+disjointig_2_0_44285 22385 23842 44285 -1 -1 1104 0.029717
Chain
	Aln	2	-SRR33939694.91814/1 5 1448 1583 +edge_2_0_+disjointig_2_0_44285 20442 21899 44285 -1 -1 1104 0.029717
Chain
	Aln	3	+SRR33939694.91821/1 122 1467 1496 -edge_2_0_+disjointig_2_0_44285 37285 38632 44285 -1 -1 1062 0.0236469
Chain
	Aln	2	-SRR33939694.91821/1 28 1373 1496 +edge_2_0_+disjointig_2_0_44285 5652 6999 44285 -1 -1 1062 0.0236469
Chain
	Aln	3	+SRR33939694.91860/1 124 1403 1409 -edge_2_0_+disjointig_2_0_44285 11985 13270 44285 -1 -1 1008 0.0261239
Chain
	Aln	2	-SRR33939694.91860/1 5 1284 1409 +edge_2_0_+disjointig_2_0_44285 31014 32299 44285 -1 -1 1008 0.0261239
Chain
	Aln	2	+SRR33939694.91836/1 161 1239 1245 +edge_2_0_+disjointig_2_0_44285 7229 8309 44285 -1 -1 894 0.0166901
Chain
	Aln	3	-SRR33939694.91836/1 5 1083 1245 -edge_2_0_+disjointig_2_0_44285 35975 37055 44285 -1 -1 894 0.0166901
Chain
	Aln	3	+SRR33939694.91898/1 156 1310 1315 -edge_2_0_+disjointig_2_0_44285 35534 36711 44285 -1 -1 638 0.0516656
Chain
	Aln	2	-SRR33939694.91898/1 4 1158 1315 +edge_2_0_+disjointig_2_0_44285 7573 8750 44285 -1 -1 638 0.0516656
Chain
	Aln	2	+SRR33939694.91869/1 117 1289 1292 +edge_2_0_+disjointig_2_0_44285 33858 35030 44285 -1 -1 989 0.0195445
Chain
	Aln	3	-SRR33939694.91869/1 2 1174 1292 -edge_2_0_+disjointig_2_0_44285 9254 10426 44285 -1 -1 989 0.0195445
Chain
	Aln	3	+SRR33939694.91904/1 161 1440 1448 -edge_2_0_+disjointig_2_0_44285 17339 18615 44285 -1 -1 1042 0.0254578
Chain
	Aln	2	-SRR33939694.91904/1 7 1286 1448 +edge_2_0_+disjointig_2_0_44285 25669 26945 44285 -1 -1 1042 0.0254578
Chain
	Aln	2	+SRR33939694.91976/1 114 1434 1440 +edge_2_0_+disjointig_2_0_44285 25424 26753 44285 -1 -1 1057 0.0197128
Chain
	Aln	3	-SRR33939694.91976/1 5 1325 1440 -edge_2_0_+disjointig_2_0_44285 17531 18860 44285 -1 -1 1057 0.0197128
Chain
	Aln	3	+SRR33939694.91995/1 119 1119 1126 -edge_2_0_+disjointig_2_0_44285 27705 28692 44285 -1 -1 760 0.030155
Chain
	Aln	2	-SRR33939694.91995/1 6 1006 1126 +edge_2_0_+disjointig_2_0_44285 15592 16579 44285 -1 -1 760 0.030155
Chain
	Aln	3	+SRR33939694.92047/1 127 1218 1223 -edge_2_0_+disjointig_2_0_44285 26107 27201 44285 -1 -1 941 0.0224217
Chain
	Aln	2	-SRR33939694.92047/1 4 1095 1223 +edge_2_0_+disjointig_2_0_44285 17083 18177 44285 -1 -1 941 0.0224217
Chain
	Aln	3	+SRR33939694.92073/1 120 1313 1317 -edge_2_0_+disjointig_2_0_44285 40099 41298 44285 -1 -1 970 0.0224426
Chain
	Aln	2	-SRR33939694.92073/1 3 1196 1317 +edge_2_0_+disjointig_2_0_44285 2986 4185 44285 -1 -1 970 0.0224426
Chain
	Aln	2	+SRR33939694.92181/1 130 1198 1202 +edge_2_0_+disjointig_2_0_44285 2161 3233 44285 -1 -1 870 0.0199433
Chain
	Aln	3	-SRR33939694.92181/1 3 1071 1202 -edge_2_0_+disjointig_2_0_44285 41051 42123 44285 -1 -1 870 0.0199433
Chain
	Aln	2	+SRR33939694.92221/1 126 1176 1188 +edge_2_0_+disjointig_2_0_44285 28300 29365 44285 -1 -1 827 0.0366216
Chain
	Aln	3	-SRR33939694.92221/1 11 1061 1188 -edge_2_0_+disjointig_2_0_44285 14919 15984 44285 -1 -1 827 0.0366216
Chain
	Aln	3	+SRR33939694.92192/1 121 1966 1968 -edge_2_0_+disjointig_2_0_44285 13055 14920 44285 -1 -1 1539 0.0208808
Chain
	Aln	2	-SRR33939694.92192/1 1 1846 1968 +edge_2_0_+disjointig_2_0_44285 29364 31229 44285 -1 -1 1539 0.0208808
Chain
	Aln	2	+SRR33939694.92262/1 159 1242 1265 +edge_2_0_+disjointig_2_0_44285 29806 30890 44285 -1 -1 882 0.0223157
Chain
	Aln	3	-SRR33939694.92262/1 22 1105 1265 -edge_2_0_+disjointig_2_0_44285 13394 14478 44285 -1 -1 882 0.0223157
Chain
	Aln	2	+SRR33939694.92231/1 104 1215 1221 +edge_2_0_+disjointig_2_0_44285 38293 39401 44285 -1 -1 845 0.0287625
Chain
	Aln	3	-SRR33939694.92231/1 5 1116 1221 -edge_2_0_+disjointig_2_0_44285 4883 5991 44285 -1 -1 845 0.0287625
Chain
	Aln	3	+SRR33939694.92252/1 98 1442 1444 -edge_2_0_+disjointig_2_0_44285 7579 8916 44285 -1 -1 1085 0.0249682
Chain
	Aln	2	-SRR33939694.92252/1 1 1345 1444 +edge_2_0_+disjointig_2_0_44285 35368 36705 44285 -1 -1 1085 0.0249682
Chain
	Aln	2	+SRR33939694.92275/1 131 1410 1471 +edge_2_0_+disjointig_2_0_44285 19941 21228 44285 -1 -1 709 0.056264
Chain
	Aln	3	-SRR33939694.92275/1 60 1339 1471 -edge_2_0_+disjointig_2_0_44285 23056 24343 44285 -1 -1 709 0.056264
Chain
	Aln	2	+SRR33939694.92290/1 115 1397 1402 +edge_2_0_+disjointig_2_0_44285 40629 41920 44285 -1 -1 1134 0.0166618
Chain
	Aln	3	-SRR33939694.92290/1 4 1286 1402 -edge_2_0_+disjointig_2_0_44285 2364 3655 44285 -1 -1 1134 0.0166618
Chain
	Aln	3	+SRR33939694.92519/1 126 1397 1401 -edge_2_0_+disjointig_2_0_44285 33500 34767 44285 -1 -1 1124 0.0147547
Chain
	Aln	2	-SRR33939694.92519/1 3 1274 1401 +edge_2_0_+disjointig_2_0_44285 9517 10784 44285 -1 -1 1124 0.0147547
Chain
	Aln	1	+SRR33939694.92721/1 298 1814 1819 -edge_1_0_+disjointig_1_0_47382 34494 36021 47382 -1 -1 1290 0.0173276
Chain
	Aln	0	-SRR33939694.92721/1 4 1520 1819 +edge_1_0_+disjointig_1_0_47382 11360 12887 47382 -1 -1 1290 0.0173276
Chain
	Aln	2	+SRR33939694.92624/1 112 1838 1844 +edge_2_0_+disjointig_2_0_44285 9111 10845 44285 -1 -1 1408 0.0239592
Chain
	Aln	3	-SRR33939694.92624/1 5 1731 1844 -edge_2_0_+disjointig_2_0_44285 33439 35173 44285 -1 -1 1408 0.0239592
Chain
	Aln	3	+SRR33939694.92826/1 139 1608 1629 -edge_2_0_+disjointig_2_0_44285 26472 27950 44285 -1 -1 1320 0.0168474
Chain
	Aln	2	-SRR33939694.92826/1 20 1489 1629 +edge_2_0_+disjointig_2_0_44285 16334 17812 44285 -1 -1 1320 0.0168474
Chain
	Aln	3	+SRR33939694.92858/1 160 1179 1184 -edge_2_0_+disjointig_2_0_44285 12345 13371 44285 -1 -1 841 0.0236081
Chain
	Aln	2	-SRR33939694.92858/1 4 1023 1184 +edge_2_0_+disjointig_2_0_44285 30913 31939 44285 -1 -1 841 0.0236081
Chain
	Aln	2	+SRR33939694.92918/1 131 1149 1157 +edge_2_0_+disjointig_2_0_44285 23277 24294 44285 -1 -1 862 0.0212947
Chain
	Aln	3	-SRR33939694.92918/1 7 1025 1157 -edge_2_0_+disjointig_2_0_44285 19990 21007 44285 -1 -1 862 0.0212947
Chain
	Aln	1	+SRR33939694.92853/1 127 2313 2340 -edge_1_0_+disjointig_1_0_47382 15836 18043 47382 -1 -1 1610 0.0290799
Chain
	Aln	0	-SRR33939694.92853/1 26 2212 2340 +edge_1_0_+disjointig_1_0_47382 29338 31545 47382 -1 -1 1610 0.0290799
Chain
	Aln	3	+SRR33939694.92921/1 109 1244 1247 -edge_2_0_+disjointig_2_0_44285 31248 32394 44285 -1 -1 992 0.0193897
Chain
	Aln	2	-SRR33939694.92921/1 2 1137 1247 +edge_2_0_+disjointig_2_0_44285 11890 13036 44285 -1 -1 992 0.0193897
Chain
	Aln	0	+SRR33939694.92042/1 224 7161 7211 +edge_1_0_+disjointig_1_0_47382 30035 36977 47382 -1 -1 5625 0.0235219
Chain
	Aln	1	-SRR33939694.92042/1 49 6986 7211 -edge_1_0_+disjointig_1_0_47382 10404 17346 47382 -1 -1 5625 0.0235219
Chain
	Aln	2	+SRR33939694.93104/1 127 1145 1157 +edge_2_0_+disjointig_2_0_44285 7916 8952 44285 -1 -1 804 0.0251274
Chain
	Aln	3	-SRR33939694.93104/1 11 1029 1157 -edge_2_0_+disjointig_2_0_44285 35332 36368 44285 -1 -1 804 0.0251274
Chain
	Aln	3	+SRR33939694.93060/1 137 1157 1533 -edge_2_0_+disjointig_2_0_44285 17036 18061 44285 -1 -1 924 0.0181585
Chain
	Aln	2	-SRR33939694.93060/1 375 1395 1533 +edge_2_0_+disjointig_2_0_44285 26223 27248 44285 -1 -1 924 0.0181585
Chain
	Aln	2	+SRR33939694.93111/1 116 1128 1132 +edge_2_0_+disjointig_2_0_44285 39009 40022 44285 -1 -1 926 0.0133216
Chain
	Aln	3	-SRR33939694.93111/1 3 1015 1132 -edge_2_0_+disjointig_2_0_44285 4262 5275 44285 -1 -1 926 0.0133216
Chain
	Aln	2	+SRR33939694.93096/1 113 2083 2090 +edge_2_0_+disjointig_2_0_44285 13501 15492 44285 -1 -1 1592 0.0262284
Chain
	Aln	3	-SRR33939694.93096/1 6 1976 2090 -edge_2_0_+disjointig_2_0_44285 28792 30783 44285 -1 -1 1592 0.0262284
Chain
	Aln	3	+SRR33939694.93165/1 149 1238 1242 -edge_2_0_+disjointig_2_0_44285 6103 7182 44285 -1 -1 1002 0.0100735
Chain
	Aln	2	-SRR33939694.93165/1 3 1092 1242 +edge_2_0_+disjointig_2_0_44285 37102 38181 44285 -1 -1 1002 0.0100735
Chain
	Aln	3	+SRR33939694.93299/1 118 1740 1747 -edge_2_0_+disjointig_2_0_44285 20022 21655 44285 -1 -1 1318 0.0285245
Chain
	Aln	2	-SRR33939694.93299/1 6 1628 1747 +edge_2_0_+disjointig_2_0_44285 22629 24262 44285 -1 -1 1318 0.0285245
Chain
	Aln	2	+SRR33939694.93364/1 141 1171 1197 +edge_2_0_+disjointig_2_0_44285 16313 17355 44285 -1 -1 881 0.0204285
Chain
	Aln	3	-SRR33939694.93364/1 25 1055 1197 -edge_2_0_+disjointig_2_0_44285 26929 27971 44285 -1 -1 881 0.0204285
Chain
	Aln	3	+SRR33939694.93259/1 117 2427 2430 -edge_2_0_+disjointig_2_0_44285 18196 20523 44285 -1 -1 1810 0.025186
Chain
	Aln	2	-SRR33939694.93259/1 2 2312 2430 +edge_2_0_+disjointig_2_0_44285 23761 26088 44285 -1 -1 1810 0.025186
Chain
	Aln	2	+SRR33939694.93468/1 113 1134 1141 +edge_2_0_+disjointig_2_0_44285 13838 14864 44285 -1 -1 718 0.0373254
Chain
	Aln	3	-SRR33939694.93468/1 6 1027 1141 -edge_2_0_+disjointig_2_0_44285 29420 30446 44285 -1 -1 718 0.0373254
Chain
	Aln	3	+SRR33939694.93387/1 110 1677 1690 -edge_2_0_+disjointig_2_0_44285 33492 35062 44285 -1 -1 1388 0.016186
Chain
	Aln	2	-SRR33939694.93387/1 12 1579 1690 +edge_2_0_+disjointig_2_0_44285 9222 10792 44285 -1 -1 1388 0.016186
Chain
	Aln	2	+SRR33939694.93481/1 116 1519 1617 +edge_2_0_+disjointig_2_0_44285 28753 30158 44285 -1 -1 1197 0.0233251
Chain
	Aln	3	-SRR33939694.93481/1 97 1500 1617 -edge_2_0_+disjointig_2_0_44285 14126 15531 44285 -1 -1 1197 0.0233251
Chain
	Aln	3	+SRR33939694.93518/1 138 1435 1437 -edge_2_0_+disjointig_2_0_44285 2581 3884 44285 -1 -1 968 0.0289364
Chain
	Aln	2	-SRR33939694.93518/1 1 1298 1437 +edge_2_0_+disjointig_2_0_44285 40400 41703 44285 -1 -1 968 0.0289364
Chain
	Aln	2	+SRR33939694.93561/1 144 1402 1407 +edge_2_0_+disjointig_2_0_44285 25561 26829 44285 -1 -1 958 0.0253405
Chain
	Aln	3	-SRR33939694.93561/1 4 1262 1407 -edge_2_0_+disjointig_2_0_44285 17455 18723 44285 -1 -1 958 0.0253405
Chain
	Aln	2	+SRR33939694.93708/1 118 1210 1237 +edge_2_0_+disjointig_2_0_44285 41004 42104 44285 -1 -1 805 0.0277047
Chain
	Aln	3	-SRR33939694.93708/1 26 1118 1237 -edge_2_0_+disjointig_2_0_44285 2180 3280 44285 -1 -1 805 0.0277047
Chain
	Aln	2	+SRR33939694.93672/1 128 2011 2014 +edge_2_0_+disjointig_2_0_44285 17556 19463 44285 -1 -1 1681 0.0179022
Chain
	Aln	3	-SRR33939694.93672/1 2 1885 2014 -edge_2_0_+disjointig_2_0_44285 24821 26728 44285 -1 -1 1681 0.0179022
Chain
	Aln	3	+SRR33939694.93733/1 121 2466 2542 -edge_2_0_+disjointig_2_0_44285 38694 41056 44285 -1 -1 1499 0.0429866
Chain
	Aln	2	-SRR33939694.93733/1 75 2420 2542 +edge_2_0_+disjointig_2_0_44285 3228 5590 44285 -1 -1 1499 0.0429866
Chain
	Aln	3	+SRR33939694.93813/1 118 1192 1201 -edge_2_0_+disjointig_2_0_44285 30099 31195 44285 -1 -1 822 0.0388777
Chain
	Aln	2	-SRR33939694.93813/1 8 1082 1201 +edge_2_0_+disjointig_2_0_44285 13089 14185 44285 -1 -1 822 0.0388777
Chain
	Aln	2	+SRR33939694.93744/1 113 1474 1500 +edge_2_0_+disjointig_2_0_44285 37309 38669 44285 -1 -1 1193 0.0162212
Chain
	Aln	3	-SRR33939694.93744/1 25 1386 1500 -edge_2_0_+disjointig_2_0_44285 5615 6975 44285 -1 -1 1193 0.0162212
Chain
	Aln	2	+SRR33939694.93838/1 143 1459 1464 +edge_2_0_+disjointig_2_0_44285 18159 19479 44285 -1 -1 1214 0.00904346
Chain
	Aln	3	-SRR33939694.93838/1 4 1320 1464 -edge_2_0_+disjointig_2_0_44285 24805 26125 44285 -1 -1 1214 0.00904346
Chain
	Aln	2	+SRR33939694.93850/1 122 1234 1241 +edge_2_0_+disjointig_2_0_44285 41 1150 44285 -1 -1 954 0.0138217
Chain
	Aln	3	-SRR33939694.93850/1 6 1118 1241 -edge_2_0_+disjointig_2_0_44285 43134 44243 44285 -1 -1 954 0.0138217
Chain
	Aln	3	+SRR33939694.93893/1 112 1436 1463 -edge_2_0_+disjointig_2_0_44285 28962 30305 44285 -1 -1 1037 0.0327792
Chain
	Aln	2	-SRR33939694.93893/1 26 1350 1463 +edge_2_0_+disjointig_2_0_44285 13979 15322 44285 -1 -1 1037 0.0327792
Chain
	Aln	2	+SRR33939694.93864/1 190 1520 1533 +edge_2_0_+disjointig_2_0_44285 26495 27830 44285 -1 -1 1106 0.021703
Chain
	Aln	3	-SRR33939694.93864/1 12 1342 1533 -edge_2_0_+disjointig_2_0_44285 16454 17789 44285 -1 -1 1106 0.021703
Chain
	Aln	2	+SRR33939694.93894/1 139 1190 1199 +edge_2_0_+disjointig_2_0_44285 16875 17929 44285 -1 -1 861 0.0247232
Chain
	Aln	3	-SRR33939694.93894/1 8 1059 1199 -edge_2_0_+disjointig_2_0_44285 26355 27409 44285 -1 -1 861 0.0247232
Chain
	Aln	2	+SRR33939694.93905/1 123 1451 1465 +edge_2_0_+disjointig_2_0_44285 2121 3455 44285 -1 -1 1188 0.0150425
Chain
	Aln	3	-SRR33939694.93905/1 13 1341 1465 -edge_2_0_+disjointig_2_0_44285 40829 42163 44285 -1 -1 1188 0.0150425
Chain
	Aln	2	+SRR33939694.94037/1 117 1222 1226 +edge_2_0_+disjointig_2_0_44285 1640 2762 44285 -1 -1 947 0.0136176
Chain
	Aln	3	-SRR33939694.94037/1 3 1108 1226 -edge_2_0_+disjointig_2_0_44285 41522 42644 44285 -1 -1 947 0.0136176
Chain
	Aln	3	+SRR33939694.94226/1 121 1255 1288 -edge_2_0_+disjointig_2_0_44285 32771 33913 44285 -1 -1 876 0.0258191
Chain
	Aln	2	-SRR33939694.94226/1 32 1166 1288 +edge_2_0_+disjointig_2_0_44285 10371 11513 44285 -1 -1 876 0.0258191
Chain
	Aln	2	+SRR33939694.94186/1 116 2432 2440 +edge_2_0_+disjointig_2_0_44285 2036 4380 44285 -1 -1 1769 0.0269071
Chain
	Aln	3	-SRR33939694.94186/1 7 2323 2440 -edge_2_0_+disjointig_2_0_44285 39904 42248 44285 -1 -1 1769 0.0269071
Chain
	Aln	3	+SRR33939694.94038/1 138 2522 2533 -edge_2_0_+disjointig_2_0_44285 4068 6469 44285 -1 -1 1585 0.0377523
Chain
	Aln	2	-SRR33939694.94038/1 10 2394 2533 +edge_2_0_+disjointig_2_0_44285 37815 40216 44285 -1 -1 1585 0.0377523
Chain
	Aln	3	+SRR33939694.94354/1 121 1431 1451 -edge_2_0_+disjointig_2_0_44285 36280 37596 44285 -1 -1 1218 0.00829658
Chain
	Aln	2	-SRR33939694.94354/1 19 1329 1451 +edge_2_0_+disjointig_2_0_44285 6688 8004 44285 -1 -1 1218 0.00829658
Chain
	Aln	2	+SRR33939694.94491/1 119 1596 1613 +edge_2_0_+disjointig_2_0_44285 24223 25717 44285 -1 -1 1325 0.015196
Chain
	Aln	3	-SRR33939694.94491/1 16 1493 1613 -edge_2_0_+disjointig_2_0_44285 18567 20061 44285 -1 -1 1325 0.015196
Chain
	Aln	3	+SRR33939694.93114/1 111 11167 11173 -edge_2_0_+disjointig_2_0_44285 2905 14036 44285 -1 -1 9690 0.0153692
Chain
	Aln	2	-SRR33939694.93114/1 5 11061 11173 +edge_2_0_+disjointig_2_0_44285 30248 41379 44285 -1 -1 9690 0.0153692
Chain
	Aln	3	+SRR33939694.94581/1 146 1154 1156 -edge_2_0_+disjointig_2_0_44285 19318 20323 44285 -1 -1 740 0.032823
Chain
	Aln	2	-SRR33939694.94581/1 1 1009 1156 +edge_2_0_+disjointig_2_0_44285 23961 24966 44285 -1 -1 740 0.032823
Chain
	Aln	2	+SRR33939694.94633/1 127 1459 1497 +edge_2_0_+disjointig_2_0_44285 18161 19488 44285 -1 -1 976 0.0348721
Chain
	Aln	3	-SRR33939694.94633/1 37 1369 1497 -edge_2_0_+disjointig_2_0_44285 24796 26123 44285 -1 -1 976 0.0348721
Chain
	Aln	3	+SRR33939694.94662/1 142 1612 1631 -edge_2_0_+disjointig_2_0_44285 36447 37924 44285 -1 -1 1200 0.0204101
Chain
	Aln	2	-SRR33939694.94662/1 18 1488 1631 +edge_2_0_+disjointig_2_0_44285 6360 7837 44285 -1 -1 1200 0.0204101
Chain
	Aln	3	+SRR33939694.94682/1 156 1170 1173 -edge_2_0_+disjointig_2_0_44285 19226 20247 44285 -1 -1 878 0.0237932
Chain
	Aln	2	-SRR33939694.94682/1 2 1016 1173 +edge_2_0_+disjointig_2_0_44285 24037 25058 44285 -1 -1 878 0.0237932
Chain
	Aln	3	+SRR33939694.94738/1 120 1186 1211 -edge_2_0_+disjointig_2_0_44285 23121 24191 44285 -1 -1 748 0.0357766
Chain
	Aln	2	-SRR33939694.94738/1 24 1090 1211 +edge_2_0_+disjointig_2_0_44285 20093 21163 44285 -1 -1 748 0.0357766
Chain
	Aln	2	+SRR33939694.94740/1 114 1430 1437 +edge_2_0_+disjointig_2_0_44285 27150 28472 44285 -1 -1 1180 0.0120597
Chain
	Aln	3	-SRR33939694.94740/1 6 1322 1437 -edge_2_0_+disjointig_2_0_44285 15812 17134 44285 -1 -1 1180 0.0120597
Chain
	Aln	1	+SRR33939694.94403/1 313 2963 2972 -edge_1_0_+disjointig_1_0_47382 25692 28407 47382 -1 -1 2046 0.0239245
Chain
	Aln	0	-SRR33939694.94403/1 8 2658 2972 +edge_1_0_+disjointig_1_0_47382 18974 21689 47382 -1 -1 2046 0.0239245
Chain
	Aln	3	+SRR33939694.94795/1 134 1193 1198 -edge_2_0_+disjointig_2_0_44285 27344 28410 44285 -1 -1 756 0.035004
Chain
	Aln	2	-SRR33939694.94795/1 4 1063 1198 +edge_2_0_+disjointig_2_0_44285 15874 16940 44285 -1 -1 756 0.035004
Chain
	Aln	2	+SRR33939694.94826/1 132 1153 1158 +edge_2_0_+disjointig_2_0_44285 17491 18521 44285 -1 -1 886 0.0201878
Chain
	Aln	3	-SRR33939694.94826/1 4 1025 1158 -edge_2_0_+disjointig_2_0_44285 25763 26793 44285 -1 -1 886 0.0201878
Chain
	Aln	2	+SRR33939694.94781/1 134 1839 1880 +edge_2_0_+disjointig_2_0_44285 8279 9993 44285 -1 -1 1101 0.0430693
Chain
	Aln	3	-SRR33939694.94781/1 40 1745 1880 -edge_2_0_+disjointig_2_0_44285 34291 36005 44285 -1 -1 1101 0.0430693
Chain
	Aln	3	+SRR33939694.94789/1 131 1250 1258 -edge_2_0_+disjointig_2_0_44285 35401 36524 44285 -1 -1 986 0.0170323
Chain
	Aln	2	-SRR33939694.94789/1 7 1126 1258 +edge_2_0_+disjointig_2_0_44285 7760 8883 44285 -1 -1 986 0.0170323
Chain
	Aln	3	+SRR33939694.94887/1 122 1265 1304 -edge_2_0_+disjointig_2_0_44285 17474 18621 44285 -1 -1 1026 0.0171339
Chain
	Aln	2	-SRR33939694.94887/1 38 1181 1304 +edge_2_0_+disjointig_2_0_44285 25663 26810 44285 -1 -1 1026 0.0171339
Chain
	Aln	3	+SRR33939694.94854/1 118 1405 1422 -edge_2_0_+disjointig_2_0_44285 6390 7691 44285 -1 -1 1045 0.0216029
Chain
	Aln	2	-SRR33939694.94854/1 16 1303 1422 +edge_2_0_+disjointig_2_0_44285 36593 37894 44285 -1 -1 1045 0.0216029
Chain
	Aln	2	+SRR33939694.95012/1 127 1235 1246 +edge_2_0_+disjointig_2_0_44285 26768 27877 44285 -1 -1 1007 0.0118527
Chain
	Aln	3	-SRR33939694.95012/1 10 1118 1246 -edge_2_0_+disjointig_2_0_44285 16407 17516 44285 -1 -1 1007 0.0118527
Chain
	Aln	2	+SRR33939694.94947/1 122 1739 1772 +edge_2_0_+disjointig_2_0_44285 38258 39889 44285 -1 -1 1081 0.0378424
Chain
	Aln	3	-SRR33939694.94947/1 32 1649 1772 -edge_2_0_+disjointig_2_0_44285 4395 6026 44285 -1 -1 1081 0.0378424
Chain
	Aln	2	+SRR33939694.95036/1 113 1137 1141 +edge_2_0_+disjointig_2_0_44285 6017 7052 44285 -1 -1 828 0.0218147
Chain
	Aln	3	-SRR33939694.95036/1 3 1027 1141 -edge_2_0_+disjointig_2_0_44285 37232 38267 44285 -1 -1 828 0.0218147
Chain
	Aln	3	+SRR33939694.95064/1 159 1231 1237 -edge_2_0_+disjointig_2_0_44285 14781 15861 44285 -1 -1 822 0.0285385
Chain
	Aln	2	-SRR33939694.95064/1 5 1077 1237 +edge_2_0_+disjointig_2_0_44285 28423 29503 44285 -1 -1 822 0.0285385
Chain
	Aln	2	+SRR33939694.95102/1 118 1197 1214 +edge_2_0_+disjointig_2_0_44285 26136 27226 44285 -1 -1 864 0.0239623
Chain
	Aln	3	-SRR33939694.95102/1 16 1095 1214 -edge_2_0_+disjointig_2_0_44285 17058 18148 44285 -1 -1 864 0.0239623
Chain
	Aln	2	+SRR33939694.95224/1 133 1444 1451 +edge_2_0_+disjointig_2_0_44285 26469 27790 44285 -1 -1 1039 0.0269701
Chain
	Aln	3	-SRR33939694.95224/1 6 1317 1451 -edge_2_0_+disjointig_2_0_44285 16494 17815 44285 -1 -1 1039 0.0269701
Chain
	Aln	3	+SRR33939694.95338/1 107 1192 1198 -edge_2_0_+disjointig_2_0_44285 30503 31591 44285 -1 -1 1058 0.00463753
Chain
	Aln	2	-SRR33939694.95338/1 5 1090 1198 +edge_2_0_+disjointig_2_0_44285 12693 13781 44285 -1 -1 1058 0.00463753
Chain
	Aln	2	+SRR33939694.95225/1 113 1868 1905 +edge_2_0_+disjointig_2_0_44285 11247 13026 44285 -1 -1 1343 0.0289275
Chain
	Aln	3	-SRR33939694.95225/1 36 1791 1905 -edge_2_0_+disjointig_2_0_44285 31258 33037 44285 -1 -1 1343 0.0289275
Chain
	Aln	2	+SRR33939694.95502/1 119 1163 1165 +edge_2_0_+disjointig_2_0_44285 35858 36878 44285 -1 -1 686 0.0365923
Chain
	Aln	3	-SRR33939694.95502/1 1 1045 1165 -edge_2_0_+disjointig_2_0_44285 7406 8426 44285 -1 -1 686 0.0365923
Chain
	Aln	3	+SRR33939694.95496/1 140 1333 1338 -edge_2_0_+disjointig_2_0_44285 5002 6218 44285 -1 -1 819 0.0331334
Chain
	Aln	2	-SRR33939694.95496/1 4 1197 1338 +edge_2_0_+disjointig_2_0_44285 38066 39282 44285 -1 -1 819 0.0331334
Chain
	Aln	3	+SRR33939694.95402/1 120 1423 1428 -edge_2_0_+disjointig_2_0_44285 40575 41875 44285 -1 -1 973 0.0310006
Chain
	Aln	2	-SRR33939694.95402/1 4 1307 1428 +edge_2_0_+disjointig_2_0_44285 2409 3709 44285 -1 -1 973 0.0310006
Chain
	Aln	3	+SRR33939694.95531/1 115 1866 1879 -edge_2_0_+disjointig_2_0_44285 15227 16979 44285 -1 -1 1259 0.0405628
Chain
	Aln	2	-SRR33939694.95531/1 12 1763 1879 +edge_2_0_+disjointig_2_0_44285 27305 29057 44285 -1 -1 1259 0.0405628
Chain
	Aln	2	+SRR33939694.95561/1 113 1192 1196 +edge_2_0_+disjointig_2_0_44285 41262 42329 44285 -1 -1 903 0.0186572
Chain
	Aln	3	-SRR33939694.95561/1 3 1082 1196 -edge_2_0_+disjointig_2_0_44285 1955 3022 44285 -1 -1 903 0.0186572
Chain
	Aln	2	+SRR33939694.95540/1 126 2208 2218 +edge_2_0_+disjointig_2_0_44285 8979 11073 44285 -1 -1 1845 0.0152635
Chain
	Aln	3	-SRR33939694.95540/1 9 2091 2218 -edge_2_0_+disjointig_2_0_44285 33211 35305 44285 -1 -1 1845 0.0152635
Chain
	Aln	3	+SRR33939694.95612/1 115 1454 1479 -edge_2_0_+disjointig_2_0_44285 30347 31689 44285 -1 -1 1146 0.0176263
Chain
	Aln	2	-SRR33939694.95612/1 24 1363 1479 +edge_2_0_+disjointig_2_0_44285 12595 13937 44285 -1 -1 1146 0.0176263
Chain
	Aln	3	+SRR33939694.95649/1 112 1278 1286 -edge_2_0_+disjointig_2_0_44285 33040 34202 44285 -1 -1 1070 0.0130449
Chain
	Aln	2	-SRR33939694.95649/1 7 1173 1286 +edge_2_0_+disjointig_2_0_44285 10082 11244 44285 -1 -1 1070 0.0130449
Chain
	Aln	2	+SRR33939694.95584/1 122 1961 1967 +edge_2_0_+disjointig_2_0_44285 3169 5035 44285 -1 -1 1381 0.0302691
Chain
	Aln	3	-SRR33939694.95584/1 5 1844 1967 -edge_2_0_+disjointig_2_0_44285 39249 41115 44285 -1 -1 1381 0.0302691
Chain
	Aln	2	+SRR33939694.95717/1 110 1285 1293 +edge_2_0_+disjointig_2_0_44285 36984 38167 44285 -1 -1 1014 0.0182025
Chain
	Aln	3	-SRR33939694.95717/1 7 1182 1293 -edge_2_0_+disjointig_2_0_44285 6117 7300 44285 -1 -1 1014 0.0182025
Chain
	Aln	2	+SRR33939694.95660/1 142 1207 1212 +edge_2_0_+disjointig_2_0_44285 14358 15432 44285 -1 -1 987 0.0128898
Chain
	Aln	3	-SRR33939694.95660/1 4 1069 1212 -edge_2_0_+disjointig_2_0_44285 28852 29926 44285 -1 -1 987 0.0128898
Chain
	Aln	3	+SRR33939694.95812/1 123 1517 1527 -edge_2_0_+disjointig_2_0_44285 37713 39125 44285 -1 -1 1261 0.0141602
Chain
	Aln	2	-SRR33939694.95812/1 9 1403 1527 +edge_2_0_+disjointig_2_0_44285 5159 6571 44285 -1 -1 1261 0.0141602
Chain
	Aln	3	+SRR33939694.95809/1 136 1584 1595 -edge_2_0_+disjointig_2_0_44285 23765 25230 44285 -1 -1 1166 0.0218178
Chain
	Aln	2	-SRR33939694.95809/1 10 1458 1595 +edge_2_0_+disjointig_2_0_44285 19054 20519 44285 -1 -1 1166 0.0218178
Chain
	Aln	2	+SRR33939694.95923/1 114 1301 1303 +edge_2_0_+disjointig_2_0_44285 40441 41627 44285 -1 -1 1075 0.0120546
Chain
	Aln	3	-SRR33939694.95923/1 1 1188 1303 -edge_2_0_+disjointig_2_0_44285 2657 3843 44285 -1 -1 1075 0.0120546
Chain
	Aln	2	+SRR33939694.95919/1 174 1757 1774 +edge_2_0_+disjointig_2_0_44285 11000 12581 44285 -1 -1 1195 0.0286562
Chain
	Aln	3	-SRR33939694.95919/1 16 1599 1774 -edge_2_0_+disjointig_2_0_44285 31703 33284 44285 -1 -1 1195 0.0286562
Chain
	Aln	2	+SRR33939694.95987/1 137 1244 1251 +edge_2_0_+disjointig_2_0_44285 20871 21978 44285 -1 -1 1000 0.0165739
Chain
	Aln	3	-SRR33939694.95987/1 6 1113 1251 -edge_2_0_+disjointig_2_0_44285 22306 23413 44285 -1 -1 1000 0.0165739
Chain
	Aln	3	+SRR33939694.96064/1 122 1128 1150 -edge_2_0_+disjointig_2_0_44285 33558 34573 44285 -1 -1 883 0.0134376
Chain
	Aln	2	-SRR33939694.96064/1 21 1027 1150 +edge_2_0_+disjointig_2_0_44285 9711 10726 44285 -1 -1 883 0.0134376
Chain
	Aln	3	+SRR33939694.95541/1 118 6594 6631 -edge_2_0_+disjointig_2_0_44285 37743 44264 44285 -1 -1 5424 0.0204702
Chain
	Aln	2	-SRR33939694.95541/1 36 6512 6631 +edge_2_0_+disjointig_2_0_44285 20 6541 44285 -1 -1 5424 0.0204702
Chain
	Aln	2	+SRR33939694.96113/1 115 1154 1204 +edge_2_0_+disjointig_2_0_44285 10905 11942 44285 -1 -1 845 0.02388
Chain
	Aln	3	-SRR33939694.96113/1 49 1088 1204 -edge_2_0_+disjointig_2_0_44285 32342 33379 44285 -1 -1 845 0.02388
Chain
	Aln	2	+SRR33939694.96103/1 149 1301 1356 +edge_2_0_+disjointig_2_0_44285 41640 42793 44285 -1 -1 918 0.0193571
Chain
	Aln	3	-SRR33939694.96103/1 54 1206 1356 -edge_2_0_+disjointig_2_0_44285 1491 2644 44285 -1 -1 918 0.0193571
Chain
	Aln	2	+SRR33939694.96170/1 126 1365 1381 +edge_2_0_+disjointig_2_0_44285 15724 16960 44285 -1 -1 1002 0.0228147
Chain
	Aln	3	-SRR33939694.96170/1 15 1254 1381 -edge_2_0_+disjointig_2_0_44285 27324 28560 44285 -1 -1 1002 0.0228147
Chain
	Aln	2	+SRR33939694.96193/1 117 1284 1286 +edge_2_0_+disjointig_2_0_44285 5529 6702 44285 -1 -1 1030 0.0140932
Chain
	Aln	3	-SRR33939694.96193/1 1 1168 1286 -edge_2_0_+disjointig_2_0_44285 37582 38755 44285 -1 -1 1030 0.0140932
Chain
	Aln	3	+SRR33939694.96273/1 119 1274 1283 -edge_2_0_+disjointig_2_0_44285 13194 14350 44285 -1 -1 1026 0.0139389
Chain
	Aln	2	-SRR33939694.96273/1 8 1163 1283 +edge_2_0_+disjointig_2_0_44285 29934 31090 44285 -1 -1 1026 0.0139389
Chain
	Aln	2	+SRR33939694.96306/1 108 1111 1116 +edge_2_0_+disjointig_2_0_44285 35469 36473 44285 -1 -1 788 0.0267285
Chain
	Aln	3	-SRR33939694.96306/1 4 1007 1116 -edge_2_0_+disjointig_2_0_44285 7811 8815 44285 -1 -1 788 0.0267285
Chain
	Aln	3	+SRR33939694.96331/1 130 1212 1220 -edge_2_0_+disjointig_2_0_44285 26016 27102 44285 -1 -1 938 0.0190376
Chain
	Aln	2	-SRR33939694.96331/1 7 1089 1220 +edge_2_0_+disjointig_2_0_44285 17182 18268 44285 -1 -1 938 0.0190376
Chain
	Aln	3	+SRR33939694.96333/1 132 1249 1251 -edge_2_0_+disjointig_2_0_44285 37165 38296 44285 -1 -1 1001 0.0102232
Chain
	Aln	2	-SRR33939694.96333/1 1 1118 1251 +edge_2_0_+disjointig_2_0_44285 5988 7119 44285 -1 -1 1001 0.0102232
Chain
	Aln	3	+SRR33939694.96288/1 122 2219 2238 -edge_2_0_+disjointig_2_0_44285 22694 24799 44285 -1 -1 1846 0.0139924
Chain
	Aln	2	-SRR33939694.96288/1 18 2115 2238 +edge_2_0_+disjointig_2_0_44285 19485 21590 44285 -1 -1 1846 0.0139924
Chain
	Aln	3	+SRR33939694.96386/1 113 1336 1339 -edge_2_0_+disjointig_2_0_44285 9436 10655 44285 -1 -1 899 0.0334711
Chain
	Aln	2	-SRR33939694.96386/1 2 1225 1339 +edge_2_0_+disjointig_2_0_44285 33629 34848 44285 -1 -1 899 0.0334711
Chain
	Aln	3	+SRR33939694.96620/1 122 1215 1223 -edge_2_0_+disjointig_2_0_44285 19721 20818 44285 -1 -1 963 0.0188134
Chain
	Aln	2	-SRR33939694.96620/1 7 1100 1223 +edge_2_0_+disjointig_2_0_44285 23466 24563 44285 -1 -1 963 0.0188134
Chain
	Aln	3	+SRR33939694.96648/1 128 1306 1308 -edge_2_0_+disjointig_2_0_44285 15812 16979 44285 -1 -1 1005 0.0172134
Chain
	Aln	2	-SRR33939694.96648/1 1 1179 1308 +edge_2_0_+disjointig_2_0_44285 27305 28472 44285 -1 -1 1005 0.0172134
Chain
	Aln	3	+SRR33939694.96394/1 161 1878 1928 -edge_2_0_+disjointig_2_0_44285 32734 34462 44285 -1 -1 1231 0.0338117
Chain
	Aln	2	-SRR33939694.96394/1 49 1766 1928 +edge_2_0_+disjointig_2_0_44285 9822 11550 44285 -1 -1 1231 0.0338117
Chain
	Aln	3	+SRR33939694.96692/1 163 1231 1237 -edge_2_0_+disjointig_2_0_44285 41466 42526 44285 -1 -1 721 0.0362241
Chain
	Aln	2	-SRR33939694.96692/1 5 1073 1237 +edge_2_0_+disjointig_2_0_44285 1758 2818 44285 -1 -1 721 0.0362241
Chain
	Aln	2	+SRR33939694.96651/1 166 1928 1938 +edge_2_0_+disjointig_2_0_44285 7645 9445 44285 -1 -1 1159 0.0368814
Chain
	Aln	3	-SRR33939694.96651/1 9 1771 1938 -edge_2_0_+disjointig_2_0_44285 34839 36639 44285 -1 -1 1159 0.0368814
Chain
	Aln	2	+SRR33939694.96763/1 125 1186 1206 +edge_2_0_+disjointig_2_0_44285 27583 28658 44285 -1 -1 689 0.0354985
Chain
	Aln	3	-SRR33939694.96763/1 19 1080 1206 -edge_2_0_+disjointig_2_0_44285 15626 16701 44285 -1 -1 689 0.0354985
Chain
	Aln	2	+SRR33939694.96761/1 112 1430 1463 +edge_2_0_+disjointig_2_0_44285 12529 13877 44285 -1 -1 896 0.0396642
Chain
	Aln	3	-SRR33939694.96761/1 32 1350 1463 -edge_2_0_+disjointig_2_0_44285 30407 31755 44285 -1 -1 896 0.0396642
Chain
	Aln	3	+SRR33939694.96920/1 114 1180 1196 -edge_2_0_+disjointig_2_0_44285 12809 13866 44285 -1 -1 880 0.0200378
Chain
	Aln	2	-SRR33939694.96920/1 15 1081 1196 +edge_2_0_+disjointig_2_0_44285 30418 31475 44285 -1 -1 880 0.0200378
Chain
	Aln	2	+SRR33939694.96780/1 119 1306 1330 +edge_2_0_+disjointig_2_0_44285 13282 14468 44285 -1 -1 782 0.0464968
Chain
	Aln	3	-SRR33939694.96780/1 23 1210 1330 -edge_2_0_+disjointig_2_0_44285 29816 31002 44285 -1 -1 782 0.0464968
Chain
	Aln	3	+SRR33939694.97035/1 156 1341 1377 -edge_2_0_+disjointig_2_0_44285 8848 10018 44285 -1 -1 918 0.0237596
Chain
	Aln	2	-SRR33939694.97035/1 35 1220 1377 +edge_2_0_+disjointig_2_0_44285 34266 35436 44285 -1 -1 918 0.0237596
Chain
	Aln	2	+SRR33939694.97024/1 141 1173 1188 +edge_2_0_+disjointig_2_0_44285 15128 16184 44285 -1 -1 719 0.0296989
Chain
	Aln	3	-SRR33939694.97024/1 14 1046 1188 -edge_2_0_+disjointig_2_0_44285 28100 29156 44285 -1 -1 719 0.0296989
Chain
	Aln	3	+SRR33939694.97159/1 109 1291 1326 -edge_2_0_+disjointig_2_0_44285 25921 27114 44285 -1 -1 855 0.0334276
Chain
	Aln	2	-SRR33939694.97159/1 34 1216 1326 +edge_2_0_+disjointig_2_0_44285 17170 18363 44285 -1 -1 855 0.0334276
Chain
	Aln	3	+SRR33939694.97184/1 128 1290 1316 -edge_2_0_+disjointig_2_0_44285 27185 28359 44285 -1 -1 869 0.0320069
Chain
	Aln	2	-SRR33939694.97184/1 25 1187 1316 +edge_2_0_+disjointig_2_0_44285 15925 17099 44285 -1 -1 869 0.0320069
Chain
	Aln	2	+SRR33939694.97237/1 137 1335 1355 +edge_2_0_+disjointig_2_0_44285 28870 30073 44285 -1 -1 1131 0.0138535
Chain
	Aln	3	-SRR33939694.97237/1 19 1217 1355 -edge_2_0_+disjointig_2_0_44285 14211 15414 44285 -1 -1 1131 0.0138535
Chain
	Aln	3	+SRR33939694.97157/1 136 1962 1967 -edge_2_0_+disjointig_2_0_44285 36951 38785 44285 -1 -1 1598 0.0126924
Chain
	Aln	2	-SRR33939694.97157/1 4 1830 1967 +edge_2_0_+disjointig_2_0_44285 5499 7333 44285 -1 -1 1598 0.0126924
Chain
	Aln	3	+SRR33939694.97202/1 122 2435 2440 -edge_2_0_+disjointig_2_0_44285 24469 26775 44285 -1 -1 1007 0.0773612
Chain
	Aln	2	-SRR33939694.97202/1 4 2317 2440 +edge_2_0_+disjointig_2_0_44285 17509 19815 44285 -1 -1 1007 0.0773612
Chain
	Aln	3	+SRR33939694.97295/1 115 1124 1135 -edge_2_0_+disjointig_2_0_44285 13427 14437 44285 -1 -1 752 0.0291432
Chain
	Aln	2	-SRR33939694.97295/1 10 1019 1135 +edge_2_0_+disjointig_2_0_44285 29847 30857 44285 -1 -1 752 0.0291432
Chain
	Aln	2	+SRR33939694.97313/1 118 1406 1413 +edge_2_0_+disjointig_2_0_44285 20646 21932 44285 -1 -1 1177 0.0117399
Chain
	Aln	3	-SRR33939694.97313/1 6 1294 1413 -edge_2_0_+disjointig_2_0_44285 22352 23638 44285 -1 -1 1177 0.0117399
Chain
	Aln	3	+SRR33939694.97403/1 115 1480 1486 -edge_2_0_+disjointig_2_0_44285 19298 20668 44285 -1 -1 1253 0.0147609
Chain
	Aln	2	-SRR33939694.97403/1 5 1370 1486 +edge_2_0_+disjointig_2_0_44285 23616 24986 44285 -1 -1 1253 0.0147609
Chain
	Aln	3	+SRR33939694.97438/1 108 1331 1338 -edge_2_0_+disjointig_2_0_44285 20585 21817 44285 -1 -1 1107 0.0183974
Chain
	Aln	2	-SRR33939694.97438/1 6 1229 1338 +edge_2_0_+disjointig_2_0_44285 22467 23699 44285 -1 -1 1107 0.0183974
Chain
	Aln	3	+SRR33939694.97455/1 114 1705 1707 -edge_2_0_+disjointig_2_0_44285 4155 5758 44285 -1 -1 1226 0.0277561
Chain
	Aln	2	-SRR33939694.97455/1 1 1592 1707 +edge_2_0_+disjointig_2_0_44285 38526 40129 44285 -1 -1 1226 0.0277561
Chain
	Aln	2	+SRR33939694.97521/1 115 1131 1146 +edge_2_0_+disjointig_2_0_44285 35100 36106 44285 -1 -1 858 0.0216368
Chain
	Aln	3	-SRR33939694.97521/1 14 1030 1146 -edge_2_0_+disjointig_2_0_44285 8178 9184 44285 -1 -1 858 0.0216368
Chain
	Aln	2	+SRR33939694.97542/1 133 1200 1202 +edge_2_0_+disjointig_2_0_44285 30680 31758 44285 -1 -1 945 0.0157915
Chain
	Aln	3	-SRR33939694.97542/1 1 1068 1202 -edge_2_0_+disjointig_2_0_44285 12526 13604 44285 -1 -1 945 0.0157915
Chain
	Aln	3	+SRR33939694.97509/1 116 1683 1685 -edge_2_0_+disjointig_2_0_44285 24165 25730 44285 -1 -1 1484 0.00409704
Chain
	Aln	2	-SRR33939694.97509/1 1 1568 1685 +edge_2_0_+disjointig_2_0_44285 18554 20119 44285 -1 -1 1484 0.00409704
Chain
	Aln	2	+SRR33939694.97582/1 166 1365 1374 +edge_2_0_+disjointig_2_0_44285 22962 24183 44285 -1 -1 1050 0.0247086
Chain
	Aln	3	-SRR33939694.97582/1 8 1207 1374 -edge_2_0_+disjointig_2_0_44285 20101 21322 44285 -1 -1 1050 0.0247086
Chain
	Aln	2	+SRR33939694.97373/1 118 4884 4895 +edge_2_0_+disjointig_2_0_44285 1099 5883 44285 -1 -1 4170 0.0144528
Chain
	Aln	3	-SRR33939694.97373/1 10 4776 4895 -edge_2_0_+disjointig_2_0_44285 38401 43185 44285 -1 -1 4170 0.0144528
Chain
	Aln	3	+SRR33939694.97618/1 120 1501 1506 -edge_2_0_+disjointig_2_0_44285 12009 13399 44285 -1 -1 1120 0.0220136
Chain
	Aln	2	-SRR33939694.97618/1 4 1385 1506 +edge_2_0_+disjointig_2_0_44285 30885 32275 44285 -1 -1 1120 0.0220136
Chain
	Aln	3	+SRR33939694.97656/1 119 1795 1802 -edge_2_0_+disjointig_2_0_44285 5034 6732 44285 -1 -1 1476 0.0156102
Chain
	Aln	2	-SRR33939694.97656/1 6 1682 1802 +edge_2_0_+disjointig_2_0_44285 37552 39250 44285 -1 -1 1476 0.0156102
Chain
	Aln	2	+SRR33939694.97571/1 113 3120 3146 +edge_2_0_+disjointig_2_0_44285 32946 35980 44285 -1 -1 1983 0.0425222
Chain
	Aln	3	-SRR33939694.97571/1 25 3032 3146 -edge_2_0_+disjointig_2_0_44285 8304 11338 44285 -1 -1 1983 0.0425222
Chain
	Aln	3	+SRR33939694.97657/1 120 1542 1552 -edge_2_0_+disjointig_2_0_44285 15345 16785 44285 -1 -1 1118 0.0244314
Chain
	Aln	2	-SRR33939694.97657/1 9 1431 1552 +edge_2_0_+disjointig_2_0_44285 27499 28939 44285 -1 -1 1118 0.0244314
Chain
	Aln	2	+SRR33939694.97737/1 145 1259 1266 +edge_2_0_+disjointig_2_0_44285 3978 5093 44285 -1 -1 963 0.0185662
Chain
	Aln	3	-SRR33939694.97737/1 6 1120 1266 -edge_2_0_+disjointig_2_0_44285 39191 40306 44285 -1 -1 963 0.0185662
Chain
	Aln	2	+SRR33939694.97743/1 203 1349 1355 +edge_2_0_+disjointig_2_0_44285 25840 26978 44285 -1 -1 826 0.0320277
Chain
	Aln	3	-SRR33939694.97743/1 5 1151 1355 -edge_2_0_+disjointig_2_0_44285 17306 18444 44285 -1 -1 826 0.0320277
Chain
	Aln	2	+SRR33939694.97765/1 110 1314 1316 +edge_2_0_+disjointig_2_0_44285 19859 21067 44285 -1 -1 1143 0.0104714
Chain
	Aln	3	-SRR33939694.97765/1 1 1205 1316 -edge_2_0_+disjointig_2_0_44285 23217 24425 44285 -1 -1 1143 0.0104714
Chain
	Aln	3	+SRR33939694.97771/1 138 1785 1787 -edge_2_0_+disjointig_2_0_44285 15325 16979 44285 -1 -1 1529 0.0118734
Chain
	Aln	2	-SRR33939694.97771/1 1 1648 1787 +edge_2_0_+disjointig_2_0_44285 27305 28959 44285 -1 -1 1529 0.0118734
Chain
	Aln	2	+SRR33939694.97803/1 123 1251 1290 +edge_2_0_+disjointig_2_0_44285 20067 21206 44285 -1 -1 839 0.0351727
Chain
	Aln	3	-SRR33939694.97803/1 38 1166 1290 -edge_2_0_+disjointig_2_0_44285 23078 24217 44285 -1 -1 839 0.0351727
Chain
	Aln	3	+SRR33939694.97757/1 146 1639 1650 -edge_2_0_+disjointig_2_0_44285 35724 37223 44285 -1 -1 1159 0.0285187
Chain
	Aln	2	-SRR33939694.97757/1 10 1503 1650 +edge_2_0_+disjointig_2_0_44285 7061 8560 44285 -1 -1 1159 0.0285187
Chain
	Aln	2	+SRR33939694.97814/1 138 1214 1219 +edge_2_0_+disjointig_2_0_44285 6950 8017 44285 -1 -1 755 0.0339267
Chain
	Aln	3	-SRR33939694.97814/1 4 1080 1219 -edge_2_0_+disjointig_2_0_44285 36267 37334 44285 -1 -1 755 0.0339267
Chain
	Aln	2	+SRR33939694.97864/1 112 1199 1208 +edge_2_0_+disjointig_2_0_44285 6217 7301 44285 -1 -1 1031 0.00362694
Chain
	Aln	3	-SRR33939694.97864/1 8 1095 1208 -edge_2_0_+disjointig_2_0_44285 36983 38067 44285 -1 -1 1031 0.00362694
Chain
	Aln	3	+SRR33939694.97855/1 143 2146 2154 -edge_2_0_+disjointig_2_0_44285 36352 38358 44285 -1 -1 1463 0.0311463
Chain
	Aln	2	-SRR33939694.97855/1 7 2010 2154 +edge_2_0_+disjointig_2_0_44285 5926 7932 44285 -1 -1 1463 0.0311463
Chain
	Aln	1	+SRR33939694.97870/1 217 1438 1448 -edge_1_0_+disjointig_1_0_47382 11315 12533 47382 -1 -1 1031 0.0182296
Chain
	Aln	0	-SRR33939694.97870/1 9 1230 1448 +edge_1_0_+disjointig_1_0_47382 34848 36066 47382 -1 -1 1031 0.0182296
Chain
	Aln	3	+SRR33939694.97929/1 116 1118 1123 -edge_2_0_+disjointig_2_0_44285 27344 28359 44285 -1 -1 701 0.031573
Chain
	Aln	2	-SRR33939694.97929/1 4 1006 1123 +edge_2_0_+disjointig_2_0_44285 15925 16940 44285 -1 -1 701 0.031573
Chain
	Aln	2	+SRR33939694.97948/1 114 1301 1310 +edge_2_0_+disjointig_2_0_44285 20587 21771 44285 -1 -1 823 0.0321823
Chain
	Aln	3	-SRR33939694.97948/1 8 1195 1310 -edge_2_0_+disjointig_2_0_44285 22513 23697 44285 -1 -1 823 0.0321823
Chain
	Aln	3	+SRR33939694.97987/1 121 1783 1785 -edge_2_0_+disjointig_2_0_44285 10610 12260 44285 -1 -1 1384 0.0237492
Chain
	Aln	2	-SRR33939694.97987/1 1 1663 1785 +edge_2_0_+disjointig_2_0_44285 32024 33674 44285 -1 -1 1384 0.0237492
Chain
	Aln	3	+SRR33939694.98112/1 119 1339 1346 -edge_2_0_+disjointig_2_0_44285 17518 18749 44285 -1 -1 843 0.0377133
Chain
	Aln	2	-SRR33939694.98112/1 6 1226 1346 +edge_2_0_+disjointig_2_0_44285 25535 26766 44285 -1 -1 843 0.0377133
Chain
	Aln	3	+SRR33939694.98058/1 184 1599 1605 -edge_2_0_+disjointig_2_0_44285 15353 16761 44285 -1 -1 1229 0.0191392
Chain
	Aln	2	-SRR33939694.98058/1 5 1420 1605 +edge_2_0_+disjointig_2_0_44285 27523 28931 44285 -1 -1 1229 0.0191392
Chain
	Aln	3	+SRR33939694.97460/1 175 8598 8604 -edge_2_0_+disjointig_2_0_44285 16345 24821 44285 -1 -1 7279 0.0165144
Chain
	Aln	2	-SRR33939694.97460/1 5 8428 8604 +edge_2_0_+disjointig_2_0_44285 19463 27939 44285 -1 -1 7279 0.0165144
Chain
	Aln	3	+SRR33939694.98145/1 118 1320 1326 -edge_2_0_+disjointig_2_0_44285 36461 37658 44285 -1 -1 912 0.0241904
Chain
	Aln	2	-SRR33939694.98145/1 5 1207 1326 +edge_2_0_+disjointig_2_0_44285 6626 7823 44285 -1 -1 912 0.0241904
Chain
	Aln	2	+SRR33939694.98267/1 111 1354 1367 +edge_2_0_+disjointig_2_0_44285 10296 11541 44285 -1 -1 1143 0.0112947
Chain
	Aln	3	-SRR33939694.98267/1 12 1255 1367 -edge_2_0_+disjointig_2_0_44285 32743 33988 44285 -1 -1 1143 0.0112947
Chain
	Aln	2	+SRR33939694.98255/1 115 1174 1191 +edge_2_0_+disjointig_2_0_44285 34891 35958 44285 -1 -1 843 0.0278261
Chain
	Aln	3	-SRR33939694.98255/1 16 1075 1191 -edge_2_0_+disjointig_2_0_44285 8326 9393 44285 -1 -1 843 0.0278261
Chain
	Aln	2	+SRR33939694.98283/1 121 1180 1186 +edge_2_0_+disjointig_2_0_44285 16601 17679 44285 -1 -1 603 0.0565649
Chain
	Aln	3	-SRR33939694.98283/1 5 1064 1186 -edge_2_0_+disjointig_2_0_44285 26605 27683 44285 -1 -1 603 0.0565649
Chain
	Aln	2	+SRR33939694.97885/1 110 6047 6057 +edge_2_0_+disjointig_2_0_44285 38304 44272 44285 -1 -1 5315 0.0111897
Chain
	Aln	3	-SRR33939694.97885/1 9 5946 6057 -edge_2_0_+disjointig_2_0_44285 12 5980 44285 -1 -1 5315 0.0111897
Chain
	Aln	2	+SRR33939694.98350/1 126 1489 1495 +edge_2_0_+disjointig_2_0_44285 14247 15608 44285 -1 -1 1244 0.0144596
Chain
	Aln	3	-SRR33939694.98350/1 5 1368 1495 -edge_2_0_+disjointig_2_0_44285 28676 30037 44285 -1 -1 1244 0.0144596
Chain
	Aln	2	+SRR33939694.98314/1 143 1989 1999 +edge_2_0_+disjointig_2_0_44285 26685 28540 44285 -1 -1 1393 0.0270927
Chain
	Aln	3	-SRR33939694.98314/1 9 1855 1999 -edge_2_0_+disjointig_2_0_44285 15744 17599 44285 -1 -1 1393 0.0270927
Chain
	Aln	2	+SRR33939694.98394/1 118 1270 1287 +edge_2_0_+disjointig_2_0_44285 5116 6282 44285 -1 -1 979 0.0169799
Chain
	Aln	3	-SRR33939694.98394/1 16 1168 1287 -edge_2_0_+disjointig_2_0_44285 38002 39168 44285 -1 -1 979 0.0169799
Chain
	Aln	2	+SRR33939694.98705/1 115 1229 1237 +edge_2_0_+disjointig_2_0_44285 28300 29426 44285 -1 -1 890 0.0324688
Chain
	Aln	3	-SRR33939694.98705/1 7 1121 1237 -edge_2_0_+disjointig_2_0_44285 14858 15984 44285 -1 -1 890 0.0324688
Chain
	Aln	2	+SRR33939694.98591/1 118 2012 2019 +edge_2_0_+disjointig_2_0_44285 37321 39220 44285 -1 -1 1644 0.0151801
Chain
	Aln	3	-SRR33939694.98591/1 6 1900 2019 -edge_2_0_+disjointig_2_0_44285 5064 6963 44285 -1 -1 1644 0.0151801
Chain
	Aln	3	+SRR33939694.98702/1 110 1254 1264 -edge_2_0_+disjointig_2_0_44285 38985 40139 44285 -1 -1 972 0.0190198
Chain
	Aln	2	-SRR33939694.98702/1 9 1153 1264 +edge_2_0_+disjointig_2_0_44285 4145 5299 44285 -1 -1 972 0.0190198
Chain
	Aln	2	+SRR33939694.98749/1 119 1231 1238 +edge_2_0_+disjointig_2_0_44285 12784 13902 44285 -1 -1 994 0.0152517
Chain
	Aln	3	-SRR33939694.98749/1 6 1118 1238 -edge_2_0_+disjointig_2_0_44285 30382 31500 44285 -1 -1 994 0.0152517
Chain
	Aln	3	+SRR33939694.98768/1 108 1373 1376 -edge_2_0_+disjointig_2_0_44285 26712 27984 44285 -1 -1 1077 0.0243609
Chain
	Aln	2	-SRR33939694.98768/1 2 1267 1376 +edge_2_0_+disjointig_2_0_44285 16300 17572 44285 -1 -1 1077 0.0243609
Chain
	Aln	2	+SRR33939694.98780/1 110 1341 1344 +edge_2_0_+disjointig_2_0_44285 29651 30914 44285 -1 -1 857 0.0358329
Chain
	Aln	3	-SRR33939694.98780/1 2 1233 1344 -edge_2_0_+disjointig_2_0_44285 13370 14633 44285 -1 -1 857 0.0358329
Chain
	Aln	3	+SRR33939694.98727/1 143 2271 2281 -edge_2_0_+disjointig_2_0_44285 41458 43591 44285 -1 -1 1872 0.0139957
Chain
	Aln	2	-SRR33939694.98727/1 9 2137 2281 +edge_2_0_+disjointig_2_0_44285 693 2826 44285 -1 -1 1872 0.0139957
Chain
	Aln	3	+SRR33939694.98864/1 146 1301 1319 -edge_2_0_+disjointig_2_0_44285 4730 5880 44285 -1 -1 986 0.0164223
Chain
	Aln	2	-SRR33939694.98864/1 17 1172 1319 +edge_2_0_+disjointig_2_0_44285 38404 39554 44285 -1 -1 986 0.0164223
Chain
	Aln	3	+SRR33939694.98882/1 140 1176 1201 -edge_2_0_+disjointig_2_0_44285 10728 11777 44285 -1 -1 934 0.0190922
Chain
	Aln	2	-SRR33939694.98882/1 24 1060 1201 +edge_2_0_+disjointig_2_0_44285 32507 33556 44285 -1 -1 934 0.0190922
Chain
	Aln	2	+SRR33939694.98895/1 122 1272 1285 +edge_2_0_+disjointig_2_0_44285 41434 42584 44285 -1 -1 882 0.0289244
Chain
	Aln	3	-SRR33939694.98895/1 12 1162 1285 -edge_2_0_+disjointig_2_0_44285 1700 2850 44285 -1 -1 882 0.0289244
Chain
	Aln	0	+SRR33939694.98692/1 221 3433 3455 +edge_1_0_+disjointig_1_0_47382 43825 47044 47382 -1 -1 2718 0.0184665
Chain
	Aln	1	-SRR33939694.98692/1 21 3233 3455 -edge_1_0_+disjointig_1_0_47382 337 3556 47382 -1 -1 2718 0.0184665
Chain
	Aln	2	+SRR33939694.99217/1 156 1193 1195 +edge_2_0_+disjointig_2_0_44285 26081 27128 44285 -1 -1 877 0.0177148
Chain
	Aln	3	-SRR33939694.99217/1 1 1038 1195 -edge_2_0_+disjointig_2_0_44285 17156 18203 44285 -1 -1 877 0.0177148
Chain
	Aln	3	+SRR33939694.99267/1 128 1158 1166 -edge_2_0_+disjointig_2_0_44285 14491 15531 44285 -1 -1 752 0.0411711
Chain
	Aln	2	-SRR33939694.99267/1 7 1037 1166 +edge_2_0_+disjointig_2_0_44285 28753 29793 44285 -1 -1 752 0.0411711
Chain
	Aln	2	+SRR33939694.99258/1 119 1584 1588 +edge_2_0_+disjointig_2_0_44285 18363 19814 44285 -1 -1 1219 0.0184023
Chain
	Aln	3	-SRR33939694.99258/1 3 1468 1588 -edge_2_0_+disjointig_2_0_44285 24470 25921 44285 -1 -1 1219 0.0184023
Chain
	Aln	2	+SRR33939694.99278/1 111 1312 1317 +edge_2_0_+disjointig_2_0_44285 28201 29408 44285 -1 -1 1008 0.0269204
Chain
	Aln	3	-SRR33939694.99278/1 4 1205 1317 -edge_2_0_+disjointig_2_0_44285 14876 16083 44285 -1 -1 1008 0.0269204
Chain
	Aln	2	+SRR33939694.99313/1 111 1167 1189 +edge_2_0_+disjointig_2_0_44285 43181 44260 44285 -1 -1 819 0.0299608
Chain
	Aln	3	-SRR33939694.99313/1 21 1077 1189 -edge_2_0_+disjointig_2_0_44285 24 1103 44285 -1 -1 819 0.0299608
Chain
	Aln	3	+SRR33939694.99373/1 129 1344 1349 -edge_2_0_+disjointig_2_0_44285 6592 7793 44285 -1 -1 712 0.0460945
Chain
	Aln	2	-SRR33939694.99373/1 4 1219 1349 +edge_2_0_+disjointig_2_0_44285 36491 37692 44285 -1 -1 712 0.0460945
Chain
	Aln	3	+SRR33939694.99418/1 125 1187 1209 -edge_2_0_+disjointig_2_0_44285 36600 37681 44285 -1 -1 884 0.0183563
Chain
	Aln	2	-SRR33939694.99418/1 21 1083 1209 +edge_2_0_+disjointig_2_0_44285 6603 7684 44285 -1 -1 884 0.0183563
Chain
	Aln	2	+SRR33939694.99329/1 119 1987 2028 +edge_2_0_+disjointig_2_0_44285 6902 8821 44285 -1 -1 1219 0.03834
Chain
	Aln	3	-SRR33939694.99329/1 40 1908 2028 -edge_2_0_+disjointig_2_0_44285 35463 37382 44285 -1 -1 1219 0.03834
Chain
	Aln	3	+SRR33939694.99442/1 139 1761 1768 -edge_2_0_+disjointig_2_0_44285 28777 30433 44285 -1 -1 1225 0.0299936
Chain
	Aln	2	-SRR33939694.99442/1 6 1628 1768 +edge_2_0_+disjointig_2_0_44285 13851 15507 44285 -1 -1 1225 0.0299936
Chain
	Aln	3	+SRR33939694.99520/1 119 1353 1356 -edge_2_0_+disjointig_2_0_44285 7744 9006 44285 -1 -1 1017 0.0287012
Chain
	Aln	2	-SRR33939694.99520/1 2 1236 1356 +edge_2_0_+disjointig_2_0_44285 35278 36540 44285 -1 -1 1017 0.0287012
Chain
	Aln	3	+SRR33939694.99512/1 134 1288 1330 -edge_2_0_+disjointig_2_0_44285 32471 33627 44285 -1 -1 1020 0.0191217
Chain
	Aln	2	-SRR33939694.99512/1 41 1195 1330 +edge_2_0_+disjointig_2_0_44285 10657 11813 44285 -1 -1 1020 0.0191217
Chain
	Aln	2	+SRR33939694.99540/1 121 1235 1255 +edge_2_0_+disjointig_2_0_44285 19004 20122 44285 -1 -1 1009 0.0102271
Chain
	Aln	3	-SRR33939694.99540/1 19 1133 1255 -edge_2_0_+disjointig_2_0_44285 24162 25280 44285 -1 -1 1009 0.0102271
Chain
	Aln	2	+SRR33939694.99525/1 103 2151 2156 +edge_2_0_+disjointig_2_0_44285 12165 14224 44285 -1 -1 1814 0.0167233
Chain
	Aln	3	-SRR33939694.99525/1 4 2052 2156 -edge_2_0_+disjointig_2_0_44285 30060 32119 44285 -1 -1 1814 0.0167233
Chain
	Aln	2	+SRR33939694.99528/1 128 1459 1462 +edge_2_0_+disjointig_2_0_44285 38053 39409 44285 -1 -1 998 0.0266045
Chain
	Aln	3	-SRR33939694.99528/1 2 1333 1462 -edge_2_0_+disjointig_2_0_44285 4875 6231 44285 -1 -1 998 0.0266045
Chain
	Aln	2	+SRR33939694.99583/1 113 1411 1414 +edge_2_0_+disjointig_2_0_44285 15969 17274 44285 -1 -1 1047 0.0251036
Chain
	Aln	3	-SRR33939694.99583/1 2 1300 1414 -edge_2_0_+disjointig_2_0_44285 27010 28315 44285 -1 -1 1047 0.0251036
Chain
	Aln	2	+SRR33939694.99697/1 180 1220 1229 +edge_2_0_+disjointig_2_0_44285 18782 19836 44285 -1 -1 662 0.0401097
Chain
	Aln	3	-SRR33939694.99697/1 8 1048 1229 -edge_2_0_+disjointig_2_0_44285 24448 25502 44285 -1 -1 662 0.0401097
Chain
	Aln	2	+SRR33939694.99672/1 134 1253 1257 +edge_2_0_+disjointig_2_0_44285 11258 12390 44285 -1 -1 988 0.0182758
Chain
	Aln	3	-SRR33939694.99672/1 3 1122 1257 -edge_2_0_+disjointig_2_0_44285 31894 33026 44285 -1 -1 988 0.0182758
Chain
	Aln	3	+SRR33939694.99793/1 139 1190 1206 -edge_2_0_+disjointig_2_0_44285 2310 3366 44285 -1 -1 875 0.0182183
Chain
	Aln	2	-SRR33939694.99793/1 15 1066 1206 +edge_2_0_+disjointig_2_0_44285 40918 41974 44285 -1 -1 875 0.0182183
Chain
	Aln	2	+SRR33939694.99741/1 122 1751 1753 +edge_2_0_+disjointig_2_0_44285 16511 18142 44285 -1 -1 1491 0.0147505
Chain
	Aln	3	-SRR33939694.99741/1 1 1630 1753 -edge_2_0_+disjointig_2_0_44285 26142 27773 44285 -1 -1 1491 0.0147505
Chain
	Aln	2	+SRR33939694.99806/1 117 1157 1159 +edge_2_0_+disjointig_2_0_44285 41781 42822 44285 -1 -1 970 0.00602949
Chain
	Aln	3	-SRR33939694.99806/1 1 1041 1159 -edge_2_0_+disjointig_2_0_44285 1462 2503 44285 -1 -1 970 0.00602949
Chain
	Aln	2	+SRR33939694.99827/1 115 1270 1280 +edge_2_0_+disjointig_2_0_44285 42763 43932 44285 -1 -1 942 0.0197795
Chain
	Aln	3	-SRR33939694.99827/1 9 1164 1280 -edge_2_0_+disjointig_2_0_44285 352 1521 44285 -1 -1 942 0.0197795
Chain
	Aln	3	+SRR33939694.99839/1 123 1176 1189 -edge_2_0_+disjointig_2_0_44285 37095 38149 44285 -1 -1 817 0.0242581
Chain
	Aln	2	-SRR33939694.99839/1 12 1065 1189 +edge_2_0_+disjointig_2_0_44285 6135 7189 44285 -1 -1 817 0.0242581
Chain
	Aln	2	+SRR33939694.99842/1 159 1523 1542 +edge_2_0_+disjointig_2_0_44285 24103 25468 44285 -1 -1 1181 0.020946
Chain
	Aln	3	-SRR33939694.99842/1 18 1382 1542 -edge_2_0_+disjointig_2_0_44285 18816 20181 44285 -1 -1 1181 0.020946
Chain
	Aln	3	+SRR33939694.99929/1 116 1266 1268 -edge_2_0_+disjointig_2_0_44285 11351 12501 44285 -1 -1 976 0.0195947
Chain
	Aln	2	-SRR33939694.99929/1 1 1151 1268 +edge_2_0_+disjointig_2_0_44285 31783 32933 44285 -1 -1 976 0.0195947
Chain
	Aln	2	+SRR33939694.99924/1 117 2451 2454 +edge_2_0_+disjointig_2_0_44285 38664 41007 44285 -1 -1 2118 0.0106167
Chain
	Aln	3	-SRR33939694.99924/1 2 2336 2454 -edge_2_0_+disjointig_2_0_44285 3277 5620 44285 -1 -1 2118 0.0106167
Chain
	Aln	2	+SRR33939694.99735/1 145 4162 4283 +edge_2_0_+disjointig_2_0_44285 1299 5456 44285 -1 -1 2539 0.0443439
Chain
	Aln	3	-SRR33939694.99735/1 120 4137 4283 -edge_2_0_+disjointig_2_0_44285 38828 42985 44285 -1 -1 2539 0.0443439
Chain
	Aln	2	+SRR33939694.99936/1 121 2073 2081 +edge_2_0_+disjointig_2_0_44285 22253 24216 44285 -1 -1 1585 0.0253953
Chain
	Aln	3	-SRR33939694.99936/1 7 1959 2081 -edge_2_0_+disjointig_2_0_44285 20068 22031 44285 -1 -1 1585 0.0253953
Chain
	Aln	3	+SRR33939694.99946/1 123 1223 1248 -edge_2_0_+disjointig_2_0_44285 6520 7639 44285 -1 -1 950 0.0241849
Chain
	Aln	2	-SRR33939694.99946/1 24 1124 1248 +edge_2_0_+disjointig_2_0_44285 36645 37764 44285 -1 -1 950 0.0241849
Chain
	Aln	2	+SRR33939694.100173/1 123 1333 1344 +edge_2_0_+disjointig_2_0_44285 39354 40587 44285 -1 -1 1054 0.0184451
Chain
	Aln	3	-SRR33939694.100173/1 10 1220 1344 -edge_2_0_+disjointig_2_0_44285 3697 4930 44285 -1 -1 1054 0.0184451
Chain
	Aln	2	+SRR33939694.100232/1 113 1114 1117 +edge_2_0_+disjointig_2_0_44285 35500 36507 44285 -1 -1 837 0.0234573
Chain
	Aln	3	-SRR33939694.100232/1 2 1003 1117 -edge_2_0_+disjointig_2_0_44285 7777 8784 44285 -1 -1 837 0.0234573
Chain
	Aln	3	+SRR33939694.100050/1 114 1498 1503 -edge_2_0_+disjointig_2_0_44285 27683 29090 44285 -1 -1 907 0.0421841
Chain
	Aln	2	-SRR33939694.100050/1 4 1388 1503 +edge_2_0_+disjointig_2_0_44285 15194 16601 44285 -1 -1 907 0.0421841
Chain
	Aln	2	+SRR33939694.100160/1 133 1686 1694 +edge_2_0_+disjointig_2_0_44285 31950 33516 44285 -1 -1 1240 0.0270324
Chain
	Aln	3	-SRR33939694.100160/1 7 1560 1694 -edge_2_0_+disjointig_2_0_44285 10768 12334 44285 -1 -1 1240 0.0270324
Chain
	Aln	2	+SRR33939694.100172/1 118 1782 1910 +edge_2_0_+disjointig_2_0_44285 39263 40943 44285 -1 -1 911 0.055509
Chain
	Aln	3	-SRR33939694.100172/1 127 1791 1910 -edge_2_0_+disjointig_2_0_44285 3341 5021 44285 -1 -1 911 0.055509
Chain
	Aln	3	+SRR33939694.100265/1 115 1315 1318 -edge_2_0_+disjointig_2_0_44285 9456 10652 44285 -1 -1 1039 0.0194152
Chain
	Aln	2	-SRR33939694.100265/1 2 1202 1318 +edge_2_0_+disjointig_2_0_44285 33632 34828 44285 -1 -1 1039 0.0194152
Chain
	Aln	3	+SRR33939694.100475/1 128 1304 1322 -edge_2_0_+disjointig_2_0_44285 41179 42389 44285 -1 -1 1023 0.01879
Chain
	Aln	2	-SRR33939694.100475/1 17 1193 1322 +edge_2_0_+disjointig_2_0_44285 1895 3105 44285 -1 -1 1023 0.01879
Chain
	Aln	3	+SRR33939694.100580/1 115 1204 1206 -edge_2_0_+disjointig_2_0_44285 11165 12252 44285 -1 -1 902 0.0261798
Chain
	Aln	2	-SRR33939694.100580/1 1 1090 1206 +edge_2_0_+disjointig_2_0_44285 32032 33119 44285 -1 -1 902 0.0261798
Chain
	Aln	3	+SRR33939694.100539/1 147 1668 1673 -edge_2_0_+disjointig_2_0_44285 29041 30580 44285 -1 -1 1035 0.0395454
Chain
	Aln	2	-SRR33939694.100539/1 4 1525 1673 +edge_2_0_+disjointig_2_0_44285 13704 15243 44285 -1 -1 1035 0.0395454
Chain
	Aln	3	+SRR33939694.100620/1 130 1160 1164 -edge_2_0_+disjointig_2_0_44285 33163 34193 44285 -1 -1 682 0.0387548
Chain
	Aln	2	-SRR33939694.100620/1 3 1033 1164 +edge_2_0_+disjointig_2_0_44285 10091 11121 44285 -1 -1 682 0.0387548
Chain
	Aln	2	+SRR33939694.100776/1 118 1239 1250 +edge_2_0_+disjointig_2_0_44285 4634 5757 44285 -1 -1 1041 0.0101466
Chain
	Aln	3	-SRR33939694.100776/1 10 1131 1250 -edge_2_0_+disjointig_2_0_44285 38527 39650 44285 -1 -1 1041 0.0101466
Chain
	Aln	2	+SRR33939694.100644/1 118 1397 1446 +edge_2_0_+disjointig_2_0_44285 8831 10117 44285 -1 -1 1141 0.0177781
Chain
	Aln	3	-SRR33939694.100644/1 48 1327 1446 -edge_2_0_+disjointig_2_0_44285 34167 35453 44285 -1 -1 1141 0.0177781
Chain
	Aln	2	+SRR33939694.100723/1 142 1192 1196 +edge_2_0_+disjointig_2_0_44285 38819 39889 44285 -1 -1 895 0.021551
Chain
	Aln	3	-SRR33939694.100723/1 3 1053 1196 -edge_2_0_+disjointig_2_0_44285 4395 5465 44285 -1 -1 895 0.021551
Chain
	Aln	2	+SRR33939694.100798/1 108 1162 1181 +edge_2_0_+disjointig_2_0_44285 30890 31952 44285 -1 -1 944 0.013747
Chain
	Aln	3	-SRR33939694.100798/1 18 1072 1181 -edge_2_0_+disjointig_2_0_44285 12332 13394 44285 -1 -1 944 0.013747
Chain
	Aln	2	+SRR33939694.100785/1 118 1168 1170 +edge_2_0_+disjointig_2_0_44285 12299 13353 44285 -1 -1 875 0.0197997
Chain
	Aln	3	-SRR33939694.100785/1 1 1051 1170 -edge_2_0_+disjointig_2_0_44285 30931 31985 44285 -1 -1 875 0.0197997
Chain
	Aln	2	+SRR33939694.100803/1 131 1131 1137 +edge_2_0_+disjointig_2_0_44285 3352 4344 44285 -1 -1 901 0.0113734
Chain
	Aln	3	-SRR33939694.100803/1 5 1005 1137 -edge_2_0_+disjointig_2_0_44285 39940 40932 44285 -1 -1 901 0.0113734
Chain
	Aln	2	+SRR33939694.100804/1 126 1346 1361 +edge_2_0_+disjointig_2_0_44285 1489 2721 44285 -1 -1 880 0.032976
Chain
	Aln	3	-SRR33939694.100804/1 14 1234 1361 -edge_2_0_+disjointig_2_0_44285 41563 42795 44285 -1 -1 880 0.032976
Chain
	Aln	3	+SRR33939694.100651/1 117 2583 2585 -edge_2_0_+disjointig_2_0_44285 30719 33197 44285 -1 -1 2198 0.0135825
Chain
	Aln	2	-SRR33939694.100651/1 1 2467 2585 +edge_2_0_+disjointig_2_0_44285 11087 13565 44285 -1 -1 2198 0.0135825
Chain
	Aln	3	+SRR33939694.100882/1 112 1187 1202 -edge_2_0_+disjointig_2_0_44285 2470 3552 44285 -1 -1 910 0.0196491
Chain
	Aln	2	-SRR33939694.100882/1 14 1089 1202 +edge_2_0_+disjointig_2_0_44285 40732 41814 44285 -1 -1 910 0.0196491
Chain
	Aln	2	+SRR33939694.100886/1 114 1259 1277 +edge_2_0_+disjointig_2_0_44285 27616 28774 44285 -1 -1 972 0.0173195
Chain
	Aln	3	-SRR33939694.100886/1 17 1162 1277 -edge_2_0_+disjointig_2_0_44285 15510 16668 44285 -1 -1 972 0.0173195
Chain
	Aln	3	+SRR33939694.100865/1 152 1536 1544 -edge_2_0_+disjointig_2_0_44285 16706 18092 44285 -1 -1 1196 0.0188776
Chain
	Aln	2	-SRR33939694.100865/1 7 1391 1544 +edge_2_0_+disjointig_2_0_44285 26192 27578 44285 -1 -1 1196 0.0188776
Chain
	Aln	3	+SRR33939694.100812/1 113 1755 1759 -edge_2_0_+disjointig_2_0_44285 39277 40925 44285 -1 -1 1509 0.0153605
Chain
	Aln	2	-SRR33939694.100812/1 3 1645 1759 +edge_2_0_+disjointig_2_0_44285 3359 5007 44285 -1 -1 1509 0.0153605
Chain
	Aln	3	+SRR33939694.100942/1 111 1669 1680 -edge_2_0_+disjointig_2_0_44285 16791 18360 44285 -1 -1 1207 0.0281336
Chain
	Aln	2	-SRR33939694.100942/1 10 1568 1680 +edge_2_0_+disjointig_2_0_44285 25924 27493 44285 -1 -1 1207 0.0281336
Chain
	Aln	2	+SRR33939694.101058/1 121 1185 1191 +edge_2_0_+disjointig_2_0_44285 10336 11407 44285 -1 -1 894 0.0229279
Chain
	Aln	3	-SRR33939694.101058/1 5 1069 1191 -edge_2_0_+disjointig_2_0_44285 32877 33948 44285 -1 -1 894 0.0229279
Chain
	Aln	1	+SRR33939694.100950/1 155 2648 2727 -edge_1_0_+disjointig_1_0_47382 8163 10690 47382 -1 -1 1650 0.0385031
Chain
	Aln	0	-SRR33939694.100950/1 78 2571 2727 +edge_1_0_+disjointig_1_0_47382 36691 39218 47382 -1 -1 1650 0.0385031
Chain
	Aln	3	+SRR33939694.101002/1 121 1409 1412 -edge_2_0_+disjointig_2_0_44285 30275 31565 44285 -1 -1 1186 0.0130696
Chain
	Aln	2	-SRR33939694.101002/1 2 1290 1412 +edge_2_0_+disjointig_2_0_44285 12719 14009 44285 -1 -1 1186 0.0130696
Chain
	Aln	3	+SRR33939694.101182/1 139 1140 1152 -edge_2_0_+disjointig_2_0_44285 42020 43032 44285 -1 -1 759 0.0266905
Chain
	Aln	2	-SRR33939694.101182/1 11 1012 1152 +edge_2_0_+disjointig_2_0_44285 1252 2264 44285 -1 -1 759 0.0266905
Chain
	Aln	2	+SRR33939694.100998/1 170 1995 1998 +edge_2_0_+disjointig_2_0_44285 23084 24917 44285 -1 -1 1412 0.0315846
Chain
	Aln	3	-SRR33939694.100998/1 2 1827 1998 -edge_2_0_+disjointig_2_0_44285 19367 21200 44285 -1 -1 1412 0.0315846
Chain
	Aln	2	+SRR33939694.101214/1 150 1529 1537 +edge_2_0_+disjointig_2_0_44285 20447 21819 44285 -1 -1 1122 0.0243149
Chain
	Aln	3	-SRR33939694.101214/1 7 1386 1537 -edge_2_0_+disjointig_2_0_44285 22465 23837 44285 -1 -1 1122 0.0243149
Chain
	Aln	2	+SRR33939694.101222/1 110 1394 1396 +edge_2_0_+disjointig_2_0_44285 35522 36805 44285 -1 -1 1068 0.021551
Chain
	Aln	3	-SRR33939694.101222/1 1 1285 1396 -edge_2_0_+disjointig_2_0_44285 7479 8762 44285 -1 -1 1068 0.021551
Chain
	Aln	3	+SRR33939694.101231/1 127 1299 1305 -edge_2_0_+disjointig_2_0_44285 7020 8194 44285 -1 -1 1013 0.0219981
Chain
	Aln	2	-SRR33939694.101231/1 5 1177 1305 +edge_2_0_+disjointig_2_0_44285 36090 37264 44285 -1 -1 1013 0.0219981
Chain
	Aln	2	+SRR33939694.101292/1 119 1294 1298 +edge_2_0_+disjointig_2_0_44285 15799 16964 44285 -1 -1 814 0.0401835
Chain
	Aln	3	-SRR33939694.101292/1 3 1178 1298 -edge_2_0_+disjointig_2_0_44285 27320 28485 44285 -1 -1 814 0.0401835
Chain
	Aln	3	+SRR33939694.101229/1 116 2017 2030 -edge_2_0_+disjointig_2_0_44285 38274 40176 44285 -1 -1 1596 0.0186741
Chain
	Aln	2	-SRR33939694.101229/1 12 1913 2030 +edge_2_0_+disjointig_2_0_44285 4108 6010 44285 -1 -1 1596 0.0186741
Chain
	Aln	2	+SRR33939694.101245/1 121 1411 1415 +edge_2_0_+disjointig_2_0_44285 11307 12604 44285 -1 -1 912 0.0388245
Chain
	Aln	3	-SRR33939694.101245/1 3 1293 1415 -edge_2_0_+disjointig_2_0_44285 31680 32977 44285 -1 -1 912 0.0388245
Chain
	Aln	2	+SRR33939694.101304/1 131 1311 1317 +edge_2_0_+disjointig_2_0_44285 11247 12437 44285 -1 -1 782 0.0372355
Chain
	Aln	3	-SRR33939694.101304/1 5 1185 1317 -edge_2_0_+disjointig_2_0_44285 31847 33037 44285 -1 -1 782 0.0372355
Chain
	Aln	2	+SRR33939694.101335/1 115 1167 1192 +edge_2_0_+disjointig_2_0_44285 12924 13972 44285 -1 -1 927 0.0201189
Chain
	Aln	3	-SRR33939694.101335/1 24 1076 1192 -edge_2_0_+disjointig_2_0_44285 30312 31360 44285 -1 -1 927 0.0201189
Chain
	Aln	2	+SRR33939694.101377/1 112 1176 1183 +edge_2_0_+disjointig_2_0_44285 21286 22368 44285 -1 -1 896 0.0160094
Chain
	Aln	3	-SRR33939694.101377/1 6 1070 1183 -edge_2_0_+disjointig_2_0_44285 21916 22998 44285 -1 -1 896 0.0160094
Chain
	Aln	3	+SRR33939694.101435/1 123 1351 1360 -edge_2_0_+disjointig_2_0_44285 14406 15649 44285 -1 -1 1142 0.0164616
Chain
	Aln	2	-SRR33939694.101435/1 8 1236 1360 +edge_2_0_+disjointig_2_0_44285 28635 29878 44285 -1 -1 1142 0.0164616
Chain
	Aln	2	+SRR33939694.101457/1 117 1461 1466 +edge_2_0_+disjointig_2_0_44285 12334 13675 44285 -1 -1 1090 0.0217491
Chain
	Aln	3	-SRR33939694.101457/1 4 1348 1466 -edge_2_0_+disjointig_2_0_44285 30609 31950 44285 -1 -1 1090 0.0217491
Chain
	Aln	1	+SRR33939694.101424/1 285 1817 1827 -edge_1_0_+disjointig_1_0_47382 17315 18858 47382 -1 -1 1186 0.0245503
Chain
	Aln	0	-SRR33939694.101424/1 9 1541 1827 +edge_1_0_+disjointig_1_0_47382 28523 30066 47382 -1 -1 1186 0.0245503
Chain
	Aln	3	+SRR33939694.101479/1 113 1258 1260 -edge_2_0_+disjointig_2_0_44285 7665 8821 44285 -1 -1 789 0.0403241
Chain
	Aln	2	-SRR33939694.101479/1 1 1146 1260 +edge_2_0_+disjointig_2_0_44285 35463 36619 44285 -1 -1 789 0.0403241
Chain
	Aln	2	+SRR33939694.101500/1 122 1139 1144 +edge_2_0_+disjointig_2_0_44285 33254 34265 44285 -1 -1 846 0.0216947
Chain
	Aln	3	-SRR33939694.101500/1 4 1021 1144 -edge_2_0_+disjointig_2_0_44285 10019 11030 44285 -1 -1 846 0.0216947
Chain
	Aln	2	+SRR33939694.101493/1 123 1337 1341 +edge_2_0_+disjointig_2_0_44285 15228 16448 44285 -1 -1 972 0.0215224
Chain
	Aln	3	-SRR33939694.101493/1 3 1217 1341 -edge_2_0_+disjointig_2_0_44285 27836 29056 44285 -1 -1 972 0.0215224
Chain
	Aln	3	+SRR33939694.101523/1 143 1232 1249 -edge_2_0_+disjointig_2_0_44285 3199 4290 44285 -1 -1 783 0.0306114
Chain
	Aln	2	-SRR33939694.101523/1 16 1105 1249 +edge_2_0_+disjointig_2_0_44285 39994 41085 44285 -1 -1 783 0.0306114
Chain
	Aln	2	+SRR33939694.101531/1 136 1476 1478 +edge_2_0_+disjointig_2_0_44285 36368 37726 44285 -1 -1 1047 0.0289833
Chain
	Aln	3	-SRR33939694.101531/1 1 1341 1478 -edge_2_0_+disjointig_2_0_44285 6558 7916 44285 -1 -1 1047 0.0289833
Chain
	Aln	3	+SRR33939694.101585/1 122 1171 1175 -edge_2_0_+disjointig_2_0_44285 25394 26454 44285 -1 -1 894 0.0167952
Chain
	Aln	2	-SRR33939694.101585/1 3 1052 1175 +edge_2_0_+disjointig_2_0_44285 17830 18890 44285 -1 -1 894 0.0167952
Chain
	Aln	2	+SRR33939694.100991/1 143 8670 8692 +edge_2_0_+disjointig_2_0_44285 29047 37623 44285 -1 -1 6697 0.0256027
Chain
	Aln	3	-SRR33939694.100991/1 21 8548 8692 -edge_2_0_+disjointig_2_0_44285 6661 15237 44285 -1 -1 6697 0.0256027
Chain
	Aln	3	+SRR33939694.101607/1 123 1275 1281 -edge_2_0_+disjointig_2_0_44285 29259 30408 44285 -1 -1 963 0.0220982
Chain
	Aln	2	-SRR33939694.101607/1 5 1157 1281 +edge_2_0_+disjointig_2_0_44285 13876 15025 44285 -1 -1 963 0.0220982
Chain
	Aln	2	+SRR33939694.101739/1 119 1214 1267 +edge_2_0_+disjointig_2_0_44285 21379 22479 44285 -1 -1 929 0.0193812
Chain
	Aln	3	-SRR33939694.101739/1 52 1147 1267 -edge_2_0_+disjointig_2_0_44285 21805 22905 44285 -1 -1 929 0.0193812
Chain
	Aln	2	+SRR33939694.101704/1 121 1233 1243 +edge_2_0_+disjointig_2_0_44285 6419 7530 44285 -1 -1 956 0.0113029
Chain
	Aln	3	-SRR33939694.101704/1 9 1121 1243 -edge_2_0_+disjointig_2_0_44285 36754 37865 44285 -1 -1 956 0.0113029
Chain
	Aln	3	+SRR33939694.101662/1 126 1891 1897 -edge_2_0_+disjointig_2_0_44285 33439 35211 44285 -1 -1 1567 0.0161667
Chain
	Aln	2	-SRR33939694.101662/1 5 1770 1897 +edge_2_0_+disjointig_2_0_44285 9073 10845 44285 -1 -1 1567 0.0161667
Chain
	Aln	3	+SRR33939694.101778/1 124 1411 1430 -edge_2_0_+disjointig_2_0_44285 24063 25348 44285 -1 -1 1020 0.0239083
Chain
	Aln	2	-SRR33939694.101778/1 18 1305 1430 +edge_2_0_+disjointig_2_0_44285 18936 20221 44285 -1 -1 1020 0.0239083
Chain
	Aln	3	+SRR33939694.101788/1 114 1466 1501 -edge_2_0_+disjointig_2_0_44285 27748 29110 44285 -1 -1 1071 0.0228808
Chain
	Aln	2	-SRR33939694.101788/1 34 1386 1501 +edge_2_0_+disjointig_2_0_44285 15174 16536 44285 -1 -1 1071 0.0228808
Chain
	Aln	2	+SRR33939694.101782/1 127 1451 1461 +edge_2_0_+disjointig_2_0_44285 8248 9574 44285 -1 -1 1175 0.0159538
Chain
	Aln	3	-SRR33939694.101782/1 9 1333 1461 -edge_2_0_+disjointig_2_0_44285 34710 36036 44285 -1 -1 1175 0.0159538
Chain
	Aln	0	+SRR33939694.101766/1 768 2148 2154 +edge_1_0_+disjointig_1_0_47382 5722 7103 47382 -1 -1 1181 0.0193114
Chain
	Aln	1	-SRR33939694.101766/1 5 1385 2154 -edge_1_0_+disjointig_1_0_47382 40278 41659 47382 -1 -1 1181 0.0193114
Chain
	Aln	3	+SRR33939694.101844/1 129 1242 1310 -edge_2_0_+disjointig_2_0_44285 29483 30602 44285 -1 -1 873 0.0282433
Chain
	Aln	2	-SRR33939694.101844/1 67 1180 1310 +edge_2_0_+disjointig_2_0_44285 13682 14801 44285 -1 -1 873 0.0282433
Chain
	Aln	2	+SRR33939694.101802/1 141 1560 1564 +edge_2_0_+disjointig_2_0_44285 24524 25943 44285 -1 -1 1170 0.0202617
Chain
	Aln	3	-SRR33939694.101802/1 3 1422 1564 -edge_2_0_+disjointig_2_0_44285 18341 19760 44285 -1 -1 1170 0.0202617
Chain
	Aln	2	+SRR33939694.101833/1 123 1169 1207 +edge_2_0_+disjointig_2_0_44285 16578 17618 44285 -1 -1 699 0.0460617
Chain
	Aln	3	-SRR33939694.101833/1 37 1083 1207 -edge_2_0_+disjointig_2_0_44285 26666 27706 44285 -1 -1 699 0.0460617
Chain
	Aln	0	+SRR33939694.101879/1 217 1495 1594 +edge_1_0_+disjointig_1_0_47382 21886 23188 47382 -1 -1 975 0.0305368
Chain
	Aln	1	-SRR33939694.101879/1 98 1376 1594 -edge_1_0_+disjointig_1_0_47382 24193 25495 47382 -1 -1 975 0.0305368
Chain
	Aln	2	+SRR33939694.101910/1 118 1241 1277 +edge_2_0_+disjointig_2_0_44285 14980 16123 44285 -1 -1 828 0.0304328
Chain
	Aln	3	-SRR33939694.101910/1 35 1158 1277 -edge_2_0_+disjointig_2_0_44285 28161 29304 44285 -1 -1 828 0.0304328
Chain
	Aln	3	+SRR33939694.101885/1 110 1846 1853 -edge_2_0_+disjointig_2_0_44285 17634 19375 44285 -1 -1 962 0.059109
Chain
	Aln	2	-SRR33939694.101885/1 6 1742 1853 +edge_2_0_+disjointig_2_0_44285 24909 26650 44285 -1 -1 962 0.059109
Chain
	Aln	3	+SRR33939694.101983/1 109 1169 1207 -edge_2_0_+disjointig_2_0_44285 26600 27669 44285 -1 -1 868 0.0264956
Chain
	Aln	2	-SRR33939694.101983/1 37 1097 1207 +edge_2_0_+disjointig_2_0_44285 16615 17684 44285 -1 -1 868 0.0264956
Chain
	Aln	3	+SRR33939694.101991/1 118 1192 1231 -edge_2_0_+disjointig_2_0_44285 24037 25125 44285 -1 -1 881 0.0179246
Chain
	Aln	2	-SRR33939694.101991/1 38 1112 1231 +edge_2_0_+disjointig_2_0_44285 19159 20247 44285 -1 -1 881 0.0179246
Chain
	Aln	3	+SRR33939694.102019/1 112 1333 1347 -edge_2_0_+disjointig_2_0_44285 15642 16866 44285 -1 -1 1030 0.0202066
Chain
	Aln	2	-SRR33939694.102019/1 13 1234 1347 +edge_2_0_+disjointig_2_0_44285 27418 28642 44285 -1 -1 1030 0.0202066
Chain
	Aln	3	+SRR33939694.102028/1 121 1259 1264 -edge_2_0_+disjointig_2_0_44285 18879 20018 44285 -1 -1 933 0.0186385
Chain
	Aln	2	-SRR33939694.102028/1 4 1142 1264 +edge_2_0_+disjointig_2_0_44285 24266 25405 44285 -1 -1 933 0.0186385
Chain
	Aln	2	+SRR33939694.102153/1 152 1208 1218 +edge_2_0_+disjointig_2_0_44285 27675 28723 44285 -1 -1 917 0.0190587
Chain
	Aln	3	-SRR33939694.102153/1 9 1065 1218 -edge_2_0_+disjointig_2_0_44285 15561 16609 44285 -1 -1 917 0.0190587
Chain
	Aln	2	+SRR33939694.102060/1 126 1427 1450 +edge_2_0_+disjointig_2_0_44285 39027 40347 44285 -1 -1 988 0.030106
Chain
	Aln	3	-SRR33939694.102060/1 22 1323 1450 -edge_2_0_+disjointig_2_0_44285 3937 5257 44285 -1 -1 988 0.030106
Chain
	Aln	3	+SRR33939694.102276/1 106 1139 1145 -edge_2_0_+disjointig_2_0_44285 20439 21490 44285 -1 -1 737 0.0364115
Chain
	Aln	2	-SRR33939694.102276/1 5 1038 1145 +edge_2_0_+disjointig_2_0_44285 22794 23845 44285 -1 -1 737 0.0364115
Chain
	Aln	3	+SRR33939694.102341/1 114 1221 1230 -edge_2_0_+disjointig_2_0_44285 35001 36113 44285 -1 -1 925 0.0204293
Chain
	Aln	2	-SRR33939694.102341/1 8 1115 1230 +edge_2_0_+disjointig_2_0_44285 8171 9283 44285 -1 -1 925 0.0204293
Chain
	Aln	3	+SRR33939694.102335/1 116 1313 1317 -edge_2_0_+disjointig_2_0_44285 19245 20430 44285 -1 -1 1010 0.0227405
Chain
	Aln	2	-SRR33939694.102335/1 3 1200 1317 +edge_2_0_+disjointig_2_0_44285 23854 25039 44285 -1 -1 1010 0.0227405
Chain
	Aln	2	+SRR33939694.102383/1 119 1414 1418 +edge_2_0_+disjointig_2_0_44285 4432 5736 44285 -1 -1 1133 0.0130821
Chain
	Aln	3	-SRR33939694.102383/1 3 1298 1418 -edge_2_0_+disjointig_2_0_44285 38548 39852 44285 -1 -1 1133 0.0130821
Chain
	Aln	3	+SRR33939694.102472/1 109 1172 1214 -edge_2_0_+disjointig_2_0_44285 18462 19530 44285 -1 -1 923 0.0168332
Chain
	Aln	2	-SRR33939694.102472/1 41 1104 1214 +edge_2_0_+disjointig_2_0_44285 24754 25822 44285 -1 -1 923 0.0168332
Chain
	Aln	3	+SRR33939694.102415/1 120 1411 1419 -edge_2_0_+disjointig_2_0_44285 21701 22969 44285 -1 -1 988 0.0229704
Chain
	Aln	2	-SRR33939694.102415/1 7 1298 1419 +edge_2_0_+disjointig_2_0_44285 21315 22583 44285 -1 -1 988 0.0229704
Chain
	Aln	3	+SRR33939694.102471/1 131 1441 1445 -edge_2_0_+disjointig_2_0_44285 21391 22704 44285 -1 -1 1048 0.0228648
Chain
	Aln	2	-SRR33939694.102471/1 3 1313 1445 +edge_2_0_+disjointig_2_0_44285 21580 22893 44285 -1 -1 1048 0.0228648
Chain
	Aln	3	+SRR33939694.102384/1 132 1662 1666 -edge_2_0_+disjointig_2_0_44285 13964 15500 44285 -1 -1 1272 0.0249223
Chain
	Aln	2	-SRR33939694.102384/1 3 1533 1666 +edge_2_0_+disjointig_2_0_44285 28784 30320 44285 -1 -1 1272 0.0249223
Chain
	Aln	2	+SRR33939694.102474/1 127 1316 1352 +edge_2_0_+disjointig_2_0_44285 27195 28383 44285 -1 -1 971 0.0227449
Chain
	Aln	3	-SRR33939694.102474/1 35 1224 1352 -edge_2_0_+disjointig_2_0_44285 15901 17089 44285 -1 -1 971 0.0227449
Chain
	Aln	3	+SRR33939694.102503/1 118 1247 1277 -edge_2_0_+disjointig_2_0_44285 25098 26245 44285 -1 -1 949 0.0198345
Chain
	Aln	2	-SRR33939694.102503/1 29 1158 1277 +edge_2_0_+disjointig_2_0_44285 18039 19186 44285 -1 -1 949 0.0198345
Chain
	Aln	2	+SRR33939694.102491/1 146 1311 1322 +edge_2_0_+disjointig_2_0_44285 40979 42153 44285 -1 -1 1005 0.0137942
Chain
	Aln	3	-SRR33939694.102491/1 10 1175 1322 -edge_2_0_+disjointig_2_0_44285 2131 3305 44285 -1 -1 1005 0.0137942
Chain
	Aln	3	+SRR33939694.102511/1 140 1586 1621 -edge_2_0_+disjointig_2_0_44285 1908 3359 44285 -1 -1 1254 0.0146094
Chain
	Aln	2	-SRR33939694.102511/1 34 1480 1621 +edge_2_0_+disjointig_2_0_44285 40925 42376 44285 -1 -1 1254 0.0146094
Chain
	Aln	3	+SRR33939694.102605/1 161 1521 1604 -edge_2_0_+disjointig_2_0_44285 35082 36447 44285 -1 -1 1081 0.0258802
Chain
	Aln	2	-SRR33939694.102605/1 82 1442 1604 +edge_2_0_+disjointig_2_0_44285 7837 9202 44285 -1 -1 1081 0.0258802
Chain
	Aln	3	+SRR33939694.102633/1 117 1450 1469 -edge_2_0_+disjointig_2_0_44285 21933 23280 44285 -1 -1 1187 0.0125645
Chain
	Aln	2	-SRR33939694.102633/1 18 1351 1469 +edge_2_0_+disjointig_2_0_44285 21004 22351 44285 -1 -1 1187 0.0125645
Chain
	Aln	3	+SRR33939694.102748/1 114 1211 1245 -edge_2_0_+disjointig_2_0_44285 16365 17471 44285 -1 -1 933 0.0226325
Chain
	Aln	2	-SRR33939694.102748/1 33 1130 1245 +edge_2_0_+disjointig_2_0_44285 26813 27919 44285 -1 -1 933 0.0226325
Chain
	Aln	3	+SRR33939694.102805/1 125 1217 1233 -edge_2_0_+disjointig_2_0_44285 9542 10632 44285 -1 -1 623 0.0527968
Chain
	Aln	2	-SRR33939694.102805/1 15 1107 1233 +edge_2_0_+disjointig_2_0_44285 33652 34742 44285 -1 -1 623 0.0527968
Chain
	Aln	2	+SRR33939694.102825/1 142 1158 1160 +edge_2_0_+disjointig_2_0_44285 39556 40569 44285 -1 -1 881 0.0211791
Chain
	Aln	3	-SRR33939694.102825/1 1 1017 1160 -edge_2_0_+disjointig_2_0_44285 3715 4728 44285 -1 -1 881 0.0211791
Chain
	Aln	2	+SRR33939694.102879/1 124 1391 1395 +edge_2_0_+disjointig_2_0_44285 13795 15062 44285 -1 -1 1001 0.0256876
Chain
	Aln	3	-SRR33939694.102879/1 3 1270 1395 -edge_2_0_+disjointig_2_0_44285 29222 30489 44285 -1 -1 1001 0.0256876
Chain
	Aln	2	+SRR33939694.102852/1 170 1393 1401 +edge_2_0_+disjointig_2_0_44285 6615 7853 44285 -1 -1 889 0.0259263
Chain
	Aln	3	-SRR33939694.102852/1 7 1230 1401 -edge_2_0_+disjointig_2_0_44285 36431 37669 44285 -1 -1 889 0.0259263
Chain
	Aln	3	+SRR33939694.102889/1 116 1350 1353 -edge_2_0_+disjointig_2_0_44285 38351 39586 44285 -1 -1 1072 0.0157388
Chain
	Aln	2	-SRR33939694.102889/1 2 1236 1353 +edge_2_0_+disjointig_2_0_44285 4698 5933 44285 -1 -1 1072 0.0157388
Chain
	Aln	3	+SRR33939694.102915/1 169 1300 1312 -edge_2_0_+disjointig_2_0_44285 29638 30757 44285 -1 -1 604 0.0593881
Chain
	Aln	2	-SRR33939694.102915/1 11 1142 1312 +edge_2_0_+disjointig_2_0_44285 13527 14646 44285 -1 -1 604 0.0593881
Chain
	Aln	3	+SRR33939694.102907/1 130 2087 2111 -edge_2_0_+disjointig_2_0_44285 9773 11740 44285 -1 -1 1564 0.0250101
Chain
	Aln	2	-SRR33939694.102907/1 23 1980 2111 +edge_2_0_+disjointig_2_0_44285 32544 34511 44285 -1 -1 1564 0.0250101
Chain
	Aln	3	+SRR33939694.103033/1 131 1137 1142 -edge_2_0_+disjointig_2_0_44285 33953 34961 44285 -1 -1 913 0.013432
Chain
	Aln	2	-SRR33939694.103033/1 4 1010 1142 +edge_2_0_+disjointig_2_0_44285 9323 10331 44285 -1 -1 913 0.013432
Chain
	Aln	2	+SRR33939694.103070/1 119 1201 1206 +edge_2_0_+disjointig_2_0_44285 25197 26289 44285 -1 -1 896 0.0177389
Chain
	Aln	3	-SRR33939694.103070/1 4 1086 1206 -edge_2_0_+disjointig_2_0_44285 17995 19087 44285 -1 -1 896 0.0177389
Chain
	Aln	2	+SRR33939694.102965/1 112 1664 1680 +edge_2_0_+disjointig_2_0_44285 10394 11942 44285 -1 -1 1408 0.0144332
Chain
	Aln	3	-SRR33939694.102965/1 15 1567 1680 -edge_2_0_+disjointig_2_0_44285 32342 33890 44285 -1 -1 1408 0.0144332
Chain
	Aln	3	+SRR33939694.103117/1 120 1503 1514 -edge_2_0_+disjointig_2_0_44285 9309 10690 44285 -1 -1 1199 0.0168524
Chain
	Aln	2	-SRR33939694.103117/1 10 1393 1514 +edge_2_0_+disjointig_2_0_44285 33594 34975 44285 -1 -1 1199 0.0168524
Chain
	Aln	2	+SRR33939694.103141/1 116 1217 1246 +edge_2_0_+disjointig_2_0_44285 2909 4022 44285 -1 -1 870 0.0303089
Chain
	Aln	3	-SRR33939694.103141/1 28 1129 1246 -edge_2_0_+disjointig_2_0_44285 40262 41375 44285 -1 -1 870 0.0303089
Chain
	Aln	2	+SRR33939694.103245/1 149 1406 1417 +edge_2_0_+disjointig_2_0_44285 28599 29880 44285 -1 -1 777 0.0474843
Chain
	Aln	3	-SRR33939694.103245/1 10 1267 1417 -edge_2_0_+disjointig_2_0_44285 14404 15685 44285 -1 -1 777 0.0474843
Chain
	Aln	3	+SRR33939694.103325/1 108 1245 1256 -edge_2_0_+disjointig_2_0_44285 22667 23808 44285 -1 -1 1007 0.019526
Chain
	Aln	2	-SRR33939694.103325/1 10 1147 1256 +edge_2_0_+disjointig_2_0_44285 20476 21617 44285 -1 -1 1007 0.019526
Chain
	Aln	2	+SRR33939694.103326/1 116 1620 1624 +edge_2_0_+disjointig_2_0_44285 22643 24157 44285 -1 -1 1324 0.0176834
Chain
	Aln	3	-SRR33939694.103326/1 3 1507 1624 -edge_2_0_+disjointig_2_0_44285 20127 21641 44285 -1 -1 1324 0.0176834
Chain
	Aln	3	+SRR33939694.103333/1 129 1873 1875 -edge_2_0_+disjointig_2_0_44285 10530 12295 44285 -1 -1 1057 0.052761
Chain
	Aln	2	-SRR33939694.103333/1 1 1745 1875 +edge_2_0_+disjointig_2_0_44285 31989 33754 44285 -1 -1 1057 0.052761
Chain
	Aln	3	+SRR33939694.103376/1 191 1241 1289 -edge_2_0_+disjointig_2_0_44285 38900 39969 44285 -1 -1 611 0.0545236
Chain
	Aln	2	-SRR33939694.103376/1 47 1097 1289 +edge_2_0_+disjointig_2_0_44285 4315 5384 44285 -1 -1 611 0.0545236
Chain
	Aln	2	+SRR33939694.103339/1 165 1167 1177 +edge_2_0_+disjointig_2_0_44285 13092 14099 44285 -1 -1 798 0.0300281
Chain
	Aln	3	-SRR33939694.103339/1 9 1011 1177 -edge_2_0_+disjointig_2_0_44285 30185 31192 44285 -1 -1 798 0.0300281
Chain
	Aln	2	+SRR33939694.103260/1 123 2222 2228 +edge_2_0_+disjointig_2_0_44285 8508 10632 44285 -1 -1 1673 0.0258724
Chain
	Aln	3	-SRR33939694.103260/1 5 2104 2228 -edge_2_0_+disjointig_2_0_44285 33652 35776 44285 -1 -1 1673 0.0258724
Chain
	Aln	2	+SRR33939694.103467/1 118 1127 1131 +edge_2_0_+disjointig_2_0_44285 3169 4171 44285 -1 -1 842 0.0155402
Chain
	Aln	3	-SRR33939694.103467/1 3 1012 1131 -edge_2_0_+disjointig_2_0_44285 40113 41115 44285 -1 -1 842 0.0155402
Chain
	Aln	2	+SRR33939694.103439/1 117 1317 1326 +edge_2_0_+disjointig_2_0_44285 26060 27266 44285 -1 -1 954 0.0260313
Chain
	Aln	3	-SRR33939694.103439/1 8 1208 1326 -edge_2_0_+disjointig_2_0_44285 17018 18224 44285 -1 -1 954 0.0260313
Chain
	Aln	3	+SRR33939694.103391/1 169 2185 2189 -edge_2_0_+disjointig_2_0_44285 16914 18948 44285 -1 -1 1736 0.0187809
Chain
	Aln	2	-SRR33939694.103391/1 3 2019 2189 +edge_2_0_+disjointig_2_0_44285 25336 27370 44285 -1 -1 1736 0.0187809
Chain
	Aln	3	+SRR33939694.103517/1 118 1305 1315 -edge_2_0_+disjointig_2_0_44285 25109 26313 44285 -1 -1 803 0.0416177
Chain
	Aln	2	-SRR33939694.103517/1 9 1196 1315 +edge_2_0_+disjointig_2_0_44285 17971 19175 44285 -1 -1 803 0.0416177
Chain
	Aln	3	+SRR33939694.103799/1 117 1180 1183 -edge_2_0_+disjointig_2_0_44285 40039 41097 44285 -1 -1 939 0.0134191
Chain
	Aln	2	-SRR33939694.103799/1 2 1065 1183 +edge_2_0_+disjointig_2_0_44285 3187 4245 44285 -1 -1 939 0.0134191
Chain
	Aln	2	+SRR33939694.103808/1 143 1252 1257 +edge_2_0_+disjointig_2_0_44285 23758 24876 44285 -1 -1 898 0.0268066
Chain
	Aln	3	-SRR33939694.103808/1 4 1113 1257 -edge_2_0_+disjointig_2_0_44285 19408 20526 44285 -1 -1 898 0.0268066
Chain
	Aln	2	+SRR33939694.103785/1 119 1599 1610 +edge_2_0_+disjointig_2_0_44285 31537 33020 44285 -1 -1 1315 0.0150421
Chain
	Aln	3	-SRR33939694.103785/1 10 1490 1610 -edge_2_0_+disjointig_2_0_44285 11264 12747 44285 -1 -1 1315 0.0150421
Chain
	Aln	0	+SRR33939694.103784/1 353 2675 2708 +edge_1_0_+disjointig_1_0_47382 860 3188 47382 -1 -1 2050 0.0155981
Chain
	Aln	1	-SRR33939694.103784/1 32 2354 2708 -edge_1_0_+disjointig_1_0_47382 44193 46521 47382 -1 -1 2050 0.0155981
Chain
	Aln	1	+SRR33939694.103793/1 327 2600 2604 -edge_1_0_+disjointig_1_0_47382 44544 46818 47382 -1 -1 1856 0.0207177
Chain
	Aln	0	-SRR33939694.103793/1 3 2276 2604 +edge_1_0_+disjointig_1_0_47382 563 2837 47382 -1 -1 1856 0.0207177
Chain
	Aln	3	+SRR33939694.103882/1 110 1737 1747 -edge_2_0_+disjointig_2_0_44285 12084 13729 44285 -1 -1 1251 0.0299275
Chain
	Aln	2	-SRR33939694.103882/1 9 1636 1747 +edge_2_0_+disjointig_2_0_44285 30555 32200 44285 -1 -1 1251 0.0299275
Chain
	Aln	2	+SRR33939694.103908/1 140 1351 1358 +edge_2_0_+disjointig_2_0_44285 35007 36215 44285 -1 -1 849 0.0310527
Chain
	Aln	3	-SRR33939694.103908/1 6 1217 1358 -edge_2_0_+disjointig_2_0_44285 8069 9277 44285 -1 -1 849 0.0310527
Chain
	Aln	2	+SRR33939694.103995/1 111 1137 1195 +edge_2_0_+disjointig_2_0_44285 13059 14099 44285 -1 -1 900 0.0164917
Chain
	Aln	3	-SRR33939694.103995/1 57 1083 1195 -edge_2_0_+disjointig_2_0_44285 30185 31225 44285 -1 -1 900 0.0164917
Chain
	Aln	3	+SRR33939694.104015/1 135 1218 1223 -edge_2_0_+disjointig_2_0_44285 2429 3493 44285 -1 -1 891 0.0168533
Chain
	Aln	2	-SRR33939694.104015/1 4 1087 1223 +edge_2_0_+disjointig_2_0_44285 40791 41855 44285 -1 -1 891 0.0168533
Chain
	Aln	3	+SRR33939694.104001/1 126 1215 1219 -edge_2_0_+disjointig_2_0_44285 10240 11327 44285 -1 -1 904 0.0243556
Chain
	Aln	2	-SRR33939694.104001/1 3 1092 1219 +edge_2_0_+disjointig_2_0_44285 32957 34044 44285 -1 -1 904 0.0243556
Chain
	Aln	3	+SRR33939694.104031/1 127 1148 1151 -edge_2_0_+disjointig_2_0_44285 30185 31192 44285 -1 -1 909 0.0166543
Chain
	Aln	2	-SRR33939694.104031/1 2 1023 1151 +edge_2_0_+disjointig_2_0_44285 13092 14099 44285 -1 -1 909 0.0166543
Chain
	Aln	3	+SRR33939694.103853/1 143 3259 3281 -edge_2_0_+disjointig_2_0_44285 41148 44278 44285 -1 -1 2657 0.0169548
Chain
	Aln	2	-SRR33939694.103853/1 21 3137 3281 +edge_2_0_+disjointig_2_0_44285 6 3136 44285 -1 -1 2657 0.0169548
Chain
	Aln	2	+SRR33939694.104043/1 121 1326 1331 +edge_2_0_+disjointig_2_0_44285 26903 28111 44285 -1 -1 1025 0.0140975
Chain
	Aln	3	-SRR33939694.104043/1 4 1209 1331 -edge_2_0_+disjointig_2_0_44285 16173 17381 44285 -1 -1 1025 0.0140975
Chain
	Aln	3	+SRR33939694.104045/1 111 1255 1270 -edge_2_0_+disjointig_2_0_44285 3673 4819 44285 -1 -1 978 0.0182249
Chain
	Aln	2	-SRR33939694.104045/1 14 1158 1270 +edge_2_0_+disjointig_2_0_44285 39465 40611 44285 -1 -1 978 0.0182249
Chain
	Aln	1	+SRR33939694.104034/1 253 1312 1331 -edge_1_0_+disjointig_1_0_47382 14979 16050 47382 -1 -1 861 0.029523
Chain
	Aln	0	-SRR33939694.104034/1 18 1077 1331 +edge_1_0_+disjointig_1_0_47382 31331 32402 47382 -1 -1 861 0.029523
Chain
	Aln	2	+SRR33939694.104073/1 121 1274 1277 +edge_2_0_+disjointig_2_0_44285 5783 6941 44285 -1 -1 1061 0.0105996
Chain
	Aln	3	-SRR33939694.104073/1 2 1155 1277 -edge_2_0_+disjointig_2_0_44285 37343 38501 44285 -1 -1 1061 0.0105996
Chain
	Aln	2	+SRR33939694.104278/1 116 1255 1277 +edge_2_0_+disjointig_2_0_44285 33157 34311 44285 -1 -1 974 0.0222002
Chain
	Aln	3	-SRR33939694.104278/1 21 1160 1277 -edge_2_0_+disjointig_2_0_44285 9973 11127 44285 -1 -1 974 0.0222002
Chain
	Aln	2	+SRR33939694.104275/1 118 1358 1361 +edge_2_0_+disjointig_2_0_44285 29634 30882 44285 -1 -1 1044 0.0195162
Chain
	Aln	3	-SRR33939694.104275/1 2 1242 1361 -edge_2_0_+disjointig_2_0_44285 13402 14650 44285 -1 -1 1044 0.0195162
Chain
	Aln	3	+SRR33939694.104297/1 125 1282 1301 -edge_2_0_+disjointig_2_0_44285 16005 17155 44285 -1 -1 975 0.0180228
Chain
	Aln	2	-SRR33939694.104297/1 18 1175 1301 +edge_2_0_+disjointig_2_0_44285 27129 28279 44285 -1 -1 975 0.0180228
Chain
	Aln	3	+SRR33939694.104151/1 128 1395 1397 -edge_2_0_+disjointig_2_0_44285 21144 22417 44285 -1 -1 1004 0.0251812
Chain
	Aln	2	-SRR33939694.104151/1 1 1268 1397 +edge_2_0_+disjointig_2_0_44285 21867 23140 44285 -1 -1 1004 0.0251812
Chain
	Aln	3	+SRR33939694.104302/1 124 1190 1194 -edge_2_0_+disjointig_2_0_44285 23368 24436 44285 -1 -1 974 0.00928136
Chain
	Aln	2	-SRR33939694.104302/1 3 1069 1194 +edge_2_0_+disjointig_2_0_44285 19848 20916 44285 -1 -1 974 0.00928136
Chain
	Aln	2	+SRR33939694.104337/1 131 1405 1417 +edge_2_0_+disjointig_2_0_44285 13461 14737 44285 -1 -1 1105 0.0169799
Chain
	Aln	3	-SRR33939694.104337/1 11 1285 1417 -edge_2_0_+disjointig_2_0_44285 29547 30823 44285 -1 -1 1105 0.0169799
Chain
	Aln	2	+SRR33939694.104399/1 129 1243 1269 +edge_2_0_+disjointig_2_0_44285 17747 18867 44285 -1 -1 943 0.0238033
Chain
	Aln	3	-SRR33939694.104399/1 25 1139 1269 -edge_2_0_+disjointig_2_0_44285 25417 26537 44285 -1 -1 943 0.0238033
Chain
	Aln	3	+SRR33939694.104459/1 101 1295 1305 -edge_2_0_+disjointig_2_0_44285 22306 23507 44285 -1 -1 917 0.0301141
Chain
	Aln	2	-SRR33939694.104459/1 9 1203 1305 +edge_2_0_+disjointig_2_0_44285 20777 21978 44285 -1 -1 917 0.0301141
Chain
	Aln	2	+SRR33939694.104566/1 118 1564 1568 +edge_2_0_+disjointig_2_0_44285 29477 30929 44285 -1 -1 1197 0.023575
Chain
	Aln	3	-SRR33939694.104566/1 3 1449 1568 -edge_2_0_+disjointig_2_0_44285 13355 14807 44285 -1 -1 1197 0.023575
Chain
	Aln	3	+SRR33939694.104577/1 111 1270 1274 -edge_2_0_+disjointig_2_0_44285 31120 32281 44285 -1 -1 1053 0.011087
Chain
	Aln	2	-SRR33939694.104577/1 3 1162 1274 +edge_2_0_+disjointig_2_0_44285 12003 13164 44285 -1 -1 1053 0.011087
Chain
	Aln	2	+SRR33939694.104674/1 131 1462 1465 +edge_2_0_+disjointig_2_0_44285 36199 37538 44285 -1 -1 956 0.0317694
Chain
	Aln	3	-SRR33939694.104674/1 2 1333 1465 -edge_2_0_+disjointig_2_0_44285 6746 8085 44285 -1 -1 956 0.0317694
Chain
	Aln	0	+SRR33939694.104567/1 455 3041 3045 +edge_1_0_+disjointig_1_0_47382 27344 29935 47382 -1 -1 1866 0.035247
Chain
	Aln	1	-SRR33939694.104567/1 3 2589 3045 -edge_1_0_+disjointig_1_0_47382 17446 20037 47382 -1 -1 1866 0.035247
Chain
	Aln	3	+SRR33939694.104721/1 123 1417 1420 -edge_2_0_+disjointig_2_0_44285 26876 28174 44285 -1 -1 1036 0.0283059
Chain
	Aln	2	-SRR33939694.104721/1 2 1296 1420 +edge_2_0_+disjointig_2_0_44285 16110 17408 44285 -1 -1 1036 0.0283059
Chain
	Aln	0	+SRR33939694.104240/1 375 5163 5179 +edge_1_0_+disjointig_1_0_47382 16156 20938 47382 -1 -1 4065 0.0185234
Chain
	Aln	1	-SRR33939694.104240/1 15 4803 5179 -edge_1_0_+disjointig_1_0_47382 26443 31225 47382 -1 -1 4065 0.0185234
Chain
	Aln	2	+SRR33939694.104765/1 129 1352 1379 +edge_2_0_+disjointig_2_0_44285 5907 7139 44285 -1 -1 822 0.0408308
Chain
	Aln	3	-SRR33939694.104765/1 26 1249 1379 -edge_2_0_+disjointig_2_0_44285 37145 38377 44285 -1 -1 822 0.0408308
Chain
	Aln	3	+SRR33939694.104771/1 118 1537 1558 -edge_2_0_+disjointig_2_0_44285 13710 15141 44285 -1 -1 1107 0.0279271
Chain
	Aln	2	-SRR33939694.104771/1 20 1439 1558 +edge_2_0_+disjointig_2_0_44285 29143 30574 44285 -1 -1 1107 0.0279271
Chain
	Aln	2	+SRR33939694.104775/1 117 1614 1620 +edge_2_0_+disjointig_2_0_44285 33177 34692 44285 -1 -1 1066 0.0298477
Chain
	Aln	3	-SRR33939694.104775/1 5 1502 1620 -edge_2_0_+disjointig_2_0_44285 9592 11107 44285 -1 -1 1066 0.0298477
Chain
	Aln	2	+SRR33939694.104854/1 126 1292 1295 +edge_2_0_+disjointig_2_0_44285 36907 38086 44285 -1 -1 1030 0.0195116
Chain
	Aln	3	-SRR33939694.104854/1 2 1168 1295 -edge_2_0_+disjointig_2_0_44285 6198 7377 44285 -1 -1 1030 0.0195116
Chain
	Aln	2	+SRR33939694.104921/1 175 1250 1300 +edge_2_0_+disjointig_2_0_44285 32681 33754 44285 -1 -1 926 0.0231472
Chain
	Aln	3	-SRR33939694.104921/1 49 1124 1300 -edge_2_0_+disjointig_2_0_44285 10530 11603 44285 -1 -1 926 0.0231472
Chain
	Aln	2	+SRR33939694.104991/1 119 1758 1767 +edge_2_0_+disjointig_2_0_44285 5461 7115 44285 -1 -1 1432 0.0155742
Chain
	Aln	3	-SRR33939694.104991/1 8 1647 1767 -edge_2_0_+disjointig_2_0_44285 37169 38823 44285 -1 -1 1432 0.0155742
Chain
	Aln	2	+SRR33939694.104917/1 131 2051 2060 +edge_2_0_+disjointig_2_0_44285 22671 24587 44285 -1 -1 1571 0.0243465
Chain
	Aln	3	-SRR33939694.104917/1 8 1928 2060 -edge_2_0_+disjointig_2_0_44285 19697 21613 44285 -1 -1 1571 0.0243465
Chain
	Aln	3	+SRR33939694.105092/1 146 1432 1454 -edge_2_0_+disjointig_2_0_44285 23779 25085 44285 -1 -1 995 0.0259126
Chain
	Aln	2	-SRR33939694.105092/1 21 1307 1454 +edge_2_0_+disjointig_2_0_44285 19199 20505 44285 -1 -1 995 0.0259126
Chain
	Aln	2	+SRR33939694.105010/1 121 1903 1911 +edge_2_0_+disjointig_2_0_44285 20985 22775 44285 -1 -1 1536 0.0184664
Chain
	Aln	3	-SRR33939694.105010/1 7 1789 1911 -edge_2_0_+disjointig_2_0_44285 21509 23299 44285 -1 -1 1536 0.0184664
Chain
	Aln	3	+SRR33939694.105161/1 155 1219 1236 -edge_2_0_+disjointig_2_0_44285 27108 28177 44285 -1 -1 872 0.023716
Chain
	Aln	2	-SRR33939694.105161/1 16 1080 1236 +edge_2_0_+disjointig_2_0_44285 16107 17176 44285 -1 -1 872 0.023716
Chain
	Aln	3	+SRR33939694.105143/1 171 1810 1820 -edge_2_0_+disjointig_2_0_44285 10569 12205 44285 -1 -1 1453 0.0140285
Chain
	Aln	2	-SRR33939694.105143/1 9 1648 1820 +edge_2_0_+disjointig_2_0_44285 32079 33715 44285 -1 -1 1453 0.0140285
Chain
	Aln	2	+SRR33939694.105134/1 172 1713 1722 +edge_2_0_+disjointig_2_0_44285 10177 11722 44285 -1 -1 1220 0.0262382
Chain
	Aln	3	-SRR33939694.105134/1 8 1549 1722 -edge_2_0_+disjointig_2_0_44285 32562 34107 44285 -1 -1 1220 0.0262382
Chain
	Aln	1	+SRR33939694.105168/1 305 1546 1555 -edge_1_0_+disjointig_1_0_47382 6476 7721 47382 -1 -1 1078 0.015196
Chain
	Aln	0	-SRR33939694.105168/1 8 1249 1555 +edge_1_0_+disjointig_1_0_47382 39660 40905 47382 -1 -1 1078 0.015196
Chain
	Aln	1	+SRR33939694.105142/1 519 2022 2058 -edge_1_0_+disjointig_1_0_47382 29723 31212 47382 -1 -1 1300 0.0184193
Chain
	Aln	0	-SRR33939694.105142/1 35 1538 2058 +edge_1_0_+disjointig_1_0_47382 16169 17658 47382 -1 -1 1300 0.0184193
Chain
	Aln	2	+SRR33939694.105246/1 112 1135 1177 +edge_2_0_+disjointig_2_0_44285 11269 12299 44285 -1 -1 673 0.0406028
Chain
	Aln	3	-SRR33939694.105246/1 41 1064 1177 -edge_2_0_+disjointig_2_0_44285 31985 33015 44285 -1 -1 673 0.0406028
Chain
	Aln	3	+SRR33939694.105282/1 123 1169 1177 -edge_2_0_+disjointig_2_0_44285 4625 5675 44285 -1 -1 874 0.0204411
Chain
	Aln	2	-SRR33939694.105282/1 7 1053 1177 +edge_2_0_+disjointig_2_0_44285 38609 39659 44285 -1 -1 874 0.0204411
Chain
	Aln	2	+SRR33939694.105339/1 116 1156 1197 +edge_2_0_+disjointig_2_0_44285 25273 26310 44285 -1 -1 958 0.00666501
Chain
	Aln	3	-SRR33939694.105339/1 40 1080 1197 -edge_2_0_+disjointig_2_0_44285 17974 19011 44285 -1 -1 958 0.00666501
Chain
	Aln	2	+SRR33939694.105272/1 162 1389 1414 +edge_2_0_+disjointig_2_0_44285 30681 31915 44285 -1 -1 858 0.0358955
Chain
	Aln	3	-SRR33939694.105272/1 24 1251 1414 -edge_2_0_+disjointig_2_0_44285 12369 13603 44285 -1 -1 858 0.0358955
Chain
	Aln	2	+SRR33939694.105347/1 124 1284 1288 +edge_2_0_+disjointig_2_0_44285 14758 15921 44285 -1 -1 1012 0.0157288
Chain
	Aln	3	-SRR33939694.105347/1 3 1163 1288 -edge_2_0_+disjointig_2_0_44285 28363 29526 44285 -1 -1 1012 0.0157288
Chain
	Aln	2	+SRR33939694.105474/1 127 1308 1311 +edge_2_0_+disjointig_2_0_44285 28004 29191 44285 -1 -1 987 0.0187745
Chain
	Aln	3	-SRR33939694.105474/1 2 1183 1311 -edge_2_0_+disjointig_2_0_44285 15093 16280 44285 -1 -1 987 0.0187745
Chain
	Aln	2	+SRR33939694.105713/1 125 1296 1306 +edge_2_0_+disjointig_2_0_44285 9521 10694 44285 -1 -1 1016 0.0195947
Chain
	Aln	3	-SRR33939694.105713/1 9 1180 1306 -edge_2_0_+disjointig_2_0_44285 33590 34763 44285 -1 -1 1016 0.0195947
Chain
	Aln	0	+SRR33939694.105600/1 601 1927 1954 +edge_1_0_+disjointig_1_0_47382 8631 9979 47382 -1 -1 949 0.0351371
Chain
	Aln	1	-SRR33939694.105600/1 26 1352 1954 -edge_1_0_+disjointig_1_0_47382 37402 38750 47382 -1 -1 949 0.0351371
Chain
	Aln	3	+SRR33939694.105671/1 129 1311 1334 -edge_2_0_+disjointig_2_0_44285 34778 35953 44285 -1 -1 870 0.0338471
Chain
	Aln	2	-SRR33939694.105671/1 22 1204 1334 +edge_2_0_+disjointig_2_0_44285 8331 9506 44285 -1 -1 870 0.0338471
Chain
	Aln	2	+SRR33939694.105714/1 115 1804 1808 +edge_2_0_+disjointig_2_0_44285 29499 31198 44285 -1 -1 1088 0.0417731
Chain
	Aln	3	-SRR33939694.105714/1 3 1692 1808 -edge_2_0_+disjointig_2_0_44285 13086 14785 44285 -1 -1 1088 0.0417731
Chain
	Aln	3	+SRR33939694.105610/1 139 1676 1685 -edge_2_0_+disjointig_2_0_44285 2677 4237 44285 -1 -1 1171 0.0301689
Chain
	Aln	2	-SRR33939694.105610/1 8 1545 1685 +edge_2_0_+disjointig_2_0_44285 40047 41607 44285 -1 -1 1171 0.0301689
Chain
	Aln	3	+SRR33939694.105760/1 108 1253 1264 -edge_2_0_+disjointig_2_0_44285 11842 12995 44285 -1 -1 973 0.0197479
Chain
	Aln	2	-SRR33939694.105760/1 10 1155 1264 +edge_2_0_+disjointig_2_0_44285 31289 32442 44285 -1 -1 973 0.0197479
Chain
	Aln	2	+SRR33939694.105781/1 115 1159 1177 +edge_2_0_+disjointig_2_0_44285 36789 37831 44285 -1 -1 946 0.0167175
Chain
	Aln	3	-SRR33939694.105781/1 17 1061 1177 -edge_2_0_+disjointig_2_0_44285 6453 7495 44285 -1 -1 946 0.0167175
Chain
	Aln	3	+SRR33939694.105912/1 113 1482 1492 -edge_2_0_+disjointig_2_0_44285 25689 27080 44285 -1 -1 1022 0.0323764
Chain
	Aln	2	-SRR33939694.105912/1 9 1378 1492 +edge_2_0_+disjointig_2_0_44285 17204 18595 44285 -1 -1 1022 0.0323764
Chain
	Aln	3	+SRR33939694.105950/1 133 1224 1241 -edge_2_0_+disjointig_2_0_44285 24175 25276 44285 -1 -1 989 0.0128704
Chain
	Aln	2	-SRR33939694.105950/1 16 1107 1241 +edge_2_0_+disjointig_2_0_44285 19008 20109 44285 -1 -1 989 0.0128704
Chain
	Aln	2	+SRR33939694.105952/1 114 1323 1341 +edge_2_0_+disjointig_2_0_44285 5235 6448 44285 -1 -1 988 0.0211839
Chain
	Aln	3	-SRR33939694.105952/1 17 1226 1341 -edge_2_0_+disjointig_2_0_44285 37836 39049 44285 -1 -1 988 0.0211839
Chain
	Aln	2	+SRR33939694.106013/1 112 1452 1455 +edge_2_0_+disjointig_2_0_44285 28326 29675 44285 -1 -1 1266 0.016014
Chain
	Aln	3	-SRR33939694.106013/1 2 1342 1455 -edge_2_0_+disjointig_2_0_44285 14609 15958 44285 -1 -1 1266 0.016014
Chain
	Aln	3	+SRR33939694.106063/1 124 1391 1401 -edge_2_0_+disjointig_2_0_44285 17018 18290 44285 -1 -1 1134 0.012243
Chain
	Aln	2	-SRR33939694.106063/1 9 1276 1401 +edge_2_0_+disjointig_2_0_44285 25994 27266 44285 -1 -1 1134 0.012243
Chain
	Aln	2	+SRR33939694.106060/1 117 1759 1767 +edge_2_0_+disjointig_2_0_44285 7412 9071 44285 -1 -1 1343 0.0227758
Chain
	Aln	3	-SRR33939694.106060/1 7 1649 1767 -edge_2_0_+disjointig_2_0_44285 35213 36872 44285 -1 -1 1343 0.0227758
Chain
	Aln	2	+SRR33939694.106146/1 215 1469 1474 +edge_2_0_+disjointig_2_0_44285 1747 2995 44285 -1 -1 875 0.0326544
Chain
	Aln	3	-SRR33939694.106146/1 4 1258 1474 -edge_2_0_+disjointig_2_0_44285 41289 42537 44285 -1 -1 875 0.0326544
Chain
	Aln	3	+SRR33939694.106232/1 119 1226 1246 -edge_2_0_+disjointig_2_0_44285 5504 6622 44285 -1 -1 810 0.0259016
Chain
	Aln	2	-SRR33939694.106232/1 19 1126 1246 +edge_2_0_+disjointig_2_0_44285 37662 38780 44285 -1 -1 810 0.0259016
Chain
	Aln	2	+SRR33939694.106299/1 122 1378 1384 +edge_2_0_+disjointig_2_0_44285 1500 2760 44285 -1 -1 1067 0.0149007
Chain
	Aln	3	-SRR33939694.106299/1 5 1261 1384 -edge_2_0_+disjointig_2_0_44285 41524 42784 44285 -1 -1 1067 0.0149007
Chain
	Aln	2	+SRR33939694.106335/1 120 1191 1203 +edge_2_0_+disjointig_2_0_44285 9609 10683 44285 -1 -1 907 0.0204776
Chain
	Aln	3	-SRR33939694.106335/1 11 1082 1203 -edge_2_0_+disjointig_2_0_44285 33601 34675 44285 -1 -1 907 0.0204776
Chain
	Aln	3	+SRR33939694.106356/1 148 1249 1256 -edge_2_0_+disjointig_2_0_44285 34843 35945 44285 -1 -1 896 0.0219915
Chain
	Aln	2	-SRR33939694.106356/1 6 1107 1256 +edge_2_0_+disjointig_2_0_44285 8339 9441 44285 -1 -1 896 0.0219915
Chain
	Aln	3	+SRR33939694.106403/1 153 1491 1493 -edge_2_0_+disjointig_2_0_44285 21963 23311 44285 -1 -1 1042 0.0236905
Chain
	Aln	2	-SRR33939694.106403/1 1 1339 1493 +edge_2_0_+disjointig_2_0_44285 20973 22321 44285 -1 -1 1042 0.0236905
Chain
	Aln	3	+SRR33939694.106423/1 136 1305 1308 -edge_2_0_+disjointig_2_0_44285 6704 7876 44285 -1 -1 974 0.0227036
Chain
	Aln	2	-SRR33939694.106423/1 2 1171 1308 +edge_2_0_+disjointig_2_0_44285 36408 37580 44285 -1 -1 974 0.0227036
Chain
	Aln	3	+SRR33939694.106457/1 114 1114 1118 -edge_2_0_+disjointig_2_0_44285 13602 14615 44285 -1 -1 915 0.00833679
Chain
	Aln	2	-SRR33939694.106457/1 3 1003 1118 +edge_2_0_+disjointig_2_0_44285 29669 30682 44285 -1 -1 915 0.00833679
Chain
	Aln	3	+SRR33939694.106420/1 119 2119 2121 -edge_2_0_+disjointig_2_0_44285 8793 10798 44285 -1 -1 1568 0.0244018
Chain
	Aln	2	-SRR33939694.106420/1 1 2001 2121 +edge_2_0_+disjointig_2_0_44285 33486 35491 44285 -1 -1 1568 0.0244018
Chain
	Aln	3	+SRR33939694.106485/1 121 1192 1198 -edge_2_0_+disjointig_2_0_44285 30093 31181 44285 -1 -1 851 0.0275319
Chain
	Aln	2	-SRR33939694.106485/1 5 1076 1198 +edge_2_0_+disjointig_2_0_44285 13103 14191 44285 -1 -1 851 0.0275319
Chain
	Aln	3	+SRR33939694.106469/1 117 1331 1337 -edge_2_0_+disjointig_2_0_44285 28115 29333 44285 -1 -1 1008 0.0249682
Chain
	Aln	2	-SRR33939694.106469/1 5 1219 1337 +edge_2_0_+disjointig_2_0_44285 14951 16169 44285 -1 -1 1008 0.0249682
Chain
	Aln	3	+SRR33939694.105809/1 116 5418 5421 -edge_2_0_+disjointig_2_0_44285 1302 6622 44285 -1 -1 4290 0.0213074
Chain
	Aln	2	-SRR33939694.105809/1 2 5304 5421 +edge_2_0_+disjointig_2_0_44285 37662 42982 44285 -1 -1 4290 0.0213074
Chain
	Aln	2	+SRR33939694.106552/1 113 1118 1123 +edge_2_0_+disjointig_2_0_44285 16426 17451 44285 -1 -1 801 0.0332492
Chain
	Aln	3	-SRR33939694.106552/1 4 1009 1123 -edge_2_0_+disjointig_2_0_44285 26833 27858 44285 -1 -1 801 0.0332492
Chain
	Aln	2	+SRR33939694.106523/1 119 1290 1297 +edge_2_0_+disjointig_2_0_44285 38068 39239 44285 -1 -1 987 0.0176027
Chain
	Aln	3	-SRR33939694.106523/1 6 1177 1297 -edge_2_0_+disjointig_2_0_44285 5045 6216 44285 -1 -1 987 0.0176027
Chain
	Aln	2	+SRR33939694.106590/1 124 1292 1297 +edge_2_0_+disjointig_2_0_44285 39607 40787 44285 -1 -1 1017 0.0169467
Chain
	Aln	3	-SRR33939694.106590/1 4 1172 1297 -edge_2_0_+disjointig_2_0_44285 3497 4677 44285 -1 -1 1017 0.0169467
Chain
	Aln	0	+SRR33939694.106576/1 261 1990 2012 +edge_1_0_+disjointig_1_0_47382 2299 4044 47382 -1 -1 1383 0.0272012
Chain
	Aln	1	-SRR33939694.106576/1 21 1750 2012 -edge_1_0_+disjointig_1_0_47382 43337 45082 47382 -1 -1 1383 0.0272012
Chain
	Aln	3	+SRR33939694.106635/1 133 1264 1293 -edge_2_0_+disjointig_2_0_44285 36228 37372 44285 -1 -1 941 0.022511
Chain
	Aln	2	-SRR33939694.106635/1 28 1159 1293 +edge_2_0_+disjointig_2_0_44285 6912 8056 44285 -1 -1 941 0.022511
Chain
	Aln	2	+SRR33939694.106648/1 146 1147 1230 +edge_2_0_+disjointig_2_0_44285 42360 43381 44285 -1 -1 600 0.0474074
Chain
	Aln	3	-SRR33939694.106648/1 82 1083 1230 -edge_2_0_+disjointig_2_0_44285 903 1924 44285 -1 -1 600 0.0474074
Chain
	Aln	2	+SRR33939694.106665/1 119 1253 1264 +edge_2_0_+disjointig_2_0_44285 5920 7059 44285 -1 -1 945 0.0182502
Chain
	Aln	3	-SRR33939694.106665/1 10 1144 1264 -edge_2_0_+disjointig_2_0_44285 37225 38364 44285 -1 -1 945 0.0182502
Chain
	Aln	2	+SRR33939694.106702/1 113 1277 1284 +edge_2_0_+disjointig_2_0_44285 2061 3233 44285 -1 -1 948 0.0211029
Chain
	Aln	3	-SRR33939694.106702/1 6 1170 1284 -edge_2_0_+disjointig_2_0_44285 41051 42223 44285 -1 -1 948 0.0211029
Chain
	Aln	1	+SRR33939694.106300/1 120 5155 5160 -edge_1_0_+disjointig_1_0_47382 20887 25891 47382 -1 -1 3858 0.0256994
Chain
	Aln	0	-SRR33939694.106300/1 4 5039 5160 +edge_1_0_+disjointig_1_0_47382 21490 26494 47382 -1 -1 3858 0.0256994
Chain
	Aln	2	+SRR33939694.106669/1 116 1142 1145 +edge_2_0_+disjointig_2_0_44285 30201 31244 44285 -1 -1 753 0.0255235
Chain
	Aln	3	-SRR33939694.106669/1 2 1028 1145 -edge_2_0_+disjointig_2_0_44285 13040 14083 44285 -1 -1 753 0.0255235
Chain
	Aln	3	+SRR33939694.106655/1 153 3141 3147 -edge_2_0_+disjointig_2_0_44285 24782 27788 44285 -1 -1 2429 0.021747
Chain
	Aln	2	-SRR33939694.106655/1 5 2993 3147 +edge_2_0_+disjointig_2_0_44285 16496 19502 44285 -1 -1 2429 0.021747
Chain
	Aln	2	+SRR33939694.106731/1 117 1607 1612 +edge_2_0_+disjointig_2_0_44285 15214 16736 44285 -1 -1 960 0.038892
Chain
	Aln	3	-SRR33939694.106731/1 4 1494 1612 -edge_2_0_+disjointig_2_0_44285 27548 29070 44285 -1 -1 960 0.038892
Chain
	Aln	3	+SRR33939694.106762/1 128 1244 1436 -edge_2_0_+disjointig_2_0_44285 38912 40029 44285 -1 -1 998 0.0140856
Chain
	Aln	2	-SRR33939694.106762/1 191 1307 1436 +edge_2_0_+disjointig_2_0_44285 4255 5372 44285 -1 -1 998 0.0140856
Chain
	Aln	3	+SRR33939694.106763/1 126 1476 1481 -edge_2_0_+disjointig_2_0_44285 10569 11898 44285 -1 -1 897 0.0388177
Chain
	Aln	2	-SRR33939694.106763/1 4 1354 1481 +edge_2_0_+disjointig_2_0_44285 32386 33715 44285 -1 -1 897 0.0388177
Chain
	Aln	2	+SRR33939694.106814/1 118 1298 1308 +edge_2_0_+disjointig_2_0_44285 1960 3148 44285 -1 -1 966 0.0151918
Chain
	Aln	3	-SRR33939694.106814/1 9 1189 1308 -edge_2_0_+disjointig_2_0_44285 41136 42324 44285 -1 -1 966 0.0151918
Chain
	Aln	2	+SRR33939694.106883/1 167 1316 1325 +edge_2_0_+disjointig_2_0_44285 13148 14308 44285 -1 -1 984 0.0193249
Chain
	Aln	3	-SRR33939694.106883/1 8 1157 1325 -edge_2_0_+disjointig_2_0_44285 29976 31136 44285 -1 -1 984 0.0193249
Chain
	Aln	3	+SRR33939694.106969/1 134 1332 1338 -edge_2_0_+disjointig_2_0_44285 27073 28274 44285 -1 -1 930 0.0314769
Chain
	Aln	2	-SRR33939694.106969/1 5 1203 1338 +edge_2_0_+disjointig_2_0_44285 16010 17211 44285 -1 -1 930 0.0314769
Chain
	Aln	3	+SRR33939694.106991/1 107 1347 1349 -edge_2_0_+disjointig_2_0_44285 7867 9134 44285 -1 -1 790 0.0424786
Chain
	Aln	2	-SRR33939694.106991/1 1 1241 1349 +edge_2_0_+disjointig_2_0_44285 35150 36417 44285 -1 -1 790 0.0424786
Chain
	Aln	2	+SRR33939694.106955/1 117 2083 2104 +edge_2_0_+disjointig_2_0_44285 20231 22187 44285 -1 -1 1344 0.0363114
Chain
	Aln	3	-SRR33939694.106955/1 20 1986 2104 -edge_2_0_+disjointig_2_0_44285 22097 24053 44285 -1 -1 1344 0.0363114
Chain
	Aln	1	+SRR33939694.106922/1 280 2117 2129 -edge_1_0_+disjointig_1_0_47382 4220 6070 47382 -1 -1 1520 0.0216547
Chain
	Aln	0	-SRR33939694.106922/1 11 1848 2129 +edge_1_0_+disjointig_1_0_47382 41311 43161 47382 -1 -1 1520 0.0216547
Chain
	Aln	2	+SRR33939694.107083/1 182 1485 1500 +edge_2_0_+disjointig_2_0_44285 15913 17240 44285 -1 -1 1056 0.0238529
Chain
	Aln	3	-SRR33939694.107083/1 14 1317 1500 -edge_2_0_+disjointig_2_0_44285 27044 28371 44285 -1 -1 1056 0.0238529
Chain
	Aln	3	+SRR33939694.107087/1 177 1720 1727 -edge_2_0_+disjointig_2_0_44285 27934 29481 44285 -1 -1 1312 0.0198233
Chain
	Aln	2	-SRR33939694.107087/1 6 1549 1727 +edge_2_0_+disjointig_2_0_44285 14803 16350 44285 -1 -1 1312 0.0198233
Chain
	Aln	3	+SRR33939694.106950/1 154 3706 3761 -edge_2_0_+disjointig_2_0_44285 40666 44243 44285 -1 -1 2054 0.047162
Chain
	Aln	2	-SRR33939694.106950/1 54 3606 3761 +edge_2_0_+disjointig_2_0_44285 41 3618 44285 -1 -1 2054 0.047162
Chain
	Aln	3	+SRR33939694.107194/1 110 1917 1925 -edge_2_0_+disjointig_2_0_44285 4081 5900 44285 -1 -1 1436 0.0262167
Chain
	Aln	2	-SRR33939694.107194/1 7 1814 1925 +edge_2_0_+disjointig_2_0_44285 38384 40203 44285 -1 -1 1436 0.0262167
Chain
	Aln	3	+SRR33939694.107247/1 170 1843 1848 -edge_2_0_+disjointig_2_0_44285 23409 25042 44285 -1 -1 1147 0.0335945
Chain
	Aln	2	-SRR33939694.107247/1 4 1677 1848 +edge_2_0_+disjointig_2_0_44285 19242 20875 44285 -1 -1 1147 0.0335945
Chain
	Aln	2	+SRR33939694.107298/1 114 2507 2517 +edge_2_0_+disjointig_2_0_44285 30253 32650 44285 -1 -1 1990 0.0210523
Chain
	Aln	3	-SRR33939694.107298/1 9 2402 2517 -edge_2_0_+disjointig_2_0_44285 11634 14031 44285 -1 -1 1990 0.0210523
Chain
	Aln	3	+SRR33939694.107438/1 138 1192 1196 -edge_2_0_+disjointig_2_0_44285 25207 26245 44285 -1 -1 574 0.05603
Chain
	Aln	2	-SRR33939694.107438/1 3 1057 1196 +edge_2_0_+disjointig_2_0_44285 18039 19077 44285 -1 -1 574 0.05603
Chain
	Aln	3	+SRR33939694.107420/1 142 1254 1264 -edge_2_0_+disjointig_2_0_44285 21075 22189 44285 -1 -1 963 0.0142962
Chain
	Aln	2	-SRR33939694.107420/1 9 1121 1264 +edge_2_0_+disjointig_2_0_44285 22095 23209 44285 -1 -1 963 0.0142962
Chain
	Aln	3	+SRR33939694.107448/1 139 1906 1909 -edge_2_0_+disjointig_2_0_44285 9640 11413 44285 -1 -1 1580 0.0159603
Chain
	Aln	2	-SRR33939694.107448/1 2 1769 1909 +edge_2_0_+disjointig_2_0_44285 32871 34644 44285 -1 -1 1580 0.0159603
Chain
	Aln	2	+SRR33939694.107589/1 138 1184 1265 +edge_2_0_+disjointig_2_0_44285 12945 13995 44285 -1 -1 907 0.0208784
Chain
	Aln	3	-SRR33939694.107589/1 80 1126 1265 -edge_2_0_+disjointig_2_0_44285 30289 31339 44285 -1 -1 907 0.0208784
Chain
	Aln	3	+SRR33939694.107502/1 149 1818 1826 -edge_2_0_+disjointig_2_0_44285 8450 10119 44285 -1 -1 1447 0.013857
Chain
	Aln	2	-SRR33939694.107502/1 7 1676 1826 +edge_2_0_+disjointig_2_0_44285 34165 35834 44285 -1 -1 1447 0.013857
Chain
	Aln	2	+SRR33939694.107643/1 125 1186 1191 +edge_2_0_+disjointig_2_0_44285 14785 15851 44285 -1 -1 896 0.0191914
Chain
	Aln	3	-SRR33939694.107643/1 4 1065 1191 -edge_2_0_+disjointig_2_0_44285 28433 29499 44285 -1 -1 896 0.0191914
Chain
	Aln	2	+SRR33939694.107732/1 130 1180 1182 +edge_2_0_+disjointig_2_0_44285 21227 22273 44285 -1 -1 868 0.0191482
Chain
	Aln	3	-SRR33939694.107732/1 1 1051 1182 -edge_2_0_+disjointig_2_0_44285 22011 23057 44285 -1 -1 868 0.0191482
Chain
	Aln	2	+SRR33939694.107715/1 122 1258 1297 +edge_2_0_+disjointig_2_0_44285 7022 8167 44285 -1 -1 872 0.0314922
Chain
	Aln	3	-SRR33939694.107715/1 38 1174 1297 -edge_2_0_+disjointig_2_0_44285 36117 37262 44285 -1 -1 872 0.0314922
Chain
	Aln	2	+SRR33939694.107666/1 135 1592 1612 +edge_2_0_+disjointig_2_0_44285 35791 37264 44285 -1 -1 1212 0.0261053
Chain
	Aln	3	-SRR33939694.107666/1 19 1476 1612 -edge_2_0_+disjointig_2_0_44285 7020 8493 44285 -1 -1 1212 0.0261053
Chain
	Aln	2	+SRR33939694.107797/1 114 1134 1144 +edge_2_0_+disjointig_2_0_44285 34640 35660 44285 -1 -1 916 0.0121474
Chain
	Aln	3	-SRR33939694.107797/1 9 1029 1144 -edge_2_0_+disjointig_2_0_44285 8624 9644 44285 -1 -1 916 0.0121474
Chain
	Aln	3	+SRR33939694.107737/1 121 2035 2044 -edge_2_0_+disjointig_2_0_44285 12054 13986 44285 -1 -1 1587 0.0242059
Chain
	Aln	2	-SRR33939694.107737/1 8 1922 2044 +edge_2_0_+disjointig_2_0_44285 30298 32230 44285 -1 -1 1587 0.0242059
Chain
	Aln	2	+SRR33939694.107933/1 110 1120 1122 +edge_2_0_+disjointig_2_0_44285 19463 20478 44285 -1 -1 837 0.0184469
Chain
	Aln	3	-SRR33939694.107933/1 1 1011 1122 -edge_2_0_+disjointig_2_0_44285 23806 24821 44285 -1 -1 837 0.0184469
Chain
	Aln	3	+SRR33939694.107874/1 141 1204 1216 -edge_2_0_+disjointig_2_0_44285 18155 19227 44285 -1 -1 674 0.0429538
Chain
	Aln	2	-SRR33939694.107874/1 11 1074 1216 +edge_2_0_+disjointig_2_0_44285 25057 26129 44285 -1 -1 674 0.0429538
Chain
	Aln	2	+SRR33939694.107938/1 129 1256 1263 +edge_2_0_+disjointig_2_0_44285 13598 14731 44285 -1 -1 1064 0.0117031
Chain
	Aln	3	-SRR33939694.107938/1 6 1133 1263 -edge_2_0_+disjointig_2_0_44285 29553 30686 44285 -1 -1 1064 0.0117031
Chain
	Aln	3	+SRR33939694.107969/1 120 1342 1349 -edge_2_0_+disjointig_2_0_44285 32565 33786 44285 -1 -1 1047 0.0193705
Chain
	Aln	2	-SRR33939694.107969/1 6 1228 1349 +edge_2_0_+disjointig_2_0_44285 10498 11719 44285 -1 -1 1047 0.0193705
Chain
	Aln	3	+SRR33939694.107979/1 119 1654 1677 -edge_2_0_+disjointig_2_0_44285 9396 10925 44285 -1 -1 1336 0.0151315
Chain
	Aln	2	-SRR33939694.107979/1 22 1557 1677 +edge_2_0_+disjointig_2_0_44285 33359 34888 44285 -1 -1 1336 0.0151315
Chain
	Aln	2	+SRR33939694.107955/1 127 1724 1728 +edge_2_0_+disjointig_2_0_44285 36208 37803 44285 -1 -1 1345 0.0205353
Chain
	Aln	3	-SRR33939694.107955/1 3 1600 1728 -edge_2_0_+disjointig_2_0_44285 6481 8076 44285 -1 -1 1345 0.0205353
Chain
	Aln	2	+SRR33939694.108006/1 117 1221 1228 +edge_2_0_+disjointig_2_0_44285 13357 14468 44285 -1 -1 886 0.0268949
Chain
	Aln	3	-SRR33939694.108006/1 6 1110 1228 -edge_2_0_+disjointig_2_0_44285 29816 30927 44285 -1 -1 886 0.0268949
Chain
	Aln	0	+SRR33939694.107965/1 140 2410 2414 +edge_1_0_+disjointig_1_0_47382 9226 11512 47382 -1 -1 1857 0.0212297
Chain
	Aln	1	-SRR33939694.107965/1 3 2273 2414 -edge_1_0_+disjointig_1_0_47382 35869 38155 47382 -1 -1 1857 0.0212297
Chain
	Aln	1	+SRR33939694.108023/1 608 1743 1747 -edge_1_0_+disjointig_1_0_47382 35538 36671 47382 -1 -1 893 0.0254574
Chain
	Aln	0	-SRR33939694.108023/1 3 1138 1747 +edge_1_0_+disjointig_1_0_47382 10710 11843 47382 -1 -1 893 0.0254574
Chain
	Aln	3	+SRR33939694.108030/1 121 1698 1731 -edge_2_0_+disjointig_2_0_44285 39944 41540 44285 -1 -1 1046 0.0425132
Chain
	Aln	2	-SRR33939694.108030/1 32 1609 1731 +edge_2_0_+disjointig_2_0_44285 2744 4340 44285 -1 -1 1046 0.0425132
Chain
	Aln	3	+SRR33939694.108078/1 124 1397 1402 -edge_2_0_+disjointig_2_0_44285 24538 25825 44285 -1 -1 1043 0.0206089
Chain
	Aln	2	-SRR33939694.108078/1 4 1277 1402 +edge_2_0_+disjointig_2_0_44285 18459 19746 44285 -1 -1 1043 0.0206089
Chain
	Aln	3	+SRR33939694.108058/1 131 1305 1349 -edge_2_0_+disjointig_2_0_44285 19670 20864 44285 -1 -1 883 0.0344413
Chain
	Aln	2	-SRR33939694.108058/1 43 1217 1349 +edge_2_0_+disjointig_2_0_44285 23420 24614 44285 -1 -1 883 0.0344413
Chain
	Aln	2	+SRR33939694.108065/1 120 1726 1738 +edge_2_0_+disjointig_2_0_44285 41204 42812 44285 -1 -1 1276 0.0251
Chain
	Aln	3	-SRR33939694.108065/1 11 1617 1738 -edge_2_0_+disjointig_2_0_44285 1472 3080 44285 -1 -1 1276 0.0251
Chain
	Aln	3	+SRR33939694.108248/1 125 1290 1294 -edge_2_0_+disjointig_2_0_44285 10839 12014 44285 -1 -1 940 0.023671
Chain
	Aln	2	-SRR33939694.108248/1 3 1168 1294 +edge_2_0_+disjointig_2_0_44285 32270 33445 44285 -1 -1 940 0.023671
Chain
	Aln	2	+SRR33939694.108197/1 123 1161 1190 +edge_2_0_+disjointig_2_0_44285 20106 21154 44285 -1 -1 692 0.0455018
Chain
	Aln	3	-SRR33939694.108197/1 28 1066 1190 -edge_2_0_+disjointig_2_0_44285 23130 24178 44285 -1 -1 692 0.0455018
Chain
	Aln	3	+SRR33939694.108285/1 123 1363 1376 -edge_2_0_+disjointig_2_0_44285 33694 34948 44285 -1 -1 1106 0.0156197
Chain
	Aln	2	-SRR33939694.108285/1 12 1252 1376 +edge_2_0_+disjointig_2_0_44285 9336 10590 44285 -1 -1 1106 0.0156197
Chain
	Aln	3	+SRR33939694.108330/1 114 1255 1259 -edge_2_0_+disjointig_2_0_44285 29941 31090 44285 -1 -1 883 0.0293346
Chain
	Aln	2	-SRR33939694.108330/1 3 1144 1259 +edge_2_0_+disjointig_2_0_44285 13194 14343 44285 -1 -1 883 0.0293346
Chain
	Aln	3	+SRR33939694.107807/1 103 5759 5764 -edge_2_0_+disjointig_2_0_44285 11337 17062 44285 -1 -1 4664 0.021658
Chain
	Aln	2	-SRR33939694.107807/1 4 5660 5764 +edge_2_0_+disjointig_2_0_44285 27222 32947 44285 -1 -1 4664 0.021658
Chain
	Aln	2	+SRR33939694.108427/1 109 1512 1517 +edge_2_0_+disjointig_2_0_44285 37499 38912 44285 -1 -1 1098 0.0268205
Chain
	Aln	3	-SRR33939694.108427/1 4 1407 1517 -edge_2_0_+disjointig_2_0_44285 5372 6785 44285 -1 -1 1098 0.0268205
Chain
	Aln	1	+SRR33939694.108183/1 234 3805 3810 -edge_1_0_+disjointig_1_0_47382 30928 34502 47382 -1 -1 3162 0.0169031
Chain
	Aln	0	-SRR33939694.108183/1 4 3575 3810 +edge_1_0_+disjointig_1_0_47382 12879 16453 47382 -1 -1 3162 0.0169031
Chain
	Aln	2	+SRR33939694.108450/1 160 1269 1278 +edge_2_0_+disjointig_2_0_44285 9439 10516 44285 -1 -1 663 0.0566845
Chain
	Aln	3	-SRR33939694.108450/1 8 1117 1278 -edge_2_0_+disjointig_2_0_44285 33768 34845 44285 -1 -1 663 0.0566845
Chain
	Aln	2	+SRR33939694.108456/1 118 1665 1685 +edge_2_0_+disjointig_2_0_44285 30744 32286 44285 -1 -1 1020 0.0428027
Chain
	Aln	3	-SRR33939694.108456/1 19 1566 1685 -edge_2_0_+disjointig_2_0_44285 11998 13540 44285 -1 -1 1020 0.0428027
Chain
	Aln	2	+SRR33939694.108521/1 124 1278 1287 +edge_2_0_+disjointig_2_0_44285 1444 2598 44285 -1 -1 1039 0.0110684
Chain
	Aln	3	-SRR33939694.108521/1 8 1162 1287 -edge_2_0_+disjointig_2_0_44285 41686 42840 44285 -1 -1 1039 0.0110684
Chain
	Aln	3	+SRR33939694.108232/1 215 5456 5461 -edge_2_0_+disjointig_2_0_44285 16236 21525 44285 -1 -1 4831 0.0122963
Chain
	Aln	2	-SRR33939694.108232/1 4 5245 5461 +edge_2_0_+disjointig_2_0_44285 22759 28048 44285 -1 -1 4831 0.0122963
Chain
	Aln	3	+SRR33939694.108523/1 119 1675 1677 -edge_2_0_+disjointig_2_0_44285 28315 29878 44285 -1 -1 1440 0.0092664
Chain
	Aln	2	-SRR33939694.108523/1 1 1557 1677 +edge_2_0_+disjointig_2_0_44285 14406 15969 44285 -1 -1 1440 0.0092664
Chain
	Aln	2	+SRR33939694.108493/1 130 2228 2232 +edge_2_0_+disjointig_2_0_44285 18071 20179 44285 -1 -1 1769 0.0197997
Chain
	Aln	3	-SRR33939694.108493/1 3 2101 2232 -edge_2_0_+disjointig_2_0_44285 24105 26213 44285 -1 -1 1769 0.0197997
Chain
	Aln	3	+SRR33939694.108559/1 122 1635 1638 -edge_2_0_+disjointig_2_0_44285 36327 37852 44285 -1 -1 1098 0.0278051
Chain
	Aln	2	-SRR33939694.108559/1 2 1515 1638 +edge_2_0_+disjointig_2_0_44285 6432 7957 44285 -1 -1 1098 0.0278051
Chain
	Aln	3	+SRR33939694.108591/1 111 1324 1334 -edge_2_0_+disjointig_2_0_44285 15696 16930 44285 -1 -1 954 0.0273814
Chain
	Aln	2	-SRR33939694.108591/1 9 1222 1334 +edge_2_0_+disjointig_2_0_44285 27354 28588 44285 -1 -1 954 0.0273814
Chain
	Aln	2	+SRR33939694.108578/1 123 1207 1211 +edge_2_0_+disjointig_2_0_44285 40393 41484 44285 -1 -1 810 0.030115
Chain
	Aln	3	-SRR33939694.108578/1 3 1087 1211 -edge_2_0_+disjointig_2_0_44285 2800 3891 44285 -1 -1 810 0.030115
Chain
	Aln	2	+SRR33939694.108703/1 143 1404 1411 +edge_2_0_+disjointig_2_0_44285 5440 6692 44285 -1 -1 1005 0.0278261
Chain
	Aln	3	-SRR33939694.108703/1 6 1267 1411 -edge_2_0_+disjointig_2_0_44285 37592 38844 44285 -1 -1 1005 0.0278261
Chain
	Aln	3	+SRR33939694.108627/1 111 2088 2094 -edge_2_0_+disjointig_2_0_44285 22103 24093 44285 -1 -1 1698 0.0166262
Chain
	Aln	2	-SRR33939694.108627/1 5 1982 2094 +edge_2_0_+disjointig_2_0_44285 20191 22181 44285 -1 -1 1698 0.0166262
Chain
	Aln	3	+SRR33939694.108795/1 115 1310 1350 -edge_2_0_+disjointig_2_0_44285 1740 2949 44285 -1 -1 916 0.0274425
Chain
	Aln	2	-SRR33939694.108795/1 39 1234 1350 +edge_2_0_+disjointig_2_0_44285 41335 42544 44285 -1 -1 916 0.0274425
Chain
	Aln	1	+SRR33939694.108774/1 287 1760 1768 -edge_1_0_+disjointig_1_0_47382 27769 29245 47382 -1 -1 1049 0.0334964
Chain
	Aln	0	-SRR33939694.108774/1 7 1480 1768 +edge_1_0_+disjointig_1_0_47382 18136 19612 47382 -1 -1 1049 0.0334964
Chain
	Aln	3	+SRR33939694.108785/1 119 1521 1546 -edge_2_0_+disjointig_2_0_44285 40939 42343 44285 -1 -1 1212 0.019316
Chain
	Aln	2	-SRR33939694.108785/1 24 1426 1546 +edge_2_0_+disjointig_2_0_44285 1941 3345 44285 -1 -1 1212 0.019316
Chain
	Aln	3	+SRR33939694.108729/1 128 2288 2295 -edge_2_0_+disjointig_2_0_44285 24611 26790 44285 -1 -1 1735 0.0237129
Chain
	Aln	2	-SRR33939694.108729/1 6 2166 2295 +edge_2_0_+disjointig_2_0_44285 17494 19673 44285 -1 -1 1735 0.0237129
Chain
	Aln	2	+SRR33939694.108842/1 120 1542 1546 +edge_2_0_+disjointig_2_0_44285 4028 5453 44285 -1 -1 1279 0.0126953
Chain
	Aln	3	-SRR33939694.108842/1 3 1425 1546 -edge_2_0_+disjointig_2_0_44285 38831 40256 44285 -1 -1 1279 0.0126953
Chain
	Aln	3	+SRR33939694.108854/1 122 1158 1177 -edge_2_0_+disjointig_2_0_44285 34334 35371 44285 -1 -1 878 0.0228403
Chain
	Aln	2	-SRR33939694.108854/1 18 1054 1177 +edge_2_0_+disjointig_2_0_44285 8913 9950 44285 -1 -1 878 0.0228403
Chain
	Aln	3	+SRR33939694.108845/1 127 1149 1156 -edge_2_0_+disjointig_2_0_44285 19604 20652 44285 -1 -1 638 0.0428869
Chain
	Aln	2	-SRR33939694.108845/1 6 1028 1156 +edge_2_0_+disjointig_2_0_44285 23632 24680 44285 -1 -1 638 0.0428869
Chain
	Aln	2	+SRR33939694.108871/1 207 1782 1870 +edge_2_0_+disjointig_2_0_44285 26173 27762 44285 -1 -1 1118 0.0337257
Chain
	Aln	3	-SRR33939694.108871/1 87 1662 1870 -edge_2_0_+disjointig_2_0_44285 16522 18111 44285 -1 -1 1118 0.0337257
Chain
	Aln	3	+SRR33939694.109024/1 150 1433 1459 -edge_2_0_+disjointig_2_0_44285 24955 26242 44285 -1 -1 631 0.0603224
Chain
	Aln	2	-SRR33939694.109024/1 25 1308 1459 +edge_2_0_+disjointig_2_0_44285 18042 19329 44285 -1 -1 631 0.0603224
Chain
	Aln	2	+SRR33939694.108961/1 121 1871 1898 +edge_2_0_+disjointig_2_0_44285 17244 19024 44285 -1 -1 1119 0.0414955
Chain
	Aln	3	-SRR33939694.108961/1 26 1776 1898 -edge_2_0_+disjointig_2_0_44285 25260 27040 44285 -1 -1 1119 0.0414955
Chain
	Aln	3	+SRR33939694.109034/1 131 1483 1551 -edge_2_0_+disjointig_2_0_44285 1982 3324 44285 -1 -1 1042 0.0231518
Chain
	Aln	2	-SRR33939694.109034/1 67 1419 1551 +edge_2_0_+disjointig_2_0_44285 40960 42302 44285 -1 -1 1042 0.0231518
Chain
	Aln	2	+SRR33939694.109040/1 118 1626 1663 +edge_2_0_+disjointig_2_0_44285 32117 33596 44285 -1 -1 1139 0.0310101
Chain
	Aln	3	-SRR33939694.109040/1 36 1544 1663 -edge_2_0_+disjointig_2_0_44285 10688 12167 44285 -1 -1 1139 0.0310101
Chain
	Aln	2	+SRR33939694.109152/1 140 1257 1259 +edge_2_0_+disjointig_2_0_44285 30657 31783 44285 -1 -1 926 0.0211653
Chain
	Aln	3	-SRR33939694.109152/1 1 1118 1259 -edge_2_0_+disjointig_2_0_44285 12501 13627 44285 -1 -1 926 0.0211653
Chain
	Aln	2	+SRR33939694.109216/1 125 1319 1326 +edge_2_0_+disjointig_2_0_44285 22953 24139 44285 -1 -1 1113 0.0134118
Chain
	Aln	3	-SRR33939694.109216/1 6 1200 1326 -edge_2_0_+disjointig_2_0_44285 20145 21331 44285 -1 -1 1113 0.0134118
Chain
	Aln	2	+SRR33939694.109223/1 124 1379 1381 +edge_2_0_+disjointig_2_0_44285 42012 43261 44285 -1 -1 1114 0.0120807
Chain
	Aln	3	-SRR33939694.109223/1 1 1256 1381 -edge_2_0_+disjointig_2_0_44285 1023 2272 44285 -1 -1 1114 0.0120807
Chain
	Aln	3	+SRR33939694.109158/1 131 2112 2114 -edge_2_0_+disjointig_2_0_44285 9339 11327 44285 -1 -1 1747 0.0134207
Chain
	Aln	2	-SRR33939694.109158/1 1 1982 2114 +edge_2_0_+disjointig_2_0_44285 32957 34945 44285 -1 -1 1747 0.0134207
Chain
	Aln	2	+SRR33939694.109324/1 134 1184 1187 +edge_2_0_+disjointig_2_0_44285 12945 14002 44285 -1 -1 950 0.0178583
Chain
	Aln	3	-SRR33939694.109324/1 2 1052 1187 -edge_2_0_+disjointig_2_0_44285 30282 31339 44285 -1 -1 950 0.0178583
Chain
	Aln	2	+SRR33939694.109388/1 125 1145 1153 +edge_2_0_+disjointig_2_0_44285 10594 11609 44285 -1 -1 881 0.0214102
Chain
	Aln	3	-SRR33939694.109388/1 7 1027 1153 -edge_2_0_+disjointig_2_0_44285 32675 33690 44285 -1 -1 881 0.0214102
Chain
	Aln	2	+SRR33939694.109404/1 119 1860 1871 +edge_2_0_+disjointig_2_0_44285 28953 30688 44285 -1 -1 1542 0.0160968
Chain
	Aln	3	-SRR33939694.109404/1 10 1751 1871 -edge_2_0_+disjointig_2_0_44285 13596 15331 44285 -1 -1 1542 0.0160968
Chain
	Aln	3	+SRR33939694.109439/1 125 1302 1308 -edge_2_0_+disjointig_2_0_44285 22157 23344 44285 -1 -1 1032 0.0137499
Chain
	Aln	2	-SRR33939694.109439/1 5 1182 1308 +edge_2_0_+disjointig_2_0_44285 20940 22127 44285 -1 -1 1032 0.0137499
Chain
	Aln	2	+SRR33939694.109450/1 112 1939 1953 +edge_2_0_+disjointig_2_0_44285 8917 10765 44285 -1 -1 1511 0.0263205
Chain
	Aln	3	-SRR33939694.109450/1 13 1840 1953 -edge_2_0_+disjointig_2_0_44285 33519 35367 44285 -1 -1 1511 0.0263205
Chain
	Aln	1	+SRR33939694.108899/1 412 5433 5453 -edge_1_0_+disjointig_1_0_47382 22459 27483 47382 -1 -1 4103 0.0222858
Chain
	Aln	0	-SRR33939694.108899/1 19 5040 5453 +edge_1_0_+disjointig_1_0_47382 19898 24922 47382 -1 -1 4103 0.0222858
Chain
	Aln	2	+SRR33939694.109627/1 111 1114 1136 +edge_2_0_+disjointig_2_0_44285 35322 36312 44285 -1 -1 727 0.0308734
Chain
	Aln	3	-SRR33939694.109627/1 21 1024 1136 -edge_2_0_+disjointig_2_0_44285 7972 8962 44285 -1 -1 727 0.0308734
Chain
	Aln	2	+SRR33939694.109521/1 115 1565 1580 +edge_2_0_+disjointig_2_0_44285 1697 3148 44285 -1 -1 1241 0.0181399
Chain
	Aln	3	-SRR33939694.109521/1 14 1464 1580 -edge_2_0_+disjointig_2_0_44285 41136 42587 44285 -1 -1 1241 0.0181399
Chain
	Aln	2	+SRR33939694.109649/1 121 1283 1288 +edge_2_0_+disjointig_2_0_44285 12032 13186 44285 -1 -1 944 0.0281723
Chain
	Aln	3	-SRR33939694.109649/1 4 1166 1288 -edge_2_0_+disjointig_2_0_44285 31098 32252 44285 -1 -1 944 0.0281723
Chain
	Aln	3	+SRR33939694.109694/1 140 1172 1178 -edge_2_0_+disjointig_2_0_44285 5909 6963 44285 -1 -1 527 0.0529333
Chain
	Aln	2	-SRR33939694.109694/1 5 1037 1178 +edge_2_0_+disjointig_2_0_44285 37321 38375 44285 -1 -1 527 0.0529333
Chain
	Aln	2	+SRR33939694.109617/1 161 1842 1893 +edge_2_0_+disjointig_2_0_44285 32043 33740 44285 -1 -1 1093 0.0478155
Chain
	Aln	3	-SRR33939694.109617/1 50 1731 1893 -edge_2_0_+disjointig_2_0_44285 10544 12241 44285 -1 -1 1093 0.0478155
Chain
	Aln	3	+SRR33939694.109748/1 121 1136 1151 -edge_2_0_+disjointig_2_0_44285 7829 8847 44285 -1 -1 809 0.0240964
Chain
	Aln	2	-SRR33939694.109748/1 14 1029 1151 +edge_2_0_+disjointig_2_0_44285 35437 36455 44285 -1 -1 809 0.0240964
Chain
	Aln	2	+SRR33939694.109833/1 115 1175 1185 +edge_2_0_+disjointig_2_0_44285 19563 20627 44285 -1 -1 880 0.0174238
Chain
	Aln	3	-SRR33939694.109833/1 9 1069 1185 -edge_2_0_+disjointig_2_0_44285 23657 24721 44285 -1 -1 880 0.0174238
Chain
	Aln	2	+SRR33939694.109967/1 139 1231 1234 +edge_2_0_+disjointig_2_0_44285 19798 20902 44285 -1 -1 929 0.0216735
Chain
	Aln	3	-SRR33939694.109967/1 2 1094 1234 -edge_2_0_+disjointig_2_0_44285 23382 24486 44285 -1 -1 929 0.0216735
Chain
	Aln	3	+SRR33939694.109981/1 122 1180 1184 -edge_2_0_+disjointig_2_0_44285 34334 35395 44285 -1 -1 897 0.0197613
Chain
	Aln	2	-SRR33939694.109981/1 3 1061 1184 +edge_2_0_+disjointig_2_0_44285 8889 9950 44285 -1 -1 897 0.0197613
Chain
	Aln	2	+SRR33939694.109920/1 123 1351 1355 +edge_2_0_+disjointig_2_0_44285 26433 27670 44285 -1 -1 854 0.0390048
Chain
	Aln	3	-SRR33939694.109920/1 3 1231 1355 -edge_2_0_+disjointig_2_0_44285 16614 17851 44285 -1 -1 854 0.0390048
Chain
	Aln	2	+SRR33939694.110054/1 140 1191 1209 +edge_2_0_+disjointig_2_0_44285 19044 20095 44285 -1 -1 673 0.0498239
Chain
	Aln	3	-SRR33939694.110054/1 17 1068 1209 -edge_2_0_+disjointig_2_0_44285 24189 25240 44285 -1 -1 673 0.0498239
Chain
	Aln	3	+SRR33939694.110080/1 139 1813 1817 -edge_2_0_+disjointig_2_0_44285 22356 24040 44285 -1 -1 1290 0.0275094
Chain
	Aln	2	-SRR33939694.110080/1 3 1677 1817 +edge_2_0_+disjointig_2_0_44285 20244 21928 44285 -1 -1 1290 0.0275094
Chain
	Aln	2	+SRR33939694.110107/1 125 1138 1161 +edge_2_0_+disjointig_2_0_44285 7169 8189 44285 -1 -1 888 0.0165967
Chain
	Aln	3	-SRR33939694.110107/1 22 1035 1161 -edge_2_0_+disjointig_2_0_44285 36095 37115 44285 -1 -1 888 0.0165967
Chain
	Aln	3	+SRR33939694.110144/1 126 1183 1195 -edge_2_0_+disjointig_2_0_44285 13596 14650 44285 -1 -1 835 0.0212693
Chain
	Aln	2	-SRR33939694.110144/1 11 1068 1195 +edge_2_0_+disjointig_2_0_44285 29634 30688 44285 -1 -1 835 0.0212693
Chain
	Aln	3	+SRR33939694.109963/1 118 3440 3443 -edge_2_0_+disjointig_2_0_44285 1274 4596 44285 -1 -1 2085 0.0387263
Chain
	Aln	2	-SRR33939694.109963/1 2 3324 3443 +edge_2_0_+disjointig_2_0_44285 39688 43010 44285 -1 -1 2085 0.0387263
Chain
	Aln	3	+SRR33939694.110170/1 137 1594 1613 -edge_2_0_+disjointig_2_0_44285 36089 37569 44285 -1 -1 872 0.0470726
Chain
	Aln	2	-SRR33939694.110170/1 18 1475 1613 +edge_2_0_+disjointig_2_0_44285 6715 8195 44285 -1 -1 872 0.0470726
Chain
	Aln	2	+SRR33939694.110268/1 228 1412 1439 +edge_2_0_+disjointig_2_0_44285 16311 17493 44285 -1 -1 870 0.0334624
Chain
	Aln	3	-SRR33939694.110268/1 26 1210 1439 -edge_2_0_+disjointig_2_0_44285 26791 27973 44285 -1 -1 870 0.0334624
Chain
	Aln	2	+SRR33939694.110231/1 130 1250 1263 +edge_2_0_+disjointig_2_0_44285 32569 33692 44285 -1 -1 874 0.0257168
Chain
	Aln	3	-SRR33939694.110231/1 12 1132 1263 -edge_2_0_+disjointig_2_0_44285 10592 11715 44285 -1 -1 874 0.0257168
Chain
	Aln	2	+SRR33939694.110264/1 122 1423 1432 +edge_2_0_+disjointig_2_0_44285 9 1323 44285 -1 -1 1044 0.0251296
Chain
	Aln	3	-SRR33939694.110264/1 8 1309 1432 -edge_2_0_+disjointig_2_0_44285 42961 44275 44285 -1 -1 1044 0.0251296
Chain
	Aln	3	+SRR33939694.110350/1 113 1194 1202 -edge_2_0_+disjointig_2_0_44285 21855 22935 44285 -1 -1 982 0.00963975
Chain
	Aln	2	-SRR33939694.110350/1 7 1088 1202 +edge_2_0_+disjointig_2_0_44285 21349 22429 44285 -1 -1 982 0.00963975
Chain
	Aln	3	+SRR33939694.110341/1 107 1485 1492 -edge_2_0_+disjointig_2_0_44285 40949 42312 44285 -1 -1 988 0.0347143
Chain
	Aln	2	-SRR33939694.110341/1 6 1384 1492 +edge_2_0_+disjointig_2_0_44285 1972 3335 44285 -1 -1 988 0.0347143
Chain
	Aln	3	+SRR33939694.110386/1 128 1313 1339 -edge_2_0_+disjointig_2_0_44285 2455 3636 44285 -1 -1 615 0.0583353
Chain
	Aln	2	-SRR33939694.110386/1 25 1210 1339 +edge_2_0_+disjointig_2_0_44285 40648 41829 44285 -1 -1 615 0.0583353
Chain
	Aln	2	+SRR33939694.110387/1 121 1363 1367 +edge_2_0_+disjointig_2_0_44285 14951 16193 44285 -1 -1 1005 0.022193
Chain
	Aln	3	-SRR33939694.110387/1 3 1245 1367 -edge_2_0_+disjointig_2_0_44285 28091 29333 44285 -1 -1 1005 0.022193
Chain
	Aln	3	+SRR33939694.110510/1 117 1216 1220 -edge_2_0_+disjointig_2_0_44285 12746 13853 44285 -1 -1 851 0.0280778
Chain
	Aln	2	-SRR33939694.110510/1 3 1102 1220 +edge_2_0_+disjointig_2_0_44285 30431 31538 44285 -1 -1 851 0.0280778
Chain
	Aln	3	+SRR33939694.110548/1 117 1131 1136 -edge_2_0_+disjointig_2_0_44285 39663 40679 44285 -1 -1 758 0.0300192
Chain
	Aln	2	-SRR33939694.110548/1 4 1018 1136 +edge_2_0_+disjointig_2_0_44285 3605 4621 44285 -1 -1 758 0.0300192
Chain
	Aln	2	+SRR33939694.110583/1 150 1293 1297 +edge_2_0_+disjointig_2_0_44285 9514 10648 44285 -1 -1 792 0.0343558
Chain
	Aln	3	-SRR33939694.110583/1 3 1146 1297 -edge_2_0_+disjointig_2_0_44285 33636 34770 44285 -1 -1 792 0.0343558
Chain
	Aln	3	+SRR33939694.110451/1 123 1593 1595 -edge_2_0_+disjointig_2_0_44285 31274 32741 44285 -1 -1 1273 0.0174083
Chain
	Aln	2	-SRR33939694.110451/1 1 1471 1595 +edge_2_0_+disjointig_2_0_44285 11543 13010 44285 -1 -1 1273 0.0174083
Chain
	Aln	3	+SRR33939694.110653/1 136 1512 1564 -edge_2_0_+disjointig_2_0_44285 2513 3884 44285 -1 -1 940 0.0372244
Chain
	Aln	2	-SRR33939694.110653/1 51 1427 1564 +edge_2_0_+disjointig_2_0_44285 40400 41771 44285 -1 -1 940 0.0372244
Chain
	Aln	2	+SRR33939694.110954/1 107 1151 1161 +edge_2_0_+disjointig_2_0_44285 14425 15467 44285 -1 -1 847 0.0251036
Chain
	Aln	3	-SRR33939694.110954/1 9 1053 1161 -edge_2_0_+disjointig_2_0_44285 28817 29859 44285 -1 -1 847 0.0251036
Chain
	Aln	2	+SRR33939694.110924/1 117 1221 1256 +edge_2_0_+disjointig_2_0_44285 14537 15645 44285 -1 -1 944 0.0210459
Chain
	Aln	3	-SRR33939694.110924/1 34 1138 1256 -edge_2_0_+disjointig_2_0_44285 28639 29747 44285 -1 -1 944 0.0210459
Chain
	Aln	3	+SRR33939694.110791/1 120 2673 2676 -edge_2_0_+disjointig_2_0_44285 18714 21265 44285 -1 -1 2171 0.0224912
Chain
	Aln	2	-SRR33939694.110791/1 2 2555 2676 +edge_2_0_+disjointig_2_0_44285 23019 25570 44285 -1 -1 2171 0.0224912
Chain
	Aln	2	+SRR33939694.111009/1 116 2104 2117 +edge_2_0_+disjointig_2_0_44285 21980 23977 44285 -1 -1 1571 0.0251511
Chain
	Aln	3	-SRR33939694.111009/1 12 2000 2117 -edge_2_0_+disjointig_2_0_44285 20307 22304 44285 -1 -1 1571 0.0251511
Chain
	Aln	2	+SRR33939694.111104/1 215 1248 1252 +edge_2_0_+disjointig_2_0_44285 42367 43409 44285 -1 -1 866 0.0157877
Chain
	Aln	3	-SRR33939694.111104/1 3 1036 1252 -edge_2_0_+disjointig_2_0_44285 875 1917 44285 -1 -1 866 0.0157877
Chain
	Aln	3	+SRR33939694.111032/1 146 2271 2274 -edge_2_0_+disjointig_2_0_44285 39259 41379 44285 -1 -1 1831 0.0173408
Chain
	Aln	2	-SRR33939694.111032/1 2 2127 2274 +edge_2_0_+disjointig_2_0_44285 2905 5025 44285 -1 -1 1831 0.0173408
Chain
	Aln	2	+SRR33939694.111112/1 120 1149 1155 +edge_2_0_+disjointig_2_0_44285 6764 7789 44285 -1 -1 931 0.0115069
Chain
	Aln	3	-SRR33939694.111112/1 5 1034 1155 -edge_2_0_+disjointig_2_0_44285 36495 37520 44285 -1 -1 931 0.0115069
Chain
	Aln	2	+SRR33939694.110960/1 143 3523 3570 +edge_2_0_+disjointig_2_0_44285 40830 44240 44285 -1 -1 2803 0.0190396
Chain
	Aln	3	-SRR33939694.110960/1 46 3426 3570 -edge_2_0_+disjointig_2_0_44285 44 3454 44285 -1 -1 2803 0.0190396
Chain
	Aln	2	+SRR33939694.111134/1 118 1168 1176 +edge_2_0_+disjointig_2_0_44285 20115 21173 44285 -1 -1 932 0.0170912
Chain
	Aln	3	-SRR33939694.111134/1 7 1057 1176 -edge_2_0_+disjointig_2_0_44285 23111 24169 44285 -1 -1 932 0.0170912
Chain
	Aln	2	+SRR33939694.110623/1 121 4713 4725 +edge_2_0_+disjointig_2_0_44285 39635 44272 44285 -1 -1 3826 0.020955
Chain
	Aln	3	-SRR33939694.110623/1 11 4603 4725 -edge_2_0_+disjointig_2_0_44285 12 4649 44285 -1 -1 3826 0.020955
Chain
	Aln	2	+SRR33939694.111169/1 169 1386 1392 +edge_2_0_+disjointig_2_0_44285 14078 15302 44285 -1 -1 955 0.0281679
Chain
	Aln	3	-SRR33939694.111169/1 5 1222 1392 -edge_2_0_+disjointig_2_0_44285 28982 30206 44285 -1 -1 955 0.0281679
Chain
	Aln	2	+SRR33939694.111267/1 115 1135 1142 +edge_2_0_+disjointig_2_0_44285 15042 16072 44285 -1 -1 904 0.0155134
Chain
	Aln	3	-SRR33939694.111267/1 6 1026 1142 -edge_2_0_+disjointig_2_0_44285 28212 29242 44285 -1 -1 904 0.0155134
Chain
	Aln	3	+SRR33939694.111227/1 123 1142 1144 -edge_2_0_+disjointig_2_0_44285 28289 29312 44285 -1 -1 927 0.0138994
Chain
	Aln	2	-SRR33939694.111227/1 1 1020 1144 +edge_2_0_+disjointig_2_0_44285 14972 15995 44285 -1 -1 927 0.0138994
Chain
	Aln	1	+SRR33939694.111243/1 212 1406 1413 -edge_1_0_+disjointig_1_0_47382 14071 15286 47382 -1 -1 627 0.0562398
Chain
	Aln	0	-SRR33939694.111243/1 6 1200 1413 +edge_1_0_+disjointig_1_0_47382 32095 33310 47382 -1 -1 627 0.0562398
Chain
	Aln	3	+SRR33939694.111437/1 124 1144 1152 -edge_2_0_+disjointig_2_0_44285 27474 28510 44285 -1 -1 883 0.0246511
Chain
	Aln	2	-SRR33939694.111437/1 7 1027 1152 +edge_2_0_+disjointig_2_0_44285 15774 16810 44285 -1 -1 883 0.0246511
Chain
	Aln	2	+SRR33939694.111538/1 117 1122 1150 +edge_2_0_+disjointig_2_0_44285 20818 21828 44285 -1 -1 725 0.0250848
Chain
	Aln	3	-SRR33939694.111538/1 27 1032 1150 -edge_2_0_+disjointig_2_0_44285 22456 23466 44285 -1 -1 725 0.0250848
Chain
	Aln	3	+SRR33939694.111525/1 117 1403 1407 -edge_2_0_+disjointig_2_0_44285 15099 16390 44285 -1 -1 926 0.0371227
Chain
	Aln	2	-SRR33939694.111525/1 3 1289 1407 +edge_2_0_+disjointig_2_0_44285 27894 29185 44285 -1 -1 926 0.0371227
Chain
	Aln	3	+SRR33939694.111635/1 120 1179 1183 -edge_2_0_+disjointig_2_0_44285 36570 37628 44285 -1 -1 931 0.0120625
Chain
	Aln	2	-SRR33939694.111635/1 3 1062 1183 +edge_2_0_+disjointig_2_0_44285 6656 7714 44285 -1 -1 931 0.0120625
Chain
	Aln	3	+SRR33939694.111603/1 125 1368 1408 -edge_2_0_+disjointig_2_0_44285 12652 13892 44285 -1 -1 985 0.0218621
Chain
	Aln	2	-SRR33939694.111603/1 39 1282 1408 +edge_2_0_+disjointig_2_0_44285 30392 31632 44285 -1 -1 985 0.0218621
Chain
	Aln	3	+SRR33939694.111686/1 113 1449 1456 -edge_2_0_+disjointig_2_0_44285 27692 29039 44285 -1 -1 1076 0.0218803
Chain
	Aln	2	-SRR33939694.111686/1 6 1342 1456 +edge_2_0_+disjointig_2_0_44285 15245 16592 44285 -1 -1 1076 0.0218803
Chain
	Aln	2	+SRR33939694.111753/1 113 1484 1490 +edge_2_0_+disjointig_2_0_44285 11565 12931 44285 -1 -1 1286 0.00848501
Chain
	Aln	3	-SRR33939694.111753/1 5 1376 1490 -edge_2_0_+disjointig_2_0_44285 31353 32719 44285 -1 -1 1286 0.00848501
Chain
	Aln	1	+SRR33939694.111706/1 243 2092 2096 -edge_1_0_+disjointig_1_0_47382 33047 34894 47382 -1 -1 1771 0.00675562
Chain
	Aln	0	-SRR33939694.111706/1 3 1852 2096 +edge_1_0_+disjointig_1_0_47382 12487 14334 47382 -1 -1 1771 0.00675562
Chain
	Aln	2	+SRR33939694.111823/1 133 1194 1220 +edge_2_0_+disjointig_2_0_44285 10451 11526 44285 -1 -1 704 0.0394785
Chain
	Aln	3	-SRR33939694.111823/1 25 1086 1220 -edge_2_0_+disjointig_2_0_44285 32758 33833 44285 -1 -1 704 0.0394785
Chain
	Aln	1	+SRR33939694.111590/1 471 3524 3540 -edge_1_0_+disjointig_1_0_47382 22732 25718 47382 -1 -1 2545 0.0196268
Chain
	Aln	0	-SRR33939694.111590/1 15 3068 3540 +edge_1_0_+disjointig_1_0_47382 21663 24649 47382 -1 -1 2545 0.0196268
Chain
	Aln	2	+SRR33939694.111815/1 120 1313 1317 +edge_2_0_+disjointig_2_0_44285 6711 7903 44285 -1 -1 1020 0.0165052
Chain
	Aln	3	-SRR33939694.111815/1 3 1196 1317 -edge_2_0_+disjointig_2_0_44285 36381 37573 44285 -1 -1 1020 0.0165052
Chain
	Aln	3	+SRR33939694.111835/1 127 1563 1619 -edge_2_0_+disjointig_2_0_44285 42824 44243 44285 -1 -1 1164 0.0242678
Chain
	Aln	2	-SRR33939694.111835/1 55 1491 1619 +edge_2_0_+disjointig_2_0_44285 41 1460 44285 -1 -1 1164 0.0242678
Chain
	Aln	3	+SRR33939694.111890/1 151 2052 2059 -edge_2_0_+disjointig_2_0_44285 21391 23325 44285 -1 -1 1472 0.0273771
Chain
	Aln	2	-SRR33939694.111890/1 6 1907 2059 +edge_2_0_+disjointig_2_0_44285 20959 22893 44285 -1 -1 1472 0.0273771
Chain
	Aln	2	+SRR33939694.111320/1 117 7854 7862 +edge_2_0_+disjointig_2_0_44285 25384 33240 44285 -1 -1 5480 0.0337893
Chain
	Aln	3	-SRR33939694.111320/1 7 7744 7862 -edge_2_0_+disjointig_2_0_44285 11044 18900 44285 -1 -1 5480 0.0337893
Chain
	Aln	2	+SRR33939694.111974/1 127 1212 1222 +edge_2_0_+disjointig_2_0_44285 21969 23059 44285 -1 -1 845 0.0281163
Chain
	Aln	3	-SRR33939694.111974/1 9 1094 1222 -edge_2_0_+disjointig_2_0_44285 21225 22315 44285 -1 -1 845 0.0281163
Chain
	Aln	3	+SRR33939694.111972/1 134 1563 1565 -edge_2_0_+disjointig_2_0_44285 1908 3338 44285 -1 -1 1064 0.030865
Chain
	Aln	2	-SRR33939694.111972/1 1 1430 1565 +edge_2_0_+disjointig_2_0_44285 40946 42376 44285 -1 -1 1064 0.030865
Chain
	Aln	3	+SRR33939694.112135/1 128 1169 1179 -edge_2_0_+disjointig_2_0_44285 13601 14640 44285 -1 -1 882 0.013737
Chain
	Aln	2	-SRR33939694.112135/1 9 1050 1179 +edge_2_0_+disjointig_2_0_44285 29644 30683 44285 -1 -1 882 0.013737
Chain
	Aln	3	+SRR33939694.112061/1 116 1528 1534 -edge_2_0_+disjointig_2_0_44285 3816 5251 44285 -1 -1 1018 0.0326184
Chain
	Aln	2	-SRR33939694.112061/1 5 1417 1534 +edge_2_0_+disjointig_2_0_44285 39033 40468 44285 -1 -1 1018 0.0326184
Chain
	Aln	2	+SRR33939694.112182/1 130 1200 1207 +edge_2_0_+disjointig_2_0_44285 9156 10230 44285 -1 -1 929 0.0192125
Chain
	Aln	3	-SRR33939694.112182/1 6 1076 1207 -edge_2_0_+disjointig_2_0_44285 34054 35128 44285 -1 -1 929 0.0192125
Chain
	Aln	3	+SRR33939694.112002/1 121 1968 1974 -edge_2_0_+disjointig_2_0_44285 17715 19566 44285 -1 -1 1199 0.038862
Chain
	Aln	2	-SRR33939694.112002/1 5 1852 1974 +edge_2_0_+disjointig_2_0_44285 24718 26569 44285 -1 -1 1199 0.038862
Chain
	Aln	3	+SRR33939694.112272/1 130 1386 1388 -edge_2_0_+disjointig_2_0_44285 23600 24861 44285 -1 -1 1074 0.0133178
Chain
	Aln	2	-SRR33939694.112272/1 1 1257 1388 +edge_2_0_+disjointig_2_0_44285 19423 20684 44285 -1 -1 1074 0.0133178
Chain
	Aln	2	+SRR33939694.112286/1 117 1250 1253 +edge_2_0_+disjointig_2_0_44285 6721 7845 44285 -1 -1 982 0.0131121
Chain
	Aln	3	-SRR33939694.112286/1 2 1135 1253 -edge_2_0_+disjointig_2_0_44285 36439 37563 44285 -1 -1 982 0.0131121
Chain
	Aln	2	+SRR33939694.112262/1 115 1161 1169 +edge_2_0_+disjointig_2_0_44285 19063 20102 44285 -1 -1 828 0.0233486
Chain
	Aln	3	-SRR33939694.112262/1 7 1053 1169 -edge_2_0_+disjointig_2_0_44285 24182 25221 44285 -1 -1 828 0.0233486
Chain
	Aln	1	+SRR33939694.112052/1 412 4703 4707 -edge_1_0_+disjointig_1_0_47382 33590 37899 47382 -1 -1 3822 0.0147782
Chain
	Aln	0	-SRR33939694.112052/1 3 4294 4707 +edge_1_0_+disjointig_1_0_47382 9482 13791 47382 -1 -1 3822 0.0147782
Chain
	Aln	1	+SRR33939694.112325/1 321 1592 1595 -edge_1_0_+disjointig_1_0_47382 34365 35634 47382 -1 -1 1064 0.0205904
Chain
	Aln	0	-SRR33939694.112325/1 2 1273 1595 +edge_1_0_+disjointig_1_0_47382 11747 13016 47382 -1 -1 1064 0.0205904
Chain
	Aln	2	+SRR33939694.112335/1 117 1117 1119 +edge_2_0_+disjointig_2_0_44285 9830 10839 44285 -1 -1 675 0.0369397
Chain
	Aln	3	-SRR33939694.112335/1 1 1001 1119 -edge_2_0_+disjointig_2_0_44285 33445 34454 44285 -1 -1 675 0.0369397
Chain
	Aln	2	+SRR33939694.112466/1 113 1897 1917 +edge_2_0_+disjointig_2_0_44285 31425 33221 44285 -1 -1 1493 0.0189109
Chain
	Aln	3	-SRR33939694.112466/1 19 1803 1917 -edge_2_0_+disjointig_2_0_44285 11063 12859 44285 -1 -1 1493 0.0189109
Chain
	Aln	3	+SRR33939694.112477/1 121 1592 1597 -edge_2_0_+disjointig_2_0_44285 41223 42691 44285 -1 -1 1339 0.0118149
Chain
	Aln	2	-SRR33939694.112477/1 4 1475 1597 +edge_2_0_+disjointig_2_0_44285 1593 3061 44285 -1 -1 1339 0.0118149
Chain
	Aln	2	+SRR33939694.112480/1 137 1352 1362 +edge_2_0_+disjointig_2_0_44285 40413 41636 44285 -1 -1 1016 0.0224358
Chain
	Aln	3	-SRR33939694.112480/1 9 1224 1362 -edge_2_0_+disjointig_2_0_44285 2648 3871 44285 -1 -1 1016 0.0224358
Chain
	Aln	3	+SRR33939694.112507/1 126 1334 1369 -edge_2_0_+disjointig_2_0_44285 20364 21576 44285 -1 -1 996 0.0275883
Chain
	Aln	2	-SRR33939694.112507/1 34 1242 1369 +edge_2_0_+disjointig_2_0_44285 22708 23920 44285 -1 -1 996 0.0275883
Chain
	Aln	3	+SRR33939694.112525/1 124 1128 1152 -edge_2_0_+disjointig_2_0_44285 18450 19465 44285 -1 -1 790 0.0225053
Chain
	Aln	2	-SRR33939694.112525/1 23 1027 1152 +edge_2_0_+disjointig_2_0_44285 24819 25834 44285 -1 -1 790 0.0225053
Chain
	Aln	2	+SRR33939694.112698/1 114 1262 1271 +edge_2_0_+disjointig_2_0_44285 26169 27321 44285 -1 -1 1028 0.0173898
Chain
	Aln	3	-SRR33939694.112698/1 8 1156 1271 -edge_2_0_+disjointig_2_0_44285 16963 18115 44285 -1 -1 1028 0.0173898
Chain
	Aln	3	+SRR33939694.112779/1 123 1664 1677 -edge_2_0_+disjointig_2_0_44285 1632 3188 44285 -1 -1 1156 0.0286498
Chain
	Aln	2	-SRR33939694.112779/1 12 1553 1677 +edge_2_0_+disjointig_2_0_44285 41096 42652 44285 -1 -1 1156 0.0286498
Chain
	Aln	2	+SRR33939694.112765/1 121 1545 1547 +edge_2_0_+disjointig_2_0_44285 24623 26044 44285 -1 -1 1174 0.0217687
Chain
	Aln	3	-SRR33939694.112765/1 1 1425 1547 -edge_2_0_+disjointig_2_0_44285 18240 19661 44285 -1 -1 1174 0.0217687
Chain
	Aln	2	+SRR33939694.112825/1 104 2087 2114 +edge_2_0_+disjointig_2_0_44285 21728 23705 44285 -1 -1 1805 0.0120597
Chain
	Aln	3	-SRR33939694.112825/1 26 2009 2114 -edge_2_0_+disjointig_2_0_44285 20579 22556 44285 -1 -1 1805 0.0120597
Chain
	Aln	3	+SRR33939694.112870/1 118 1795 1816 -edge_2_0_+disjointig_2_0_44285 1345 3048 44285 -1 -1 1455 0.0131145
Chain
	Aln	2	-SRR33939694.112870/1 20 1697 1816 +edge_2_0_+disjointig_2_0_44285 41236 42939 44285 -1 -1 1455 0.0131145
Chain
	Aln	3	+SRR33939694.112999/1 127 1133 1136 -edge_2_0_+disjointig_2_0_44285 42357 43363 44285 -1 -1 794 0.0253436
Chain
	Aln	2	-SRR33939694.112999/1 2 1008 1136 +edge_2_0_+disjointig_2_0_44285 921 1927 44285 -1 -1 794 0.0253436
Chain
	Aln	3	+SRR33939694.112883/1 123 1880 1885 -edge_2_0_+disjointig_2_0_44285 15812 17566 44285 -1 -1 1599 0.0110507
Chain
	Aln	2	-SRR33939694.112883/1 4 1761 1885 +edge_2_0_+disjointig_2_0_44285 26718 28472 44285 -1 -1 1599 0.0110507
Chain
	Aln	3	+SRR33939694.113039/1 118 1179 1188 -edge_2_0_+disjointig_2_0_44285 24193 25258 44285 -1 -1 994 0.00668625
Chain
	Aln	2	-SRR33939694.113039/1 8 1069 1188 +edge_2_0_+disjointig_2_0_44285 19026 20091 44285 -1 -1 994 0.00668625
Chain
	Aln	3	+SRR33939694.113055/1 134 1356 1361 -edge_2_0_+disjointig_2_0_44285 25362 26609 44285 -1 -1 929 0.0296907
Chain
	Aln	2	-SRR33939694.113055/1 4 1226 1361 +edge_2_0_+disjointig_2_0_44285 17675 18922 44285 -1 -1 929 0.0296907
Chain
	Aln	2	+SRR33939694.113142/1 123 1439 1453 +edge_2_0_+disjointig_2_0_44285 25267 26573 44285 -1 -1 940 0.0307502
Chain
	Aln	3	-SRR33939694.113142/1 13 1329 1453 -edge_2_0_+disjointig_2_0_44285 17711 19017 44285 -1 -1 940 0.0307502
Chain
	Aln	3	+SRR33939694.113183/1 143 1846 1853 -edge_2_0_+disjointig_2_0_44285 13247 14939 44285 -1 -1 1462 0.0206988
Chain
	Aln	2	-SRR33939694.113183/1 6 1709 1853 +edge_2_0_+disjointig_2_0_44285 29345 31037 44285 -1 -1 1462 0.0206988
Chain
	Aln	3	+SRR33939694.113274/1 145 1615 1621 -edge_2_0_+disjointig_2_0_44285 12860 14335 44285 -1 -1 1345 0.00909187
Chain
	Aln	2	-SRR33939694.113274/1 5 1475 1621 +edge_2_0_+disjointig_2_0_44285 29949 31424 44285 -1 -1 1345 0.00909187
Chain
	Aln	2	+SRR33939694.113364/1 112 1270 1281 +edge_2_0_+disjointig_2_0_44285 26061 27231 44285 -1 -1 767 0.0415898
Chain
	Aln	3	-SRR33939694.113364/1 10 1168 1281 -edge_2_0_+disjointig_2_0_44285 17053 18223 44285 -1 -1 767 0.0415898
Chain
	Aln	2	+SRR33939694.113279/1 116 1375 1391 +edge_2_0_+disjointig_2_0_44285 6785 8008 44285 -1 -1 710 0.0459024
Chain
	Aln	3	-SRR33939694.113279/1 15 1274 1391 -edge_2_0_+disjointig_2_0_44285 36276 37499 44285 -1 -1 710 0.0459024
Chain
	Aln	3	+SRR33939694.113427/1 116 1116 1122 -edge_2_0_+disjointig_2_0_44285 4988 6010 44285 -1 -1 685 0.0359191
Chain
	Aln	2	-SRR33939694.113427/1 5 1005 1122 +edge_2_0_+disjointig_2_0_44285 38274 39296 44285 -1 -1 685 0.0359191
Chain
	Aln	3	+SRR33939694.113422/1 117 1454 1462 -edge_2_0_+disjointig_2_0_44285 32501 33850 44285 -1 -1 1034 0.0255554
Chain
	Aln	2	-SRR33939694.113422/1 7 1344 1462 +edge_2_0_+disjointig_2_0_44285 10434 11783 44285 -1 -1 1034 0.0255554
Chain
	Aln	3	+SRR33939694.113443/1 117 1127 1145 -edge_2_0_+disjointig_2_0_44285 26700 27715 44285 -1 -1 877 0.0197688
Chain
	Aln	2	-SRR33939694.113443/1 17 1027 1145 +edge_2_0_+disjointig_2_0_44285 16569 17584 44285 -1 -1 877 0.0197688
Chain
	Aln	0	+SRR33939694.113185/1 403 3850 3855 +edge_1_0_+disjointig_1_0_47382 34950 38405 47382 -1 -1 2868 0.0204695
Chain
	Aln	1	-SRR33939694.113185/1 4 3451 3855 -edge_1_0_+disjointig_1_0_47382 8976 12431 47382 -1 -1 2868 0.0204695
Chain
	Aln	2	+SRR33939694.113483/1 144 1190 1198 +edge_2_0_+disjointig_2_0_44285 4349 5398 44285 -1 -1 804 0.0263411
Chain
	Aln	3	-SRR33939694.113483/1 7 1053 1198 -edge_2_0_+disjointig_2_0_44285 38886 39935 44285 -1 -1 804 0.0263411
Chain
	Aln	3	+SRR33939694.113541/1 134 1355 1363 -edge_2_0_+disjointig_2_0_44285 4896 6133 44285 -1 -1 946 0.0227197
Chain
	Aln	2	-SRR33939694.113541/1 7 1228 1363 +edge_2_0_+disjointig_2_0_44285 38151 39388 44285 -1 -1 946 0.0227197
Chain
	Aln	0	+SRR33939694.113520/1 236 2158 2161 +edge_1_0_+disjointig_1_0_47382 505 2440 47382 -1 -1 1637 0.0203904
Chain
	Aln	1	-SRR33939694.113520/1 2 1924 2161 -edge_1_0_+disjointig_1_0_47382 44941 46876 47382 -1 -1 1637 0.0203904
Chain
	Aln	2	+SRR33939694.113523/1 114 2068 2076 +edge_2_0_+disjointig_2_0_44285 24224 26176 44285 -1 -1 1556 0.02462
Chain
	Aln	3	-SRR33939694.113523/1 7 1961 2076 -edge_2_0_+disjointig_2_0_44285 18108 20060 44285 -1 -1 1556 0.02462
Chain
	Aln	2	+SRR33939694.113613/1 118 1483 1487 +edge_2_0_+disjointig_2_0_44285 3518 4896 44285 -1 -1 962 0.0395639
Chain
	Aln	3	-SRR33939694.113613/1 3 1368 1487 -edge_2_0_+disjointig_2_0_44285 39388 40766 44285 -1 -1 962 0.0395639
Chain
	Aln	3	+SRR33939694.113734/1 143 1168 1175 -edge_2_0_+disjointig_2_0_44285 30330 31371 44285 -1 -1 879 0.021704
Chain
	Aln	2	-SRR33939694.113734/1 6 1031 1175 +edge_2_0_+disjointig_2_0_44285 12913 13954 44285 -1 -1 879 0.021704
Chain
	Aln	2	+SRR33939694.113731/1 141 1319 1358 +edge_2_0_+disjointig_2_0_44285 34747 35937 44285 -1 -1 801 0.0372355
Chain
	Aln	3	-SRR33939694.113731/1 38 1216 1358 -edge_2_0_+disjointig_2_0_44285 8347 9537 44285 -1 -1 801 0.0372355
Chain
	Aln	3	+SRR33939694.113730/1 138 1172 1180 -edge_2_0_+disjointig_2_0_44285 27258 28290 44285 -1 -1 757 0.0305247
Chain
	Aln	2	-SRR33939694.113730/1 7 1041 1180 +edge_2_0_+disjointig_2_0_44285 15994 17026 44285 -1 -1 757 0.0305247
Chain
	Aln	3	+SRR33939694.113623/1 121 1583 1601 -edge_2_0_+disjointig_2_0_44285 32411 33881 44285 -1 -1 1155 0.0284294
Chain
	Aln	2	-SRR33939694.113623/1 17 1479 1601 +edge_2_0_+disjointig_2_0_44285 10403 11873 44285 -1 -1 1155 0.0284294
Chain
	Aln	0	+SRR33939694.113779/1 255 1870 1879 +edge_1_0_+disjointig_1_0_47382 4749 6390 47382 -1 -1 1291 0.0266038
Chain
	Aln	1	-SRR33939694.113779/1 8 1623 1879 -edge_1_0_+disjointig_1_0_47382 40991 42632 47382 -1 -1 1291 0.0266038
Chain
	Aln	2	+SRR33939694.113853/1 140 1348 1351 +edge_2_0_+disjointig_2_0_44285 37522 38731 44285 -1 -1 757 0.037658
Chain
	Aln	3	-SRR33939694.113853/1 2 1210 1351 -edge_2_0_+disjointig_2_0_44285 5553 6762 44285 -1 -1 757 0.037658
Chain
	Aln	3	+SRR33939694.113916/1 115 1322 1330 -edge_2_0_+disjointig_2_0_44285 32880 34090 44285 -1 -1 770 0.041368
Chain
	Aln	2	-SRR33939694.113916/1 7 1214 1330 +edge_2_0_+disjointig_2_0_44285 10194 11404 44285 -1 -1 770 0.041368
Chain
	Aln	2	+SRR33939694.113948/1 113 1118 1125 +edge_2_0_+disjointig_2_0_44285 38305 39311 44285 -1 -1 821 0.0192449
Chain
	Aln	3	-SRR33939694.113948/1 6 1011 1125 -edge_2_0_+disjointig_2_0_44285 4973 5979 44285 -1 -1 821 0.0192449
Chain
	Aln	2	+SRR33939694.113927/1 99 1412 1417 +edge_2_0_+disjointig_2_0_44285 31788 33113 44285 -1 -1 1147 0.0191965
Chain
	Aln	3	-SRR33939694.113927/1 4 1317 1417 -edge_2_0_+disjointig_2_0_44285 11171 12496 44285 -1 -1 1147 0.0191965
Chain
	Aln	3	+SRR33939694.114028/1 106 1187 1198 -edge_2_0_+disjointig_2_0_44285 18196 19299 44285 -1 -1 694 0.0433923
Chain
	Aln	2	-SRR33939694.114028/1 10 1091 1198 +edge_2_0_+disjointig_2_0_44285 24985 26088 44285 -1 -1 694 0.0433923
Chain
	Aln	3	+SRR33939694.114021/1 122 1412 1421 -edge_2_0_+disjointig_2_0_44285 27722 29014 44285 -1 -1 859 0.0376408
Chain
	Aln	2	-SRR33939694.114021/1 8 1298 1421 +edge_2_0_+disjointig_2_0_44285 15270 16562 44285 -1 -1 859 0.0376408
Chain
	Aln	3	+SRR33939694.114024/1 117 1260 1266 -edge_2_0_+disjointig_2_0_44285 28332 29481 44285 -1 -1 937 0.0215377
Chain
	Aln	2	-SRR33939694.114024/1 5 1148 1266 +edge_2_0_+disjointig_2_0_44285 14803 15952 44285 -1 -1 937 0.0215377
Chain
	Aln	3	+SRR33939694.114000/1 134 2387 2390 -edge_2_0_+disjointig_2_0_44285 33809 36066 44285 -1 -1 1743 0.0251196
Chain
	Aln	2	-SRR33939694.114000/1 2 2255 2390 +edge_2_0_+disjointig_2_0_44285 8218 10475 44285 -1 -1 1743 0.0251196
Chain
	Aln	3	+SRR33939694.113990/1 115 3042 3045 -edge_2_0_+disjointig_2_0_44285 3978 6896 44285 -1 -1 2187 0.0301629
Chain
	Aln	2	-SRR33939694.113990/1 2 2929 3045 +edge_2_0_+disjointig_2_0_44285 37388 40306 44285 -1 -1 2187 0.0301629
Chain
	Aln	2	+SRR33939694.114079/1 112 1305 1312 +edge_2_0_+disjointig_2_0_44285 39772 40970 44285 -1 -1 1143 0.0050776
Chain
	Aln	3	-SRR33939694.114079/1 6 1199 1312 -edge_2_0_+disjointig_2_0_44285 3314 4512 44285 -1 -1 1143 0.0050776
Chain
	Aln	3	+SRR33939694.114238/1 123 1289 1324 -edge_2_0_+disjointig_2_0_44285 36171 37309 44285 -1 -1 915 0.0208009
Chain
	Aln	2	-SRR33939694.114238/1 34 1200 1324 +edge_2_0_+disjointig_2_0_44285 6975 8113 44285 -1 -1 915 0.0208009
Chain
	Aln	1	+SRR33939694.114174/1 208 1624 1635 -edge_1_0_+disjointig_1_0_47382 2461 3881 47382 -1 -1 1207 0.0209496
Chain
	Aln	0	-SRR33939694.114174/1 10 1426 1635 +edge_1_0_+disjointig_1_0_47382 43500 44920 47382 -1 -1 1207 0.0209496
Chain
	Aln	3	+SRR33939694.114325/1 114 1252 1259 -edge_2_0_+disjointig_2_0_44285 12936 14083 44285 -1 -1 1024 0.00937349
Chain
	Aln	2	-SRR33939694.114325/1 6 1144 1259 +edge_2_0_+disjointig_2_0_44285 30201 31348 44285 -1 -1 1024 0.00937349
Chain
	Aln	3	+SRR33939694.114316/1 117 1196 1217 -edge_2_0_+disjointig_2_0_44285 20425 21505 44285 -1 -1 766 0.0385865
Chain
	Aln	2	-SRR33939694.114316/1 20 1099 1217 +edge_2_0_+disjointig_2_0_44285 22779 23859 44285 -1 -1 766 0.0385865
Chain
	Aln	3	+SRR33939694.114356/1 141 1466 1471 -edge_2_0_+disjointig_2_0_44285 20939 22296 44285 -1 -1 968 0.0342356
Chain
	Aln	2	-SRR33939694.114356/1 4 1329 1471 +edge_2_0_+disjointig_2_0_44285 21988 23345 44285 -1 -1 968 0.0342356
Chain
	Aln	3	+SRR33939694.114369/1 122 1982 1992 -edge_2_0_+disjointig_2_0_44285 28048 29918 44285 -1 -1 1574 0.0207916
Chain
	Aln	2	-SRR33939694.114369/1 9 1869 1992 +edge_2_0_+disjointig_2_0_44285 14366 16236 44285 -1 -1 1574 0.0207916
Chain
	Aln	3	+SRR33939694.114379/1 135 1422 1432 -edge_2_0_+disjointig_2_0_44285 32333 33634 44285 -1 -1 819 0.0445639
Chain
	Aln	2	-SRR33939694.114379/1 9 1296 1432 +edge_2_0_+disjointig_2_0_44285 10650 11951 44285 -1 -1 819 0.0445639
Chain
	Aln	3	+SRR33939694.114381/1 140 1321 1326 -edge_2_0_+disjointig_2_0_44285 29724 30927 44285 -1 -1 780 0.0466872
Chain
	Aln	2	-SRR33939694.114381/1 4 1185 1326 +edge_2_0_+disjointig_2_0_44285 13357 14560 44285 -1 -1 780 0.0466872
Chain
	Aln	1	+SRR33939694.113892/1 208 5626 5629 -edge_1_0_+disjointig_1_0_47382 41946 47379 47382 -1 -1 4284 0.0254051
Chain
	Aln	0	-SRR33939694.113892/1 2 5420 5629 +edge_1_0_+disjointig_1_0_47382 2 5435 47382 -1 -1 4284 0.0254051
Chain
	Aln	3	+SRR33939694.114440/1 118 1196 1201 -edge_2_0_+disjointig_2_0_44285 40934 41998 44285 -1 -1 800 0.0284294
Chain
	Aln	2	-SRR33939694.114440/1 4 1082 1201 +edge_2_0_+disjointig_2_0_44285 2286 3350 44285 -1 -1 800 0.0284294
Chain
	Aln	3	+SRR33939694.114491/1 119 1142 1153 -edge_2_0_+disjointig_2_0_44285 23919 24948 44285 -1 -1 917 0.0122759
Chain
	Aln	2	-SRR33939694.114491/1 10 1033 1153 +edge_2_0_+disjointig_2_0_44285 19336 20365 44285 -1 -1 917 0.0122759
Chain
	Aln	1	+SRR33939694.114386/1 414 3263 3275 -edge_1_0_+disjointig_1_0_47382 8579 11428 47382 -1 -1 2287 0.0178186
Chain
	Aln	0	-SRR33939694.114386/1 11 2860 3275 +edge_1_0_+disjointig_1_0_47382 35953 38802 47382 -1 -1 2287 0.0178186
Chain
	Aln	3	+SRR33939694.114502/1 124 1388 1392 -edge_2_0_+disjointig_2_0_44285 11014 12287 44285 -1 -1 1136 0.0196101
Chain
	Aln	2	-SRR33939694.114502/1 3 1267 1392 +edge_2_0_+disjointig_2_0_44285 31997 33270 44285 -1 -1 1136 0.0196101
Chain
	Aln	3	+SRR33939694.114565/1 119 1142 1172 -edge_2_0_+disjointig_2_0_44285 35905 36916 44285 -1 -1 667 0.0365619
Chain
	Aln	2	-SRR33939694.114565/1 29 1052 1172 +edge_2_0_+disjointig_2_0_44285 7368 8379 44285 -1 -1 667 0.0365619
Chain
	Aln	3	+SRR33939694.114530/1 123 1250 1256 -edge_2_0_+disjointig_2_0_44285 10468 11603 44285 -1 -1 951 0.0250201
Chain
	Aln	2	-SRR33939694.114530/1 5 1132 1256 +edge_2_0_+disjointig_2_0_44285 32681 33816 44285 -1 -1 951 0.0250201
Chain
	Aln	3	+SRR33939694.114538/1 138 1294 1310 -edge_2_0_+disjointig_2_0_44285 14365 15531 44285 -1 -1 828 0.0345222
Chain
	Aln	2	-SRR33939694.114538/1 15 1171 1310 +edge_2_0_+disjointig_2_0_44285 28753 29919 44285 -1 -1 828 0.0345222
Chain
	Aln	2	+SRR33939694.114584/1 126 1353 1357 +edge_2_0_+disjointig_2_0_44285 30118 31356 44285 -1 -1 1016 0.021625
Chain
	Aln	3	-SRR33939694.114584/1 3 1230 1357 -edge_2_0_+disjointig_2_0_44285 12928 14166 44285 -1 -1 1016 0.021625
Chain
	Aln	2	+SRR33939694.114613/1 147 1147 1149 +edge_2_0_+disjointig_2_0_44285 32375 33375 44285 -1 -1 857 0.0202453
Chain
	Aln	3	-SRR33939694.114613/1 1 1001 1149 -edge_2_0_+disjointig_2_0_44285 10909 11909 44285 -1 -1 857 0.0202453
Chain
	Aln	3	+SRR33939694.114569/1 120 2549 2551 -edge_2_0_+disjointig_2_0_44285 32458 34888 44285 -1 -1 1997 0.0238176
Chain
	Aln	2	-SRR33939694.114569/1 1 2430 2551 +edge_2_0_+disjointig_2_0_44285 9396 11826 44285 -1 -1 1997 0.0238176
Chain
	Aln	1	+SRR33939694.114673/1 218 1887 1949 -edge_1_0_+disjointig_1_0_47382 7565 9243 47382 -1 -1 1303 0.0248981
Chain
	Aln	0	-SRR33939694.114673/1 61 1730 1949 +edge_1_0_+disjointig_1_0_47382 38138 39816 47382 -1 -1 1303 0.0248981
Chain
	Aln	3	+SRR33939694.114792/1 120 1205 1208 -edge_2_0_+disjointig_2_0_44285 17261 18342 44285 -1 -1 928 0.0169618
Chain
	Aln	2	-SRR33939694.114792/1 2 1087 1208 +edge_2_0_+disjointig_2_0_44285 25942 27023 44285 -1 -1 928 0.0169618
Chain
	Aln	2	+SRR33939694.114714/1 119 2126 2143 +edge_2_0_+disjointig_2_0_44285 16330 18355 44285 -1 -1 1607 0.0242579
Chain
	Aln	3	-SRR33939694.114714/1 16 2023 2143 -edge_2_0_+disjointig_2_0_44285 25929 27954 44285 -1 -1 1607 0.0242579
Chain
	Aln	3	+SRR33939694.114928/1 152 1409 1412 -edge_2_0_+disjointig_2_0_44285 23009 24267 44285 -1 -1 962 0.0293548
Chain
	Aln	2	-SRR33939694.114928/1 2 1259 1412 +edge_2_0_+disjointig_2_0_44285 20017 21275 44285 -1 -1 962 0.0293548
Chain
	Aln	3	+SRR33939694.114818/1 155 1564 1577 -edge_2_0_+disjointig_2_0_44285 26512 27940 44285 -1 -1 1125 0.0274416
Chain
	Aln	2	-SRR33939694.114818/1 12 1421 1577 +edge_2_0_+disjointig_2_0_44285 16344 17772 44285 -1 -1 1125 0.0274416
Chain
	Aln	3	+SRR33939694.115056/1 165 1211 1227 -edge_2_0_+disjointig_2_0_44285 22371 23439 44285 -1 -1 647 0.0446418
Chain
	Aln	2	-SRR33939694.115056/1 15 1061 1227 +edge_2_0_+disjointig_2_0_44285 20845 21913 44285 -1 -1 647 0.0446418
Chain
	Aln	3	+SRR33939694.114300/1 131 9895 9904 -edge_2_0_+disjointig_2_0_44285 5140 14939 44285 -1 -1 7096 0.0343839
Chain
	Aln	2	-SRR33939694.114300/1 8 9772 9904 +edge_2_0_+disjointig_2_0_44285 29345 39144 44285 -1 -1 7096 0.0343839
Chain
	Aln	3	+SRR33939694.115057/1 114 1395 1431 -edge_2_0_+disjointig_2_0_44285 24557 25837 44285 -1 -1 1048 0.0210514
Chain
	Aln	2	-SRR33939694.115057/1 35 1316 1431 +edge_2_0_+disjointig_2_0_44285 18447 19727 44285 -1 -1 1048 0.0210514
Chain
	Aln	2	+SRR33939694.114962/1 126 1618 1621 +edge_2_0_+disjointig_2_0_44285 11660 13164 44285 -1 -1 1095 0.0330738
Chain
	Aln	3	-SRR33939694.114962/1 2 1494 1621 -edge_2_0_+disjointig_2_0_44285 31120 32624 44285 -1 -1 1095 0.0330738
Chain
	Aln	3	+SRR33939694.115073/1 140 1395 1413 -edge_2_0_+disjointig_2_0_44285 36191 37455 44285 -1 -1 950 0.0313523
Chain
	Aln	2	-SRR33939694.115073/1 17 1272 1413 +edge_2_0_+disjointig_2_0_44285 6829 8093 44285 -1 -1 950 0.0313523
Chain
	Aln	2	+SRR33939694.115086/1 142 1239 1252 +edge_2_0_+disjointig_2_0_44285 36897 38006 44285 -1 -1 851 0.0291328
Chain
	Aln	3	-SRR33939694.115086/1 12 1109 1252 -edge_2_0_+disjointig_2_0_44285 6278 7387 44285 -1 -1 851 0.0291328
Chain
	Aln	3	+SRR33939694.115122/1 121 1412 1418 -edge_2_0_+disjointig_2_0_44285 20257 21550 44285 -1 -1 1131 0.0184385
Chain
	Aln	2	-SRR33939694.115122/1 5 1296 1418 +edge_2_0_+disjointig_2_0_44285 22734 24027 44285 -1 -1 1131 0.0184385
Chain
	Aln	2	+SRR33939694.115131/1 116 1144 1151 +edge_2_0_+disjointig_2_0_44285 17509 18554 44285 -1 -1 603 0.061371
Chain
	Aln	3	-SRR33939694.115131/1 6 1034 1151 -edge_2_0_+disjointig_2_0_44285 25730 26775 44285 -1 -1 603 0.061371
Chain
	Aln	2	+SRR33939694.115165/1 122 1181 1190 +edge_2_0_+disjointig_2_0_44285 18639 19698 44285 -1 -1 913 0.00985635
Chain
	Aln	3	-SRR33939694.115165/1 8 1067 1190 -edge_2_0_+disjointig_2_0_44285 24586 25645 44285 -1 -1 913 0.00985635
Chain
	Aln	3	+SRR33939694.115209/1 131 1978 1981 -edge_2_0_+disjointig_2_0_44285 11882 13744 44285 -1 -1 1679 0.0149106
Chain
	Aln	2	-SRR33939694.115209/1 2 1849 1981 +edge_2_0_+disjointig_2_0_44285 30540 32402 44285 -1 -1 1679 0.0149106
Chain
	Aln	3	+SRR33939694.115245/1 125 1281 1286 -edge_2_0_+disjointig_2_0_44285 25680 26832 44285 -1 -1 908 0.0278677
Chain
	Aln	2	-SRR33939694.115245/1 4 1160 1286 +edge_2_0_+disjointig_2_0_44285 17452 18604 44285 -1 -1 908 0.0278677
Chain
	Aln	3	+SRR33939694.115333/1 163 1623 1630 -edge_2_0_+disjointig_2_0_44285 15439 16913 44285 -1 -1 1083 0.0300329
Chain
	Aln	2	-SRR33939694.115333/1 6 1466 1630 +edge_2_0_+disjointig_2_0_44285 27371 28845 44285 -1 -1 1083 0.0300329
Chain
	Aln	2	+SRR33939694.115223/1 128 1387 1408 +edge_2_0_+disjointig_2_0_44285 10101 11372 44285 -1 -1 894 0.0371531
Chain
	Aln	3	-SRR33939694.115223/1 20 1279 1408 -edge_2_0_+disjointig_2_0_44285 32912 34183 44285 -1 -1 894 0.0371531
Chain
	Aln	2	+SRR33939694.115141/1 120 2990 3030 +edge_2_0_+disjointig_2_0_44285 24306 27198 44285 -1 -1 2282 0.0289047
Chain
	Aln	3	-SRR33939694.115141/1 39 2909 3030 -edge_2_0_+disjointig_2_0_44285 17086 19978 44285 -1 -1 2282 0.0289047
Chain
	Aln	3	+SRR33939694.115350/1 120 1131 1149 -edge_2_0_+disjointig_2_0_44285 22280 23303 44285 -1 -1 828 0.0229671
Chain
	Aln	2	-SRR33939694.115350/1 17 1028 1149 +edge_2_0_+disjointig_2_0_44285 20981 22004 44285 -1 -1 828 0.0229671
Chain
	Aln	2	+SRR33939694.115362/1 113 1172 1190 +edge_2_0_+disjointig_2_0_44285 3861 4924 44285 -1 -1 851 0.019872
Chain
	Aln	3	-SRR33939694.115362/1 17 1076 1190 -edge_2_0_+disjointig_2_0_44285 39360 40423 44285 -1 -1 851 0.019872
Chain
	Aln	3	+SRR33939694.115476/1 129 1173 1175 -edge_2_0_+disjointig_2_0_44285 26929 27986 44285 -1 -1 807 0.0318188
Chain
	Aln	2	-SRR33939694.115476/1 1 1045 1175 +edge_2_0_+disjointig_2_0_44285 16298 17355 44285 -1 -1 807 0.0318188
Chain
	Aln	2	+SRR33939694.115404/1 124 1751 1753 +edge_2_0_+disjointig_2_0_44285 28808 30444 44285 -1 -1 1195 0.036902
Chain
	Aln	3	-SRR33939694.115404/1 1 1628 1753 -edge_2_0_+disjointig_2_0_44285 13840 15476 44285 -1 -1 1195 0.036902
Chain
	Aln	3	+SRR33939694.115474/1 123 1842 1846 -edge_2_0_+disjointig_2_0_44285 9561 11280 44285 -1 -1 1513 0.016582
Chain
	Aln	2	-SRR33939694.115474/1 3 1722 1846 +edge_2_0_+disjointig_2_0_44285 33004 34723 44285 -1 -1 1513 0.016582
Chain
	Aln	2	+SRR33939694.115612/1 130 1149 1161 +edge_2_0_+disjointig_2_0_44285 18588 19614 44285 -1 -1 911 0.0128833
Chain
	Aln	3	-SRR33939694.115612/1 11 1030 1161 -edge_2_0_+disjointig_2_0_44285 24670 25696 44285 -1 -1 911 0.0128833
Chain
	Aln	3	+SRR33939694.115630/1 166 1245 1284 -edge_2_0_+disjointig_2_0_44285 5577 6668 44285 -1 -1 758 0.034741
Chain
	Aln	2	-SRR33939694.115630/1 38 1117 1284 +edge_2_0_+disjointig_2_0_44285 37616 38707 44285 -1 -1 758 0.034741
Chain
	Aln	3	+SRR33939694.115599/1 119 1164 1199 -edge_2_0_+disjointig_2_0_44285 29100 30148 44285 -1 -1 832 0.0292516
Chain
	Aln	2	-SRR33939694.115599/1 34 1079 1199 +edge_2_0_+disjointig_2_0_44285 14136 15184 44285 -1 -1 832 0.0292516
Chain
	Aln	2	+SRR33939694.115637/1 122 1229 1233 +edge_2_0_+disjointig_2_0_44285 28324 29426 44285 -1 -1 813 0.0394652
Chain
	Aln	3	-SRR33939694.115637/1 3 1110 1233 -edge_2_0_+disjointig_2_0_44285 14858 15960 44285 -1 -1 813 0.0394652
Chain
	Aln	3	+SRR33939694.115558/1 130 1720 1727 -edge_2_0_+disjointig_2_0_44285 28217 29825 44285 -1 -1 1021 0.0417154
Chain
	Aln	2	-SRR33939694.115558/1 6 1596 1727 +edge_2_0_+disjointig_2_0_44285 14459 16067 44285 -1 -1 1021 0.0417154
Chain
	Aln	3	+SRR33939694.115538/1 256 2368 2403 -edge_2_0_+disjointig_2_0_44285 14709 16839 44285 -1 -1 1377 0.0407204
Chain
	Aln	2	-SRR33939694.115538/1 34 2146 2403 +edge_2_0_+disjointig_2_0_44285 27445 29575 44285 -1 -1 1377 0.0407204
Chain
	Aln	2	+SRR33939694.115638/1 119 1248 1261 +edge_2_0_+disjointig_2_0_44285 24410 25542 44285 -1 -1 1023 0.0127048
Chain
	Aln	3	-SRR33939694.115638/1 12 1141 1261 -edge_2_0_+disjointig_2_0_44285 18742 19874 44285 -1 -1 1023 0.0127048
Chain
	Aln	3	+SRR33939694.115728/1 127 1156 1172 -edge_2_0_+disjointig_2_0_44285 23746 24782 44285 -1 -1 815 0.0295972
Chain
	Aln	2	-SRR33939694.115728/1 15 1044 1172 +edge_2_0_+disjointig_2_0_44285 19502 20538 44285 -1 -1 815 0.0295972
Chain
	Aln	3	+SRR33939694.115742/1 117 1299 1309 -edge_2_0_+disjointig_2_0_44285 37095 38267 44285 -1 -1 897 0.0256892
Chain
	Aln	2	-SRR33939694.115742/1 9 1191 1309 +edge_2_0_+disjointig_2_0_44285 6017 7189 44285 -1 -1 897 0.0256892
Chain
	Aln	2	+SRR33939694.115750/1 120 1421 1430 +edge_2_0_+disjointig_2_0_44285 24006 25326 44285 -1 -1 1021 0.0250217
Chain
	Aln	3	-SRR33939694.115750/1 8 1309 1430 -edge_2_0_+disjointig_2_0_44285 18958 20278 44285 -1 -1 1021 0.0250217
Chain
	Aln	2	+SRR33939694.115824/1 120 1240 1247 +edge_2_0_+disjointig_2_0_44285 12934 14053 44285 -1 -1 976 0.020034
Chain
	Aln	3	-SRR33939694.115824/1 6 1126 1247 -edge_2_0_+disjointig_2_0_44285 30231 31350 44285 -1 -1 976 0.020034
Chain
	Aln	3	+SRR33939694.115804/1 136 1250 1254 -edge_2_0_+disjointig_2_0_44285 23972 25091 44285 -1 -1 1005 0.0134601
Chain
	Aln	2	-SRR33939694.115804/1 3 1117 1254 +edge_2_0_+disjointig_2_0_44285 19193 20312 44285 -1 -1 1005 0.0134601
Chain
	Aln	2	+SRR33939694.115762/1 182 1657 1679 +edge_2_0_+disjointig_2_0_44285 28466 29944 44285 -1 -1 1085 0.0371664
Chain
	Aln	3	-SRR33939694.115762/1 21 1496 1679 -edge_2_0_+disjointig_2_0_44285 14340 15818 44285 -1 -1 1085 0.0371664
Chain
	Aln	2	+SRR33939694.115895/1 203 1294 1301 +edge_2_0_+disjointig_2_0_44285 10020 11121 44285 -1 -1 774 0.0331767
Chain
	Aln	3	-SRR33939694.115895/1 6 1097 1301 -edge_2_0_+disjointig_2_0_44285 33163 34264 44285 -1 -1 774 0.0331767
Chain
	Aln	3	+SRR33939694.115851/1 158 1300 1306 -edge_2_0_+disjointig_2_0_44285 25189 26333 44285 -1 -1 962 0.0216883
Chain
	Aln	2	-SRR33939694.115851/1 5 1147 1306 +edge_2_0_+disjointig_2_0_44285 17951 19095 44285 -1 -1 962 0.0216883
Chain
	Aln	2	+SRR33939694.115829/1 121 1652 1660 +edge_2_0_+disjointig_2_0_44285 29994 31538 44285 -1 -1 1290 0.0211909
Chain
	Aln	3	-SRR33939694.115829/1 7 1538 1660 -edge_2_0_+disjointig_2_0_44285 12746 14290 44285 -1 -1 1290 0.0211909
Chain
	Aln	2	+SRR33939694.115948/1 111 1172 1182 +edge_2_0_+disjointig_2_0_44285 19721 20776 44285 -1 -1 894 0.0201891
Chain
	Aln	3	-SRR33939694.115948/1 9 1070 1182 -edge_2_0_+disjointig_2_0_44285 23508 24563 44285 -1 -1 894 0.0201891
Chain
	Aln	2	+SRR33939694.116030/1 133 1187 1216 +edge_2_0_+disjointig_2_0_44285 15247 16307 44285 -1 -1 900 0.018025
Chain
	Aln	3	-SRR33939694.116030/1 28 1082 1216 -edge_2_0_+disjointig_2_0_44285 27977 29037 44285 -1 -1 900 0.018025
Chain
	Aln	2	+SRR33939694.116020/1 112 1600 1620 +edge_2_0_+disjointig_2_0_44285 18662 20162 44285 -1 -1 1355 0.00957123
Chain
	Aln	3	-SRR33939694.116020/1 19 1507 1620 -edge_2_0_+disjointig_2_0_44285 24122 25622 44285 -1 -1 1355 0.00957123
Chain
	Aln	2	+SRR33939694.115950/1 142 1229 1362 +edge_2_0_+disjointig_2_0_44285 23529 24639 44285 -1 -1 663 0.0509231
Chain
	Aln	3	-SRR33939694.115950/1 132 1219 1362 -edge_2_0_+disjointig_2_0_44285 19645 20755 44285 -1 -1 663 0.0509231
